ISO-10303-21;
HEADER;
/* Generated by software containing ST-Developer
 * from STEP Tools, Inc. (www.steptools.com) 
 */

FILE_DESCRIPTION(
/* description */ (''),
/* implementation_level */ '2;1');

FILE_NAME(
/* name */ 'COAX 3.5.stp',
/* time_stamp */ '2026-02-17T21:22:12-03:00',
/* author */ ('Gir'),
/* organization */ (''),
/* preprocessor_version */ 'ST-DEVELOPER v20.1',
/* originating_system */ 'Autodesk Inventor 2026',
/* authorisation */ '');

FILE_SCHEMA (('AUTOMOTIVE_DESIGN { 1 0 10303 214 3 1 1 }'));
ENDSEC;

DATA;
#10=MECHANICAL_DESIGN_GEOMETRIC_PRESENTATION_REPRESENTATION('',(#13),#2294);
#11=SHAPE_REPRESENTATION_RELATIONSHIP('SRR','None',#2301,#12);
#12=ADVANCED_BREP_SHAPE_REPRESENTATION('',(#14),#2293);
#13=STYLED_ITEM('',(#2314),#14);
#14=MANIFOLD_SOLID_BREP('Solid23',#1198);
#15=ELLIPSE('',#1283,13.2400972433557,8.);
#16=ELLIPSE('',#1296,2.82374691420658,2.25);
#17=ELLIPSE('',#1300,13.2400972433557,8.);
#18=B_SPLINE_SURFACE_WITH_KNOTS('',3,3,((#1804,#1805,#1806,#1807,#1808,
#1809,#1810,#1811,#1812,#1813,#1814,#1815),(#1816,#1817,#1818,#1819,#1820,
#1821,#1822,#1823,#1824,#1825,#1826,#1827),(#1828,#1829,#1830,#1831,#1832,
#1833,#1834,#1835,#1836,#1837,#1838,#1839),(#1840,#1841,#1842,#1843,#1844,
#1845,#1846,#1847,#1848,#1849,#1850,#1851),(#1852,#1853,#1854,#1855,#1856,
#1857,#1858,#1859,#1860,#1861,#1862,#1863)),.UNSPECIFIED.,.F.,.F.,.F.,(4,
1,4),(4,1,1,1,1,1,1,2,4),(0.,0.571428571428571,1.),(0.,0.221226435644507,
0.331839653466761,0.442452871289014,0.553066089111268,0.663679306933522,
0.884905742578029,1.10613217822254,1.10757025398317),.UNSPECIFIED.);
#19=B_SPLINE_SURFACE_WITH_KNOTS('',3,3,((#1898,#1899,#1900,#1901,#1902,
#1903),(#1904,#1905,#1906,#1907,#1908,#1909),(#1910,#1911,#1912,#1913,#1914,
#1915),(#1916,#1917,#1918,#1919,#1920,#1921),(#1922,#1923,#1924,#1925,#1926,
#1927)),.UNSPECIFIED.,.F.,.F.,.F.,(4,1,4),(4,1,1,4),(0.,0.571428571428571,
1.),(0.201813597895547,0.422934233602614,0.570347990740658,0.717761747878702),
 .UNSPECIFIED.);
#20=B_SPLINE_SURFACE_WITH_KNOTS('',3,3,((#1949,#1950,#1951,#1952,#1953,
#1954),(#1955,#1956,#1957,#1958,#1959,#1960),(#1961,#1962,#1963,#1964,#1965,
#1966),(#1967,#1968,#1969,#1970,#1971,#1972),(#1973,#1974,#1975,#1976,#1977,
#1978)),.UNSPECIFIED.,.F.,.F.,.F.,(4,1,4),(4,1,1,4),(0.,0.571428571428571,
1.),(0.,0.11056279494525,0.2211255898905,0.515959709744499),
 .UNSPECIFIED.);
#21=B_SPLINE_SURFACE_WITH_KNOTS('',3,3,((#2016,#2017,#2018,#2019,#2020),
(#2021,#2022,#2023,#2024,#2025),(#2026,#2027,#2028,#2029,#2030),(#2031,
#2032,#2033,#2034,#2035),(#2036,#2037,#2038,#2039,#2040)),.UNSPECIFIED.,
 .F.,.F.,.F.,(4,1,4),(4,1,4),(0.,0.401181165292454,0.936089385682392),(0.,
0.241664099518991,0.563882898877645),.UNSPECIFIED.);
#22=B_SPLINE_CURVE_WITH_KNOTS('',3,(#1767,#1768,#1769,#1770,#1771,#1772,
#1773,#1774),.UNSPECIFIED.,.F.,.F.,(4,2,2,4),(0.,0.145270119748399,0.217905179622599,
0.236418631583453),.UNSPECIFIED.);
#23=B_SPLINE_CURVE_WITH_KNOTS('',3,(#1780,#1781,#1782,#1783,#1784,#1785,
#1786,#1787),.UNSPECIFIED.,.F.,.F.,(4,2,2,4),(1.43306869320736,1.45158214516822,
1.52421720504242,1.66948732479082),.UNSPECIFIED.);
#24=B_SPLINE_CURVE_WITH_KNOTS('',3,(#1866,#1867,#1868,#1869,#1870,#1871,
#1872,#1873,#1874,#1875,#1876,#1877),.UNSPECIFIED.,.F.,.F.,(4,1,1,1,1,1,
1,2,4),(0.,0.221226435644507,0.331839653466761,0.442452871289014,0.553066089111268,
0.663679306933522,0.884905742578029,1.10613217822254,1.10757025398317),
 .UNSPECIFIED.);
#25=B_SPLINE_CURVE_WITH_KNOTS('',3,(#1879,#1880,#1881,#1882,#1883,#1884,
#1885,#1886,#1887,#1888,#1889,#1890),.UNSPECIFIED.,.F.,.F.,(4,2,1,1,1,1,
1,1,4),(-1.10757025398317,-1.10613217822254,-0.884905742578029,-0.663679306933522,
-0.553066089111268,-0.442452871289014,-0.331839653466761,-0.221226435644507,
0.),.UNSPECIFIED.);
#26=B_SPLINE_CURVE_WITH_KNOTS('',3,(#1931,#1932,#1933,#1934,#1935,#1936),
 .UNSPECIFIED.,.F.,.F.,(4,1,1,4),(0.201813597895547,0.422934233602614,0.570347990740658,
0.717761747878702),.UNSPECIFIED.);
#27=B_SPLINE_CURVE_WITH_KNOTS('',3,(#1937,#1938,#1939,#1940,#1941,#1942),
 .UNSPECIFIED.,.F.,.F.,(4,1,1,4),(-0.717761747878702,-0.570347990740658,
-0.422934233602614,-0.201813597895547),.UNSPECIFIED.);
#28=B_SPLINE_CURVE_WITH_KNOTS('',3,(#1982,#1983,#1984,#1985,#1986,#1987),
 .UNSPECIFIED.,.F.,.F.,(4,1,1,4),(-0.515959709744499,-0.2211255898905,-0.11056279494525,
0.),.UNSPECIFIED.);
#29=B_SPLINE_CURVE_WITH_KNOTS('',3,(#1990,#1991,#1992,#1993,#1994,#1995),
 .UNSPECIFIED.,.F.,.F.,(4,1,1,4),(0.,0.11056279494525,0.2211255898905,0.515959709744499),
 .UNSPECIFIED.);
#30=B_SPLINE_CURVE_WITH_KNOTS('',3,(#2011,#2012,#2013,#2014),
 .UNSPECIFIED.,.F.,.F.,(4,4),(0.857065487427399,0.896406703755349),
 .UNSPECIFIED.);
#31=B_SPLINE_CURVE_WITH_KNOTS('',3,(#2042,#2043,#2044,#2045,#2046,#2047),
 .UNSPECIFIED.,.F.,.F.,(4,2,4),(0.,0.169652316738375,0.592186867495567),
 .UNSPECIFIED.);
#32=B_SPLINE_CURVE_WITH_KNOTS('',3,(#2048,#2049,#2050,#2051,#2052),
 .UNSPECIFIED.,.F.,.F.,(4,1,4),(0.,0.241664099518991,0.563882898877645),
 .UNSPECIFIED.);
#33=B_SPLINE_CURVE_WITH_KNOTS('',3,(#2074,#2075,#2076,#2077,#2078,#2079,
#2080,#2081,#2082,#2083),.UNSPECIFIED.,.F.,.F.,(4,2,2,2,4),(0.692555934981867,
0.778084014173597,0.863612093365326,0.953884200192289,1.04415630701925),
 .UNSPECIFIED.);
#34=B_SPLINE_CURVE_WITH_KNOTS('',3,(#2129,#2130,#2131,#2132,#2133,#2134,
#2135,#2136,#2137,#2138),.UNSPECIFIED.,.F.,.F.,(4,2,2,2,4),(0.340955562946242,
0.431227669772753,0.521499776599263,0.607027855790566,0.692555934981868),
 .UNSPECIFIED.);
#35=B_SPLINE_CURVE_WITH_KNOTS('',3,(#2143,#2144,#2145,#2146),
 .UNSPECIFIED.,.F.,.F.,(4,4),(0.232557904545308,0.256563162075355),
 .UNSPECIFIED.);
#36=TOROIDAL_SURFACE('',#1237,1.24999999999953,1.);
#37=TOROIDAL_SURFACE('',#1247,2.74999999999955,1.);
#38=TOROIDAL_SURFACE('',#1254,10.25,2.25);
#39=TOROIDAL_SURFACE('',#1259,4.5,2.25);
#40=TOROIDAL_SURFACE('',#1265,10.25,2.25);
#41=TOROIDAL_SURFACE('',#1268,4.5,2.25);
#42=TOROIDAL_SURFACE('',#1273,10.25,2.25);
#43=CYLINDRICAL_SURFACE('',#1232,3.);
#44=CYLINDRICAL_SURFACE('',#1234,1.);
#45=CYLINDRICAL_SURFACE('',#1241,1.);
#46=CYLINDRICAL_SURFACE('',#1243,1.);
#47=CYLINDRICAL_SURFACE('',#1245,1.);
#48=CYLINDRICAL_SURFACE('',#1251,2.24999999999953);
#49=CYLINDRICAL_SURFACE('',#1272,2.25);
#50=CYLINDRICAL_SURFACE('',#1275,2.25);
#51=CYLINDRICAL_SURFACE('',#1280,2.25);
#52=CYLINDRICAL_SURFACE('',#1282,8.);
#53=CYLINDRICAL_SURFACE('',#1285,8.);
#54=CYLINDRICAL_SURFACE('',#1287,2.25);
#55=CYLINDRICAL_SURFACE('',#1295,2.25);
#56=CYLINDRICAL_SURFACE('',#1297,8.);
#57=CYLINDRICAL_SURFACE('',#1317,2.);
#58=CYLINDRICAL_SURFACE('',#1318,2.);
#59=CYLINDRICAL_SURFACE('',#1325,2.);
#60=CYLINDRICAL_SURFACE('',#1327,3.75);
#61=CYLINDRICAL_SURFACE('',#1335,8.5);
#62=CYLINDRICAL_SURFACE('',#1337,0.800000000000002);
#63=CYLINDRICAL_SURFACE('',#1338,0.799999999999999);
#64=CYLINDRICAL_SURFACE('',#1339,8.5);
#65=CYLINDRICAL_SURFACE('',#1342,2.);
#66=CYLINDRICAL_SURFACE('',#1344,3.75);
#67=CYLINDRICAL_SURFACE('',#1346,3.5);
#68=CYLINDRICAL_SURFACE('',#1350,3.74999999999955);
#69=CYLINDRICAL_SURFACE('',#1351,2.25);
#70=FACE_BOUND('',#173,.T.);
#71=FACE_BOUND('',#176,.T.);
#72=FACE_BOUND('',#198,.T.);
#73=FACE_BOUND('',#206,.T.);
#74=FACE_BOUND('',#210,.T.);
#75=FACE_BOUND('',#213,.T.);
#76=FACE_BOUND('',#214,.T.);
#77=FACE_BOUND('',#216,.T.);
#78=FACE_BOUND('',#220,.T.);
#79=FACE_BOUND('',#227,.T.);
#80=FACE_BOUND('',#228,.T.);
#81=PLANE('',#1224);
#82=PLANE('',#1231);
#83=PLANE('',#1250);
#84=PLANE('',#1277);
#85=PLANE('',#1281);
#86=PLANE('',#1289);
#87=PLANE('',#1290);
#88=PLANE('',#1301);
#89=PLANE('',#1306);
#90=PLANE('',#1307);
#91=PLANE('',#1312);
#92=PLANE('',#1320);
#93=PLANE('',#1324);
#94=PLANE('',#1326);
#95=PLANE('',#1328);
#96=PLANE('',#1329);
#97=PLANE('',#1333);
#98=PLANE('',#1334);
#99=PLANE('',#1336);
#100=PLANE('',#1340);
#101=PLANE('',#1341);
#102=PLANE('',#1343);
#103=PLANE('',#1345);
#104=PLANE('',#1349);
#105=PLANE('',#1352);
#106=FACE_OUTER_BOUND('',#171,.T.);
#107=FACE_OUTER_BOUND('',#172,.T.);
#108=FACE_OUTER_BOUND('',#174,.T.);
#109=FACE_OUTER_BOUND('',#175,.T.);
#110=FACE_OUTER_BOUND('',#177,.T.);
#111=FACE_OUTER_BOUND('',#178,.T.);
#112=FACE_OUTER_BOUND('',#179,.T.);
#113=FACE_OUTER_BOUND('',#180,.T.);
#114=FACE_OUTER_BOUND('',#181,.T.);
#115=FACE_OUTER_BOUND('',#182,.T.);
#116=FACE_OUTER_BOUND('',#183,.T.);
#117=FACE_OUTER_BOUND('',#184,.T.);
#118=FACE_OUTER_BOUND('',#185,.T.);
#119=FACE_OUTER_BOUND('',#186,.T.);
#120=FACE_OUTER_BOUND('',#187,.T.);
#121=FACE_OUTER_BOUND('',#188,.T.);
#122=FACE_OUTER_BOUND('',#189,.T.);
#123=FACE_OUTER_BOUND('',#190,.T.);
#124=FACE_OUTER_BOUND('',#191,.T.);
#125=FACE_OUTER_BOUND('',#192,.T.);
#126=FACE_OUTER_BOUND('',#193,.T.);
#127=FACE_OUTER_BOUND('',#194,.T.);
#128=FACE_OUTER_BOUND('',#195,.T.);
#129=FACE_OUTER_BOUND('',#196,.T.);
#130=FACE_OUTER_BOUND('',#197,.T.);
#131=FACE_OUTER_BOUND('',#199,.T.);
#132=FACE_OUTER_BOUND('',#200,.T.);
#133=FACE_OUTER_BOUND('',#201,.T.);
#134=FACE_OUTER_BOUND('',#202,.T.);
#135=FACE_OUTER_BOUND('',#203,.T.);
#136=FACE_OUTER_BOUND('',#204,.T.);
#137=FACE_OUTER_BOUND('',#205,.T.);
#138=FACE_OUTER_BOUND('',#207,.T.);
#139=FACE_OUTER_BOUND('',#208,.T.);
#140=FACE_OUTER_BOUND('',#209,.T.);
#141=FACE_OUTER_BOUND('',#211,.T.);
#142=FACE_OUTER_BOUND('',#212,.T.);
#143=FACE_OUTER_BOUND('',#215,.T.);
#144=FACE_OUTER_BOUND('',#217,.T.);
#145=FACE_OUTER_BOUND('',#218,.T.);
#146=FACE_OUTER_BOUND('',#219,.T.);
#147=FACE_OUTER_BOUND('',#221,.T.);
#148=FACE_OUTER_BOUND('',#222,.T.);
#149=FACE_OUTER_BOUND('',#223,.T.);
#150=FACE_OUTER_BOUND('',#224,.T.);
#151=FACE_OUTER_BOUND('',#225,.T.);
#152=FACE_OUTER_BOUND('',#226,.T.);
#153=FACE_OUTER_BOUND('',#229,.T.);
#154=FACE_OUTER_BOUND('',#230,.T.);
#155=FACE_OUTER_BOUND('',#231,.T.);
#156=FACE_OUTER_BOUND('',#232,.T.);
#157=FACE_OUTER_BOUND('',#233,.T.);
#158=FACE_OUTER_BOUND('',#234,.T.);
#159=FACE_OUTER_BOUND('',#235,.T.);
#160=FACE_OUTER_BOUND('',#236,.T.);
#161=FACE_OUTER_BOUND('',#237,.T.);
#162=FACE_OUTER_BOUND('',#238,.T.);
#163=FACE_OUTER_BOUND('',#239,.T.);
#164=FACE_OUTER_BOUND('',#240,.T.);
#165=FACE_OUTER_BOUND('',#241,.T.);
#166=FACE_OUTER_BOUND('',#242,.T.);
#167=FACE_OUTER_BOUND('',#243,.T.);
#168=FACE_OUTER_BOUND('',#244,.T.);
#169=FACE_OUTER_BOUND('',#245,.T.);
#170=FACE_OUTER_BOUND('',#246,.T.);
#171=EDGE_LOOP('',(#781,#782,#783,#784));
#172=EDGE_LOOP('',(#785,#786,#787,#788,#789,#790,#791,#792));
#173=EDGE_LOOP('',(#793));
#174=EDGE_LOOP('',(#794,#795,#796,#797));
#175=EDGE_LOOP('',(#798));
#176=EDGE_LOOP('',(#799));
#177=EDGE_LOOP('',(#800,#801,#802,#803));
#178=EDGE_LOOP('',(#804,#805,#806,#807));
#179=EDGE_LOOP('',(#808,#809,#810,#811));
#180=EDGE_LOOP('',(#812,#813,#814,#815));
#181=EDGE_LOOP('',(#816,#817,#818,#819));
#182=EDGE_LOOP('',(#820,#821,#822,#823));
#183=EDGE_LOOP('',(#824,#825,#826,#827));
#184=EDGE_LOOP('',(#828,#829,#830,#831,#832));
#185=EDGE_LOOP('',(#833,#834,#835,#836));
#186=EDGE_LOOP('',(#837,#838,#839));
#187=EDGE_LOOP('',(#840,#841,#842,#843));
#188=EDGE_LOOP('',(#844,#845,#846,#847));
#189=EDGE_LOOP('',(#848,#849,#850,#851));
#190=EDGE_LOOP('',(#852,#853,#854,#855));
#191=EDGE_LOOP('',(#856,#857,#858,#859));
#192=EDGE_LOOP('',(#860,#861,#862,#863));
#193=EDGE_LOOP('',(#864,#865,#866,#867));
#194=EDGE_LOOP('',(#868,#869,#870,#871));
#195=EDGE_LOOP('',(#872,#873,#874));
#196=EDGE_LOOP('',(#875,#876,#877,#878,#879));
#197=EDGE_LOOP('',(#880,#881,#882,#883,#884,#885,#886));
#198=EDGE_LOOP('',(#887));
#199=EDGE_LOOP('',(#888,#889,#890,#891));
#200=EDGE_LOOP('',(#892,#893,#894,#895,#896,#897,#898,#899));
#201=EDGE_LOOP('',(#900,#901,#902,#903,#904));
#202=EDGE_LOOP('',(#905,#906,#907,#908,#909,#910));
#203=EDGE_LOOP('',(#911,#912,#913,#914,#915));
#204=EDGE_LOOP('',(#916,#917,#918,#919));
#205=EDGE_LOOP('',(#920,#921,#922,#923,#924,#925,#926,#927,#928,#929,#930));
#206=EDGE_LOOP('',(#931));
#207=EDGE_LOOP('',(#932,#933,#934,#935,#936));
#208=EDGE_LOOP('',(#937,#938,#939,#940,#941,#942));
#209=EDGE_LOOP('',(#943,#944,#945,#946,#947,#948,#949));
#210=EDGE_LOOP('',(#950));
#211=EDGE_LOOP('',(#951,#952,#953,#954,#955,#956,#957,#958));
#212=EDGE_LOOP('',(#959,#960,#961,#962,#963,#964,#965,#966,#967,#968,#969,
#970,#971,#972,#973,#974));
#213=EDGE_LOOP('',(#975));
#214=EDGE_LOOP('',(#976));
#215=EDGE_LOOP('',(#977,#978,#979,#980,#981,#982,#983,#984,#985));
#216=EDGE_LOOP('',(#986));
#217=EDGE_LOOP('',(#987,#988,#989,#990));
#218=EDGE_LOOP('',(#991,#992,#993,#994));
#219=EDGE_LOOP('',(#995,#996,#997,#998,#999,#1000,#1001,#1002,#1003));
#220=EDGE_LOOP('',(#1004,#1005,#1006,#1007));
#221=EDGE_LOOP('',(#1008,#1009,#1010,#1011));
#222=EDGE_LOOP('',(#1012,#1013,#1014,#1015));
#223=EDGE_LOOP('',(#1016,#1017,#1018,#1019));
#224=EDGE_LOOP('',(#1020,#1021,#1022,#1023,#1024));
#225=EDGE_LOOP('',(#1025,#1026,#1027,#1028));
#226=EDGE_LOOP('',(#1029,#1030,#1031,#1032,#1033,#1034,#1035,#1036,#1037,
#1038));
#227=EDGE_LOOP('',(#1039));
#228=EDGE_LOOP('',(#1040));
#229=EDGE_LOOP('',(#1041,#1042,#1043,#1044));
#230=EDGE_LOOP('',(#1045,#1046,#1047,#1048));
#231=EDGE_LOOP('',(#1049,#1050,#1051,#1052,#1053,#1054,#1055,#1056,#1057,
#1058));
#232=EDGE_LOOP('',(#1059,#1060,#1061,#1062));
#233=EDGE_LOOP('',(#1063,#1064,#1065,#1066));
#234=EDGE_LOOP('',(#1067,#1068,#1069,#1070));
#235=EDGE_LOOP('',(#1071,#1072,#1073,#1074));
#236=EDGE_LOOP('',(#1075,#1076,#1077,#1078,#1079,#1080));
#237=EDGE_LOOP('',(#1081,#1082,#1083,#1084));
#238=EDGE_LOOP('',(#1085,#1086,#1087,#1088));
#239=EDGE_LOOP('',(#1089,#1090,#1091,#1092));
#240=EDGE_LOOP('',(#1093,#1094,#1095,#1096));
#241=EDGE_LOOP('',(#1097,#1098,#1099,#1100,#1101,#1102,#1103,#1104));
#242=EDGE_LOOP('',(#1105,#1106,#1107,#1108,#1109,#1110,#1111,#1112));
#243=EDGE_LOOP('',(#1113,#1114,#1115,#1116,#1117));
#244=EDGE_LOOP('',(#1118,#1119,#1120,#1121));
#245=EDGE_LOOP('',(#1122,#1123,#1124,#1125));
#246=EDGE_LOOP('',(#1126,#1127,#1128,#1129,#1130));
#247=LINE('',#1714,#337);
#248=LINE('',#1721,#338);
#249=LINE('',#1723,#339);
#250=LINE('',#1725,#340);
#251=LINE('',#1727,#341);
#252=LINE('',#1731,#342);
#253=LINE('',#1737,#343);
#254=LINE('',#1743,#344);
#255=LINE('',#1749,#345);
#256=LINE('',#1752,#346);
#257=LINE('',#1763,#347);
#258=LINE('',#1764,#348);
#259=LINE('',#1776,#349);
#260=LINE('',#1790,#350);
#261=LINE('',#1796,#351);
#262=LINE('',#1798,#352);
#263=LINE('',#1799,#353);
#264=LINE('',#1802,#354);
#265=LINE('',#2007,#355);
#266=LINE('',#2008,#356);
#267=LINE('',#2055,#357);
#268=LINE('',#2058,#358);
#269=LINE('',#2061,#359);
#270=LINE('',#2065,#360);
#271=LINE('',#2067,#361);
#272=LINE('',#2068,#362);
#273=LINE('',#2073,#363);
#274=LINE('',#2086,#364);
#275=LINE('',#2088,#365);
#276=LINE('',#2090,#366);
#277=LINE('',#2092,#367);
#278=LINE('',#2093,#368);
#279=LINE('',#2101,#369);
#280=LINE('',#2104,#370);
#281=LINE('',#2107,#371);
#282=LINE('',#2110,#372);
#283=LINE('',#2114,#373);
#284=LINE('',#2118,#374);
#285=LINE('',#2122,#375);
#286=LINE('',#2124,#376);
#287=LINE('',#2125,#377);
#288=LINE('',#2148,#378);
#289=LINE('',#2157,#379);
#290=LINE('',#2161,#380);
#291=LINE('',#2164,#381);
#292=LINE('',#2169,#382);
#293=LINE('',#2171,#383);
#294=LINE('',#2172,#384);
#295=LINE('',#2178,#385);
#296=LINE('',#2179,#386);
#297=LINE('',#2181,#387);
#298=LINE('',#2183,#388);
#299=LINE('',#2187,#389);
#300=LINE('',#2188,#390);
#301=LINE('',#2190,#391);
#302=LINE('',#2191,#392);
#303=LINE('',#2200,#393);
#304=LINE('',#2204,#394);
#305=LINE('',#2208,#395);
#306=LINE('',#2210,#396);
#307=LINE('',#2211,#397);
#308=LINE('',#2215,#398);
#309=LINE('',#2219,#399);
#310=LINE('',#2222,#400);
#311=LINE('',#2224,#401);
#312=LINE('',#2226,#402);
#313=LINE('',#2230,#403);
#314=LINE('',#2233,#404);
#315=LINE('',#2235,#405);
#316=LINE('',#2238,#406);
#317=LINE('',#2240,#407);
#318=LINE('',#2242,#408);
#319=LINE('',#2244,#409);
#320=LINE('',#2246,#410);
#321=LINE('',#2248,#411);
#322=LINE('',#2252,#412);
#323=LINE('',#2257,#413);
#324=LINE('',#2259,#414);
#325=LINE('',#2261,#415);
#326=LINE('',#2262,#416);
#327=LINE('',#2265,#417);
#328=LINE('',#2267,#418);
#329=LINE('',#2269,#419);
#330=LINE('',#2272,#420);
#331=LINE('',#2274,#421);
#332=LINE('',#2276,#422);
#333=LINE('',#2278,#423);
#334=LINE('',#2284,#424);
#335=LINE('',#2286,#425);
#336=LINE('',#2289,#426);
#337=VECTOR('',#1359,3.75);
#338=VECTOR('',#1366,10.);
#339=VECTOR('',#1367,10.);
#340=VECTOR('',#1368,10.);
#341=VECTOR('',#1369,10.);
#342=VECTOR('',#1372,10.);
#343=VECTOR('',#1379,3.125);
#344=VECTOR('',#1388,3.);
#345=VECTOR('',#1393,10.);
#346=VECTOR('',#1396,10.);
#347=VECTOR('',#1409,10.);
#348=VECTOR('',#1410,10.);
#349=VECTOR('',#1413,10.);
#350=VECTOR('',#1420,10.);
#351=VECTOR('',#1429,10.);
#352=VECTOR('',#1430,10.);
#353=VECTOR('',#1431,10.);
#354=VECTOR('',#1434,10.);
#355=VECTOR('',#1477,10.);
#356=VECTOR('',#1478,10.);
#357=VECTOR('',#1485,10.);
#358=VECTOR('',#1488,10.);
#359=VECTOR('',#1491,10.);
#360=VECTOR('',#1494,10.);
#361=VECTOR('',#1495,10.);
#362=VECTOR('',#1496,10.);
#363=VECTOR('',#1501,10.);
#364=VECTOR('',#1504,10.);
#365=VECTOR('',#1505,10.);
#366=VECTOR('',#1506,10.);
#367=VECTOR('',#1507,10.);
#368=VECTOR('',#1508,10.);
#369=VECTOR('',#1519,10.);
#370=VECTOR('',#1522,10.);
#371=VECTOR('',#1527,10.);
#372=VECTOR('',#1530,10.);
#373=VECTOR('',#1533,10.);
#374=VECTOR('',#1536,10.);
#375=VECTOR('',#1539,10.);
#376=VECTOR('',#1540,10.);
#377=VECTOR('',#1541,10.);
#378=VECTOR('',#1550,10.);
#379=VECTOR('',#1561,10.);
#380=VECTOR('',#1564,10.);
#381=VECTOR('',#1567,10.);
#382=VECTOR('',#1572,10.);
#383=VECTOR('',#1573,10.);
#384=VECTOR('',#1574,10.);
#385=VECTOR('',#1579,10.);
#386=VECTOR('',#1580,10.);
#387=VECTOR('',#1581,10.);
#388=VECTOR('',#1582,10.);
#389=VECTOR('',#1585,10.);
#390=VECTOR('',#1586,10.);
#391=VECTOR('',#1587,10.);
#392=VECTOR('',#1588,10.);
#393=VECTOR('',#1597,10.);
#394=VECTOR('',#1600,10.);
#395=VECTOR('',#1603,10.);
#396=VECTOR('',#1604,10.);
#397=VECTOR('',#1605,10.);
#398=VECTOR('',#1610,10.);
#399=VECTOR('',#1615,10.);
#400=VECTOR('',#1618,10.);
#401=VECTOR('',#1619,10.);
#402=VECTOR('',#1620,10.);
#403=VECTOR('',#1623,10.);
#404=VECTOR('',#1626,10.);
#405=VECTOR('',#1627,10.);
#406=VECTOR('',#1632,10.);
#407=VECTOR('',#1635,10.);
#408=VECTOR('',#1638,10.);
#409=VECTOR('',#1641,10.);
#410=VECTOR('',#1644,10.);
#411=VECTOR('',#1647,10.);
#412=VECTOR('',#1650,10.);
#413=VECTOR('',#1657,10.);
#414=VECTOR('',#1660,10.);
#415=VECTOR('',#1663,10.);
#416=VECTOR('',#1664,10.);
#417=VECTOR('',#1669,0.800000000000002);
#418=VECTOR('',#1672,0.799999999999999);
#419=VECTOR('',#1675,10.);
#420=VECTOR('',#1680,10.);
#421=VECTOR('',#1683,10.);
#422=VECTOR('',#1686,10.);
#423=VECTOR('',#1689,10.);
#424=VECTOR('',#1698,3.5);
#425=VECTOR('',#1701,10.);
#426=VECTOR('',#1706,2.25);
#427=CIRCLE('',#1222,3.875);
#428=CIRCLE('',#1223,3.625);
#429=CIRCLE('',#1225,10.25);
#430=CIRCLE('',#1226,8.5);
#431=CIRCLE('',#1227,10.25);
#432=CIRCLE('',#1229,3.25);
#433=CIRCLE('',#1230,3.);
#434=CIRCLE('',#1233,3.);
#435=CIRCLE('',#1235,0.999999999999996);
#436=CIRCLE('',#1236,0.999999999999996);
#437=CIRCLE('',#1238,0.999999999999542);
#438=CIRCLE('',#1239,1.24999999999953);
#439=CIRCLE('',#1240,2.24999999999953);
#440=CIRCLE('',#1242,0.999999999999996);
#441=CIRCLE('',#1244,0.999999999999996);
#442=CIRCLE('',#1246,0.999999999999996);
#443=CIRCLE('',#1248,3.5);
#444=CIRCLE('',#1249,3.74999999999955);
#445=CIRCLE('',#1252,2.24999999999953);
#446=CIRCLE('',#1253,2.25);
#447=CIRCLE('',#1255,2.2499999999531);
#448=CIRCLE('',#1256,8.);
#449=CIRCLE('',#1257,10.25);
#450=CIRCLE('',#1258,2.25000000000001);
#451=CIRCLE('',#1260,2.25000000000001);
#452=CIRCLE('',#1261,4.5);
#453=CIRCLE('',#1262,2.25);
#454=CIRCLE('',#1263,2.25000000000001);
#455=CIRCLE('',#1264,2.25);
#456=CIRCLE('',#1266,2.25000000003149);
#457=CIRCLE('',#1267,8.);
#458=CIRCLE('',#1269,2.25000000001142);
#459=CIRCLE('',#1270,2.25);
#460=CIRCLE('',#1271,4.5);
#461=CIRCLE('',#1274,2.25000000003149);
#462=CIRCLE('',#1276,2.25);
#463=CIRCLE('',#1278,8.5);
#464=CIRCLE('',#1279,0.800000000000002);
#465=CIRCLE('',#1284,8.);
#466=CIRCLE('',#1286,8.);
#467=CIRCLE('',#1288,2.25);
#468=CIRCLE('',#1291,2.);
#469=CIRCLE('',#1292,2.);
#470=CIRCLE('',#1293,3.75);
#471=CIRCLE('',#1294,3.5);
#472=CIRCLE('',#1298,8.);
#473=CIRCLE('',#1299,8.);
#474=CIRCLE('',#1302,3.75);
#475=CIRCLE('',#1303,2.);
#476=CIRCLE('',#1304,2.);
#477=CIRCLE('',#1305,2.25);
#478=CIRCLE('',#1308,8.5);
#479=CIRCLE('',#1309,8.5);
#480=CIRCLE('',#1310,0.800000000000002);
#481=CIRCLE('',#1311,0.799999999999999);
#482=CIRCLE('',#1313,2.);
#483=CIRCLE('',#1314,2.);
#484=CIRCLE('',#1315,3.75);
#485=CIRCLE('',#1316,2.25);
#486=CIRCLE('',#1319,2.);
#487=CIRCLE('',#1321,3.75);
#488=CIRCLE('',#1322,2.);
#489=CIRCLE('',#1323,3.74999999999955);
#490=CIRCLE('',#1330,8.5);
#491=CIRCLE('',#1331,8.5);
#492=CIRCLE('',#1332,0.799999999999999);
#493=CIRCLE('',#1347,3.5);
#494=CIRCLE('',#1348,3.5);
#495=VERTEX_POINT('',#1711);
#496=VERTEX_POINT('',#1713);
#497=VERTEX_POINT('',#1717);
#498=VERTEX_POINT('',#1718);
#499=VERTEX_POINT('',#1720);
#500=VERTEX_POINT('',#1722);
#501=VERTEX_POINT('',#1724);
#502=VERTEX_POINT('',#1726);
#503=VERTEX_POINT('',#1728);
#504=VERTEX_POINT('',#1730);
#505=VERTEX_POINT('',#1734);
#506=VERTEX_POINT('',#1736);
#507=VERTEX_POINT('',#1741);
#508=VERTEX_POINT('',#1745);
#509=VERTEX_POINT('',#1746);
#510=VERTEX_POINT('',#1748);
#511=VERTEX_POINT('',#1750);
#512=VERTEX_POINT('',#1754);
#513=VERTEX_POINT('',#1755);
#514=VERTEX_POINT('',#1760);
#515=VERTEX_POINT('',#1761);
#516=VERTEX_POINT('',#1766);
#517=VERTEX_POINT('',#1775);
#518=VERTEX_POINT('',#1779);
#519=VERTEX_POINT('',#1788);
#520=VERTEX_POINT('',#1795);
#521=VERTEX_POINT('',#1797);
#522=VERTEX_POINT('',#1801);
#523=VERTEX_POINT('',#1864);
#524=VERTEX_POINT('',#1865);
#525=VERTEX_POINT('',#1878);
#526=VERTEX_POINT('',#1893);
#527=VERTEX_POINT('',#1894);
#528=VERTEX_POINT('',#1928);
#529=VERTEX_POINT('',#1929);
#530=VERTEX_POINT('',#1944);
#531=VERTEX_POINT('',#1945);
#532=VERTEX_POINT('',#1979);
#533=VERTEX_POINT('',#1980);
#534=VERTEX_POINT('',#1988);
#535=VERTEX_POINT('',#1997);
#536=VERTEX_POINT('',#2001);
#537=VERTEX_POINT('',#2002);
#538=VERTEX_POINT('',#2010);
#539=VERTEX_POINT('',#2041);
#540=VERTEX_POINT('',#2054);
#541=VERTEX_POINT('',#2056);
#542=VERTEX_POINT('',#2060);
#543=VERTEX_POINT('',#2062);
#544=VERTEX_POINT('',#2064);
#545=VERTEX_POINT('',#2066);
#546=VERTEX_POINT('',#2069);
#547=VERTEX_POINT('',#2072);
#548=VERTEX_POINT('',#2085);
#549=VERTEX_POINT('',#2087);
#550=VERTEX_POINT('',#2089);
#551=VERTEX_POINT('',#2091);
#552=VERTEX_POINT('',#2095);
#553=VERTEX_POINT('',#2099);
#554=VERTEX_POINT('',#2103);
#555=VERTEX_POINT('',#2109);
#556=VERTEX_POINT('',#2111);
#557=VERTEX_POINT('',#2113);
#558=VERTEX_POINT('',#2115);
#559=VERTEX_POINT('',#2117);
#560=VERTEX_POINT('',#2119);
#561=VERTEX_POINT('',#2121);
#562=VERTEX_POINT('',#2123);
#563=VERTEX_POINT('',#2126);
#564=VERTEX_POINT('',#2141);
#565=VERTEX_POINT('',#2142);
#566=VERTEX_POINT('',#2147);
#567=VERTEX_POINT('',#2150);
#568=VERTEX_POINT('',#2154);
#569=VERTEX_POINT('',#2156);
#570=VERTEX_POINT('',#2158);
#571=VERTEX_POINT('',#2160);
#572=VERTEX_POINT('',#2162);
#573=VERTEX_POINT('',#2165);
#574=VERTEX_POINT('',#2168);
#575=VERTEX_POINT('',#2170);
#576=VERTEX_POINT('',#2174);
#577=VERTEX_POINT('',#2175);
#578=VERTEX_POINT('',#2177);
#579=VERTEX_POINT('',#2180);
#580=VERTEX_POINT('',#2182);
#581=VERTEX_POINT('',#2184);
#582=VERTEX_POINT('',#2186);
#583=VERTEX_POINT('',#2189);
#584=VERTEX_POINT('',#2192);
#585=VERTEX_POINT('',#2194);
#586=VERTEX_POINT('',#2197);
#587=VERTEX_POINT('',#2199);
#588=VERTEX_POINT('',#2201);
#589=VERTEX_POINT('',#2203);
#590=VERTEX_POINT('',#2205);
#591=VERTEX_POINT('',#2207);
#592=VERTEX_POINT('',#2209);
#593=VERTEX_POINT('',#2212);
#594=VERTEX_POINT('',#2217);
#595=VERTEX_POINT('',#2221);
#596=VERTEX_POINT('',#2223);
#597=VERTEX_POINT('',#2225);
#598=VERTEX_POINT('',#2227);
#599=VERTEX_POINT('',#2229);
#600=VERTEX_POINT('',#2231);
#601=VERTEX_POINT('',#2234);
#602=VERTEX_POINT('',#2249);
#603=VERTEX_POINT('',#2251);
#604=VERTEX_POINT('',#2254);
#605=VERTEX_POINT('',#2281);
#606=EDGE_CURVE('',#495,#495,#427,.T.);
#607=EDGE_CURVE('',#495,#496,#247,.T.);
#608=EDGE_CURVE('',#496,#496,#428,.T.);
#609=EDGE_CURVE('',#497,#498,#429,.T.);
#610=EDGE_CURVE('',#499,#497,#248,.T.);
#611=EDGE_CURVE('',#499,#500,#249,.T.);
#612=EDGE_CURVE('',#500,#501,#250,.T.);
#613=EDGE_CURVE('',#501,#502,#251,.T.);
#614=EDGE_CURVE('',#502,#503,#430,.T.);
#615=EDGE_CURVE('',#504,#503,#252,.T.);
#616=EDGE_CURVE('',#498,#504,#431,.T.);
#617=EDGE_CURVE('',#505,#505,#432,.T.);
#618=EDGE_CURVE('',#505,#506,#253,.T.);
#619=EDGE_CURVE('',#506,#506,#433,.T.);
#620=EDGE_CURVE('',#507,#507,#434,.T.);
#621=EDGE_CURVE('',#507,#506,#254,.T.);
#622=EDGE_CURVE('',#508,#509,#435,.T.);
#623=EDGE_CURVE('',#509,#510,#255,.T.);
#624=EDGE_CURVE('',#510,#511,#436,.T.);
#625=EDGE_CURVE('',#511,#508,#256,.T.);
#626=EDGE_CURVE('',#512,#513,#437,.T.);
#627=EDGE_CURVE('',#513,#511,#438,.T.);
#628=EDGE_CURVE('',#510,#512,#439,.T.);
#629=EDGE_CURVE('',#514,#515,#440,.T.);
#630=EDGE_CURVE('',#515,#513,#257,.T.);
#631=EDGE_CURVE('',#512,#514,#258,.T.);
#632=EDGE_CURVE('',#516,#515,#22,.T.);
#633=EDGE_CURVE('',#514,#517,#259,.T.);
#634=EDGE_CURVE('',#517,#516,#441,.T.);
#635=EDGE_CURVE('',#508,#518,#23,.T.);
#636=EDGE_CURVE('',#518,#519,#442,.T.);
#637=EDGE_CURVE('',#519,#509,#260,.T.);
#638=EDGE_CURVE('',#518,#516,#443,.T.);
#639=EDGE_CURVE('',#517,#519,#444,.T.);
#640=EDGE_CURVE('',#512,#520,#261,.T.);
#641=EDGE_CURVE('',#521,#520,#262,.T.);
#642=EDGE_CURVE('',#517,#521,#263,.T.);
#643=EDGE_CURVE('',#510,#522,#264,.T.);
#644=EDGE_CURVE('',#520,#522,#445,.T.);
#645=EDGE_CURVE('',#523,#524,#24,.T.);
#646=EDGE_CURVE('',#524,#525,#25,.T.);
#647=EDGE_CURVE('',#525,#523,#446,.T.);
#648=EDGE_CURVE('',#526,#527,#447,.T.);
#649=EDGE_CURVE('',#527,#523,#448,.T.);
#650=EDGE_CURVE('',#525,#526,#449,.T.);
#651=EDGE_CURVE('',#528,#529,#450,.T.);
#652=EDGE_CURVE('',#529,#527,#26,.T.);
#653=EDGE_CURVE('',#526,#528,#27,.T.);
#654=EDGE_CURVE('',#530,#531,#451,.T.);
#655=EDGE_CURVE('',#531,#529,#452,.T.);
#656=EDGE_CURVE('',#528,#530,#453,.T.);
#657=EDGE_CURVE('',#532,#533,#454,.T.);
#658=EDGE_CURVE('',#533,#497,#28,.T.);
#659=EDGE_CURVE('',#497,#534,#455,.T.);
#660=EDGE_CURVE('',#534,#532,#29,.T.);
#661=EDGE_CURVE('',#498,#535,#456,.T.);
#662=EDGE_CURVE('',#535,#534,#457,.T.);
#663=EDGE_CURVE('',#536,#537,#458,.T.);
#664=EDGE_CURVE('',#537,#533,#459,.T.);
#665=EDGE_CURVE('',#532,#536,#460,.T.);
#666=EDGE_CURVE('',#536,#531,#265,.T.);
#667=EDGE_CURVE('',#530,#537,#266,.T.);
#668=EDGE_CURVE('',#538,#535,#30,.T.);
#669=EDGE_CURVE('',#504,#538,#461,.T.);
#670=EDGE_CURVE('',#539,#538,#31,.T.);
#671=EDGE_CURVE('',#504,#539,#32,.T.);
#672=EDGE_CURVE('',#526,#540,#267,.T.);
#673=EDGE_CURVE('',#540,#541,#462,.T.);
#674=EDGE_CURVE('',#541,#530,#268,.T.);
#675=EDGE_CURVE('',#542,#525,#269,.T.);
#676=EDGE_CURVE('',#543,#542,#463,.T.);
#677=EDGE_CURVE('',#544,#543,#270,.T.);
#678=EDGE_CURVE('',#545,#544,#271,.T.);
#679=EDGE_CURVE('',#545,#540,#272,.T.);
#680=EDGE_CURVE('',#546,#546,#464,.T.);
#681=EDGE_CURVE('',#524,#547,#273,.T.);
#682=EDGE_CURVE('',#547,#542,#33,.T.);
#683=EDGE_CURVE('',#548,#532,#274,.T.);
#684=EDGE_CURVE('',#549,#548,#275,.T.);
#685=EDGE_CURVE('',#550,#549,#276,.T.);
#686=EDGE_CURVE('',#550,#551,#277,.T.);
#687=EDGE_CURVE('',#529,#551,#278,.T.);
#688=EDGE_CURVE('',#535,#552,#15,.F.);
#689=EDGE_CURVE('',#548,#552,#465,.F.);
#690=EDGE_CURVE('',#551,#553,#466,.T.);
#691=EDGE_CURVE('',#553,#524,#279,.T.);
#692=EDGE_CURVE('',#537,#554,#280,.T.);
#693=EDGE_CURVE('',#554,#499,#467,.T.);
#694=EDGE_CURVE('',#541,#554,#281,.T.);
#695=EDGE_CURVE('',#553,#555,#282,.T.);
#696=EDGE_CURVE('',#555,#556,#468,.T.);
#697=EDGE_CURVE('',#556,#557,#283,.T.);
#698=EDGE_CURVE('',#557,#558,#469,.T.);
#699=EDGE_CURVE('',#558,#559,#284,.T.);
#700=EDGE_CURVE('',#560,#559,#470,.T.);
#701=EDGE_CURVE('',#560,#561,#285,.T.);
#702=EDGE_CURVE('',#562,#561,#286,.T.);
#703=EDGE_CURVE('',#547,#562,#287,.T.);
#704=EDGE_CURVE('',#563,#563,#471,.T.);
#705=EDGE_CURVE('',#503,#562,#34,.T.);
#706=EDGE_CURVE('',#561,#539,#16,.T.);
#707=EDGE_CURVE('',#564,#565,#35,.F.);
#708=EDGE_CURVE('',#564,#566,#288,.T.);
#709=EDGE_CURVE('',#566,#550,#472,.T.);
#710=EDGE_CURVE('',#549,#567,#473,.T.);
#711=EDGE_CURVE('',#565,#567,#17,.F.);
#712=EDGE_CURVE('',#568,#564,#474,.T.);
#713=EDGE_CURVE('',#569,#568,#289,.T.);
#714=EDGE_CURVE('',#569,#570,#475,.T.);
#715=EDGE_CURVE('',#570,#571,#290,.T.);
#716=EDGE_CURVE('',#571,#572,#476,.T.);
#717=EDGE_CURVE('',#572,#566,#291,.T.);
#718=EDGE_CURVE('',#573,#573,#477,.T.);
#719=EDGE_CURVE('',#574,#545,#292,.T.);
#720=EDGE_CURVE('',#574,#575,#293,.T.);
#721=EDGE_CURVE('',#575,#500,#294,.T.);
#722=EDGE_CURVE('',#576,#577,#478,.T.);
#723=EDGE_CURVE('',#578,#576,#295,.T.);
#724=EDGE_CURVE('',#555,#578,#296,.T.);
#725=EDGE_CURVE('',#579,#572,#297,.T.);
#726=EDGE_CURVE('',#580,#579,#298,.T.);
#727=EDGE_CURVE('',#581,#580,#479,.T.);
#728=EDGE_CURVE('',#582,#581,#299,.T.);
#729=EDGE_CURVE('',#575,#582,#300,.T.);
#730=EDGE_CURVE('',#583,#574,#301,.T.);
#731=EDGE_CURVE('',#577,#583,#302,.T.);
#732=EDGE_CURVE('',#584,#584,#480,.T.);
#733=EDGE_CURVE('',#585,#585,#481,.T.);
#734=EDGE_CURVE('',#579,#586,#482,.T.);
#735=EDGE_CURVE('',#586,#587,#303,.T.);
#736=EDGE_CURVE('',#587,#588,#483,.T.);
#737=EDGE_CURVE('',#589,#588,#304,.T.);
#738=EDGE_CURVE('',#590,#589,#484,.T.);
#739=EDGE_CURVE('',#590,#591,#305,.T.);
#740=EDGE_CURVE('',#592,#591,#306,.T.);
#741=EDGE_CURVE('',#592,#580,#307,.T.);
#742=EDGE_CURVE('',#593,#593,#485,.T.);
#743=EDGE_CURVE('',#586,#571,#308,.T.);
#744=EDGE_CURVE('',#594,#578,#486,.T.);
#745=EDGE_CURVE('',#594,#556,#309,.T.);
#746=EDGE_CURVE('',#576,#595,#310,.T.);
#747=EDGE_CURVE('',#595,#596,#311,.T.);
#748=EDGE_CURVE('',#596,#597,#312,.T.);
#749=EDGE_CURVE('',#598,#597,#487,.T.);
#750=EDGE_CURVE('',#599,#598,#313,.T.);
#751=EDGE_CURVE('',#599,#600,#488,.T.);
#752=EDGE_CURVE('',#600,#594,#314,.T.);
#753=EDGE_CURVE('',#522,#601,#315,.T.);
#754=EDGE_CURVE('',#601,#521,#489,.T.);
#755=EDGE_CURVE('',#587,#570,#316,.T.);
#756=EDGE_CURVE('',#588,#569,#317,.T.);
#757=EDGE_CURVE('',#589,#568,#318,.T.);
#758=EDGE_CURVE('',#565,#590,#319,.T.);
#759=EDGE_CURVE('',#567,#591,#320,.F.);
#760=EDGE_CURVE('',#596,#552,#321,.T.);
#761=EDGE_CURVE('',#595,#602,#490,.T.);
#762=EDGE_CURVE('',#602,#603,#322,.T.);
#763=EDGE_CURVE('',#603,#592,#491,.T.);
#764=EDGE_CURVE('',#604,#604,#492,.T.);
#765=EDGE_CURVE('',#583,#544,#323,.T.);
#766=EDGE_CURVE('',#582,#501,#324,.T.);
#767=EDGE_CURVE('',#602,#502,#325,.T.);
#768=EDGE_CURVE('',#577,#543,#326,.T.);
#769=EDGE_CURVE('',#584,#546,#327,.T.);
#770=EDGE_CURVE('',#585,#604,#328,.T.);
#771=EDGE_CURVE('',#581,#603,#329,.T.);
#772=EDGE_CURVE('',#600,#557,#330,.T.);
#773=EDGE_CURVE('',#599,#558,#331,.T.);
#774=EDGE_CURVE('',#559,#598,#332,.T.);
#775=EDGE_CURVE('',#597,#560,#333,.T.);
#776=EDGE_CURVE('',#515,#605,#493,.T.);
#777=EDGE_CURVE('',#605,#508,#494,.T.);
#778=EDGE_CURVE('',#605,#563,#334,.T.);
#779=EDGE_CURVE('',#519,#601,#335,.T.);
#780=EDGE_CURVE('',#573,#593,#336,.T.);
#781=ORIENTED_EDGE('',*,*,#606,.T.);
#782=ORIENTED_EDGE('',*,*,#607,.T.);
#783=ORIENTED_EDGE('',*,*,#608,.T.);
#784=ORIENTED_EDGE('',*,*,#607,.F.);
#785=ORIENTED_EDGE('',*,*,#609,.F.);
#786=ORIENTED_EDGE('',*,*,#610,.F.);
#787=ORIENTED_EDGE('',*,*,#611,.T.);
#788=ORIENTED_EDGE('',*,*,#612,.T.);
#789=ORIENTED_EDGE('',*,*,#613,.T.);
#790=ORIENTED_EDGE('',*,*,#614,.T.);
#791=ORIENTED_EDGE('',*,*,#615,.F.);
#792=ORIENTED_EDGE('',*,*,#616,.F.);
#793=ORIENTED_EDGE('',*,*,#606,.F.);
#794=ORIENTED_EDGE('',*,*,#617,.T.);
#795=ORIENTED_EDGE('',*,*,#618,.T.);
#796=ORIENTED_EDGE('',*,*,#619,.T.);
#797=ORIENTED_EDGE('',*,*,#618,.F.);
#798=ORIENTED_EDGE('',*,*,#608,.F.);
#799=ORIENTED_EDGE('',*,*,#617,.F.);
#800=ORIENTED_EDGE('',*,*,#620,.F.);
#801=ORIENTED_EDGE('',*,*,#621,.T.);
#802=ORIENTED_EDGE('',*,*,#619,.F.);
#803=ORIENTED_EDGE('',*,*,#621,.F.);
#804=ORIENTED_EDGE('',*,*,#622,.T.);
#805=ORIENTED_EDGE('',*,*,#623,.T.);
#806=ORIENTED_EDGE('',*,*,#624,.T.);
#807=ORIENTED_EDGE('',*,*,#625,.T.);
#808=ORIENTED_EDGE('',*,*,#626,.T.);
#809=ORIENTED_EDGE('',*,*,#627,.T.);
#810=ORIENTED_EDGE('',*,*,#624,.F.);
#811=ORIENTED_EDGE('',*,*,#628,.T.);
#812=ORIENTED_EDGE('',*,*,#629,.T.);
#813=ORIENTED_EDGE('',*,*,#630,.T.);
#814=ORIENTED_EDGE('',*,*,#626,.F.);
#815=ORIENTED_EDGE('',*,*,#631,.T.);
#816=ORIENTED_EDGE('',*,*,#632,.T.);
#817=ORIENTED_EDGE('',*,*,#629,.F.);
#818=ORIENTED_EDGE('',*,*,#633,.T.);
#819=ORIENTED_EDGE('',*,*,#634,.T.);
#820=ORIENTED_EDGE('',*,*,#635,.T.);
#821=ORIENTED_EDGE('',*,*,#636,.T.);
#822=ORIENTED_EDGE('',*,*,#637,.T.);
#823=ORIENTED_EDGE('',*,*,#622,.F.);
#824=ORIENTED_EDGE('',*,*,#638,.T.);
#825=ORIENTED_EDGE('',*,*,#634,.F.);
#826=ORIENTED_EDGE('',*,*,#639,.T.);
#827=ORIENTED_EDGE('',*,*,#636,.F.);
#828=ORIENTED_EDGE('',*,*,#633,.F.);
#829=ORIENTED_EDGE('',*,*,#631,.F.);
#830=ORIENTED_EDGE('',*,*,#640,.T.);
#831=ORIENTED_EDGE('',*,*,#641,.F.);
#832=ORIENTED_EDGE('',*,*,#642,.F.);
#833=ORIENTED_EDGE('',*,*,#628,.F.);
#834=ORIENTED_EDGE('',*,*,#643,.T.);
#835=ORIENTED_EDGE('',*,*,#644,.F.);
#836=ORIENTED_EDGE('',*,*,#640,.F.);
#837=ORIENTED_EDGE('',*,*,#645,.T.);
#838=ORIENTED_EDGE('',*,*,#646,.T.);
#839=ORIENTED_EDGE('',*,*,#647,.T.);
#840=ORIENTED_EDGE('',*,*,#648,.T.);
#841=ORIENTED_EDGE('',*,*,#649,.T.);
#842=ORIENTED_EDGE('',*,*,#647,.F.);
#843=ORIENTED_EDGE('',*,*,#650,.T.);
#844=ORIENTED_EDGE('',*,*,#651,.T.);
#845=ORIENTED_EDGE('',*,*,#652,.T.);
#846=ORIENTED_EDGE('',*,*,#648,.F.);
#847=ORIENTED_EDGE('',*,*,#653,.T.);
#848=ORIENTED_EDGE('',*,*,#654,.T.);
#849=ORIENTED_EDGE('',*,*,#655,.T.);
#850=ORIENTED_EDGE('',*,*,#651,.F.);
#851=ORIENTED_EDGE('',*,*,#656,.T.);
#852=ORIENTED_EDGE('',*,*,#657,.T.);
#853=ORIENTED_EDGE('',*,*,#658,.T.);
#854=ORIENTED_EDGE('',*,*,#659,.T.);
#855=ORIENTED_EDGE('',*,*,#660,.T.);
#856=ORIENTED_EDGE('',*,*,#661,.T.);
#857=ORIENTED_EDGE('',*,*,#662,.T.);
#858=ORIENTED_EDGE('',*,*,#659,.F.);
#859=ORIENTED_EDGE('',*,*,#609,.T.);
#860=ORIENTED_EDGE('',*,*,#663,.T.);
#861=ORIENTED_EDGE('',*,*,#664,.T.);
#862=ORIENTED_EDGE('',*,*,#657,.F.);
#863=ORIENTED_EDGE('',*,*,#665,.T.);
#864=ORIENTED_EDGE('',*,*,#663,.F.);
#865=ORIENTED_EDGE('',*,*,#666,.T.);
#866=ORIENTED_EDGE('',*,*,#654,.F.);
#867=ORIENTED_EDGE('',*,*,#667,.T.);
#868=ORIENTED_EDGE('',*,*,#668,.T.);
#869=ORIENTED_EDGE('',*,*,#661,.F.);
#870=ORIENTED_EDGE('',*,*,#616,.T.);
#871=ORIENTED_EDGE('',*,*,#669,.T.);
#872=ORIENTED_EDGE('',*,*,#670,.T.);
#873=ORIENTED_EDGE('',*,*,#669,.F.);
#874=ORIENTED_EDGE('',*,*,#671,.T.);
#875=ORIENTED_EDGE('',*,*,#656,.F.);
#876=ORIENTED_EDGE('',*,*,#653,.F.);
#877=ORIENTED_EDGE('',*,*,#672,.T.);
#878=ORIENTED_EDGE('',*,*,#673,.T.);
#879=ORIENTED_EDGE('',*,*,#674,.T.);
#880=ORIENTED_EDGE('',*,*,#650,.F.);
#881=ORIENTED_EDGE('',*,*,#675,.F.);
#882=ORIENTED_EDGE('',*,*,#676,.F.);
#883=ORIENTED_EDGE('',*,*,#677,.F.);
#884=ORIENTED_EDGE('',*,*,#678,.F.);
#885=ORIENTED_EDGE('',*,*,#679,.T.);
#886=ORIENTED_EDGE('',*,*,#672,.F.);
#887=ORIENTED_EDGE('',*,*,#680,.F.);
#888=ORIENTED_EDGE('',*,*,#646,.F.);
#889=ORIENTED_EDGE('',*,*,#681,.T.);
#890=ORIENTED_EDGE('',*,*,#682,.T.);
#891=ORIENTED_EDGE('',*,*,#675,.T.);
#892=ORIENTED_EDGE('',*,*,#655,.F.);
#893=ORIENTED_EDGE('',*,*,#666,.F.);
#894=ORIENTED_EDGE('',*,*,#665,.F.);
#895=ORIENTED_EDGE('',*,*,#683,.F.);
#896=ORIENTED_EDGE('',*,*,#684,.F.);
#897=ORIENTED_EDGE('',*,*,#685,.F.);
#898=ORIENTED_EDGE('',*,*,#686,.T.);
#899=ORIENTED_EDGE('',*,*,#687,.F.);
#900=ORIENTED_EDGE('',*,*,#662,.F.);
#901=ORIENTED_EDGE('',*,*,#688,.T.);
#902=ORIENTED_EDGE('',*,*,#689,.F.);
#903=ORIENTED_EDGE('',*,*,#683,.T.);
#904=ORIENTED_EDGE('',*,*,#660,.F.);
#905=ORIENTED_EDGE('',*,*,#645,.F.);
#906=ORIENTED_EDGE('',*,*,#649,.F.);
#907=ORIENTED_EDGE('',*,*,#652,.F.);
#908=ORIENTED_EDGE('',*,*,#687,.T.);
#909=ORIENTED_EDGE('',*,*,#690,.T.);
#910=ORIENTED_EDGE('',*,*,#691,.T.);
#911=ORIENTED_EDGE('',*,*,#664,.F.);
#912=ORIENTED_EDGE('',*,*,#692,.T.);
#913=ORIENTED_EDGE('',*,*,#693,.T.);
#914=ORIENTED_EDGE('',*,*,#610,.T.);
#915=ORIENTED_EDGE('',*,*,#658,.F.);
#916=ORIENTED_EDGE('',*,*,#667,.F.);
#917=ORIENTED_EDGE('',*,*,#674,.F.);
#918=ORIENTED_EDGE('',*,*,#694,.T.);
#919=ORIENTED_EDGE('',*,*,#692,.F.);
#920=ORIENTED_EDGE('',*,*,#681,.F.);
#921=ORIENTED_EDGE('',*,*,#691,.F.);
#922=ORIENTED_EDGE('',*,*,#695,.T.);
#923=ORIENTED_EDGE('',*,*,#696,.T.);
#924=ORIENTED_EDGE('',*,*,#697,.T.);
#925=ORIENTED_EDGE('',*,*,#698,.T.);
#926=ORIENTED_EDGE('',*,*,#699,.T.);
#927=ORIENTED_EDGE('',*,*,#700,.F.);
#928=ORIENTED_EDGE('',*,*,#701,.T.);
#929=ORIENTED_EDGE('',*,*,#702,.F.);
#930=ORIENTED_EDGE('',*,*,#703,.F.);
#931=ORIENTED_EDGE('',*,*,#704,.F.);
#932=ORIENTED_EDGE('',*,*,#671,.F.);
#933=ORIENTED_EDGE('',*,*,#615,.T.);
#934=ORIENTED_EDGE('',*,*,#705,.T.);
#935=ORIENTED_EDGE('',*,*,#702,.T.);
#936=ORIENTED_EDGE('',*,*,#706,.T.);
#937=ORIENTED_EDGE('',*,*,#707,.F.);
#938=ORIENTED_EDGE('',*,*,#708,.T.);
#939=ORIENTED_EDGE('',*,*,#709,.T.);
#940=ORIENTED_EDGE('',*,*,#685,.T.);
#941=ORIENTED_EDGE('',*,*,#710,.T.);
#942=ORIENTED_EDGE('',*,*,#711,.F.);
#943=ORIENTED_EDGE('',*,*,#708,.F.);
#944=ORIENTED_EDGE('',*,*,#712,.F.);
#945=ORIENTED_EDGE('',*,*,#713,.F.);
#946=ORIENTED_EDGE('',*,*,#714,.T.);
#947=ORIENTED_EDGE('',*,*,#715,.T.);
#948=ORIENTED_EDGE('',*,*,#716,.T.);
#949=ORIENTED_EDGE('',*,*,#717,.T.);
#950=ORIENTED_EDGE('',*,*,#718,.T.);
#951=ORIENTED_EDGE('',*,*,#719,.F.);
#952=ORIENTED_EDGE('',*,*,#720,.T.);
#953=ORIENTED_EDGE('',*,*,#721,.T.);
#954=ORIENTED_EDGE('',*,*,#611,.F.);
#955=ORIENTED_EDGE('',*,*,#693,.F.);
#956=ORIENTED_EDGE('',*,*,#694,.F.);
#957=ORIENTED_EDGE('',*,*,#673,.F.);
#958=ORIENTED_EDGE('',*,*,#679,.F.);
#959=ORIENTED_EDGE('',*,*,#722,.F.);
#960=ORIENTED_EDGE('',*,*,#723,.F.);
#961=ORIENTED_EDGE('',*,*,#724,.F.);
#962=ORIENTED_EDGE('',*,*,#695,.F.);
#963=ORIENTED_EDGE('',*,*,#690,.F.);
#964=ORIENTED_EDGE('',*,*,#686,.F.);
#965=ORIENTED_EDGE('',*,*,#709,.F.);
#966=ORIENTED_EDGE('',*,*,#717,.F.);
#967=ORIENTED_EDGE('',*,*,#725,.F.);
#968=ORIENTED_EDGE('',*,*,#726,.F.);
#969=ORIENTED_EDGE('',*,*,#727,.F.);
#970=ORIENTED_EDGE('',*,*,#728,.F.);
#971=ORIENTED_EDGE('',*,*,#729,.F.);
#972=ORIENTED_EDGE('',*,*,#720,.F.);
#973=ORIENTED_EDGE('',*,*,#730,.F.);
#974=ORIENTED_EDGE('',*,*,#731,.F.);
#975=ORIENTED_EDGE('',*,*,#732,.F.);
#976=ORIENTED_EDGE('',*,*,#733,.F.);
#977=ORIENTED_EDGE('',*,*,#726,.T.);
#978=ORIENTED_EDGE('',*,*,#734,.T.);
#979=ORIENTED_EDGE('',*,*,#735,.T.);
#980=ORIENTED_EDGE('',*,*,#736,.T.);
#981=ORIENTED_EDGE('',*,*,#737,.F.);
#982=ORIENTED_EDGE('',*,*,#738,.F.);
#983=ORIENTED_EDGE('',*,*,#739,.T.);
#984=ORIENTED_EDGE('',*,*,#740,.F.);
#985=ORIENTED_EDGE('',*,*,#741,.T.);
#986=ORIENTED_EDGE('',*,*,#742,.T.);
#987=ORIENTED_EDGE('',*,*,#725,.T.);
#988=ORIENTED_EDGE('',*,*,#716,.F.);
#989=ORIENTED_EDGE('',*,*,#743,.F.);
#990=ORIENTED_EDGE('',*,*,#734,.F.);
#991=ORIENTED_EDGE('',*,*,#724,.T.);
#992=ORIENTED_EDGE('',*,*,#744,.F.);
#993=ORIENTED_EDGE('',*,*,#745,.T.);
#994=ORIENTED_EDGE('',*,*,#696,.F.);
#995=ORIENTED_EDGE('',*,*,#723,.T.);
#996=ORIENTED_EDGE('',*,*,#746,.T.);
#997=ORIENTED_EDGE('',*,*,#747,.T.);
#998=ORIENTED_EDGE('',*,*,#748,.T.);
#999=ORIENTED_EDGE('',*,*,#749,.F.);
#1000=ORIENTED_EDGE('',*,*,#750,.F.);
#1001=ORIENTED_EDGE('',*,*,#751,.T.);
#1002=ORIENTED_EDGE('',*,*,#752,.T.);
#1003=ORIENTED_EDGE('',*,*,#744,.T.);
#1004=ORIENTED_EDGE('',*,*,#644,.T.);
#1005=ORIENTED_EDGE('',*,*,#753,.T.);
#1006=ORIENTED_EDGE('',*,*,#754,.T.);
#1007=ORIENTED_EDGE('',*,*,#641,.T.);
#1008=ORIENTED_EDGE('',*,*,#755,.F.);
#1009=ORIENTED_EDGE('',*,*,#735,.F.);
#1010=ORIENTED_EDGE('',*,*,#743,.T.);
#1011=ORIENTED_EDGE('',*,*,#715,.F.);
#1012=ORIENTED_EDGE('',*,*,#756,.F.);
#1013=ORIENTED_EDGE('',*,*,#736,.F.);
#1014=ORIENTED_EDGE('',*,*,#755,.T.);
#1015=ORIENTED_EDGE('',*,*,#714,.F.);
#1016=ORIENTED_EDGE('',*,*,#757,.F.);
#1017=ORIENTED_EDGE('',*,*,#737,.T.);
#1018=ORIENTED_EDGE('',*,*,#756,.T.);
#1019=ORIENTED_EDGE('',*,*,#713,.T.);
#1020=ORIENTED_EDGE('',*,*,#758,.T.);
#1021=ORIENTED_EDGE('',*,*,#738,.T.);
#1022=ORIENTED_EDGE('',*,*,#757,.T.);
#1023=ORIENTED_EDGE('',*,*,#712,.T.);
#1024=ORIENTED_EDGE('',*,*,#707,.T.);
#1025=ORIENTED_EDGE('',*,*,#759,.T.);
#1026=ORIENTED_EDGE('',*,*,#739,.F.);
#1027=ORIENTED_EDGE('',*,*,#758,.F.);
#1028=ORIENTED_EDGE('',*,*,#711,.T.);
#1029=ORIENTED_EDGE('',*,*,#684,.T.);
#1030=ORIENTED_EDGE('',*,*,#689,.T.);
#1031=ORIENTED_EDGE('',*,*,#760,.F.);
#1032=ORIENTED_EDGE('',*,*,#747,.F.);
#1033=ORIENTED_EDGE('',*,*,#761,.T.);
#1034=ORIENTED_EDGE('',*,*,#762,.T.);
#1035=ORIENTED_EDGE('',*,*,#763,.T.);
#1036=ORIENTED_EDGE('',*,*,#740,.T.);
#1037=ORIENTED_EDGE('',*,*,#759,.F.);
#1038=ORIENTED_EDGE('',*,*,#710,.F.);
#1039=ORIENTED_EDGE('',*,*,#620,.T.);
#1040=ORIENTED_EDGE('',*,*,#764,.T.);
#1041=ORIENTED_EDGE('',*,*,#730,.T.);
#1042=ORIENTED_EDGE('',*,*,#719,.T.);
#1043=ORIENTED_EDGE('',*,*,#678,.T.);
#1044=ORIENTED_EDGE('',*,*,#765,.F.);
#1045=ORIENTED_EDGE('',*,*,#729,.T.);
#1046=ORIENTED_EDGE('',*,*,#766,.T.);
#1047=ORIENTED_EDGE('',*,*,#612,.F.);
#1048=ORIENTED_EDGE('',*,*,#721,.F.);
#1049=ORIENTED_EDGE('',*,*,#614,.F.);
#1050=ORIENTED_EDGE('',*,*,#767,.F.);
#1051=ORIENTED_EDGE('',*,*,#761,.F.);
#1052=ORIENTED_EDGE('',*,*,#746,.F.);
#1053=ORIENTED_EDGE('',*,*,#722,.T.);
#1054=ORIENTED_EDGE('',*,*,#768,.T.);
#1055=ORIENTED_EDGE('',*,*,#676,.T.);
#1056=ORIENTED_EDGE('',*,*,#682,.F.);
#1057=ORIENTED_EDGE('',*,*,#703,.T.);
#1058=ORIENTED_EDGE('',*,*,#705,.F.);
#1059=ORIENTED_EDGE('',*,*,#731,.T.);
#1060=ORIENTED_EDGE('',*,*,#765,.T.);
#1061=ORIENTED_EDGE('',*,*,#677,.T.);
#1062=ORIENTED_EDGE('',*,*,#768,.F.);
#1063=ORIENTED_EDGE('',*,*,#732,.T.);
#1064=ORIENTED_EDGE('',*,*,#769,.T.);
#1065=ORIENTED_EDGE('',*,*,#680,.T.);
#1066=ORIENTED_EDGE('',*,*,#769,.F.);
#1067=ORIENTED_EDGE('',*,*,#733,.T.);
#1068=ORIENTED_EDGE('',*,*,#770,.T.);
#1069=ORIENTED_EDGE('',*,*,#764,.F.);
#1070=ORIENTED_EDGE('',*,*,#770,.F.);
#1071=ORIENTED_EDGE('',*,*,#727,.T.);
#1072=ORIENTED_EDGE('',*,*,#741,.F.);
#1073=ORIENTED_EDGE('',*,*,#763,.F.);
#1074=ORIENTED_EDGE('',*,*,#771,.F.);
#1075=ORIENTED_EDGE('',*,*,#728,.T.);
#1076=ORIENTED_EDGE('',*,*,#771,.T.);
#1077=ORIENTED_EDGE('',*,*,#762,.F.);
#1078=ORIENTED_EDGE('',*,*,#767,.T.);
#1079=ORIENTED_EDGE('',*,*,#613,.F.);
#1080=ORIENTED_EDGE('',*,*,#766,.F.);
#1081=ORIENTED_EDGE('',*,*,#752,.F.);
#1082=ORIENTED_EDGE('',*,*,#772,.T.);
#1083=ORIENTED_EDGE('',*,*,#697,.F.);
#1084=ORIENTED_EDGE('',*,*,#745,.F.);
#1085=ORIENTED_EDGE('',*,*,#751,.F.);
#1086=ORIENTED_EDGE('',*,*,#773,.T.);
#1087=ORIENTED_EDGE('',*,*,#698,.F.);
#1088=ORIENTED_EDGE('',*,*,#772,.F.);
#1089=ORIENTED_EDGE('',*,*,#774,.F.);
#1090=ORIENTED_EDGE('',*,*,#699,.F.);
#1091=ORIENTED_EDGE('',*,*,#773,.F.);
#1092=ORIENTED_EDGE('',*,*,#750,.T.);
#1093=ORIENTED_EDGE('',*,*,#749,.T.);
#1094=ORIENTED_EDGE('',*,*,#775,.T.);
#1095=ORIENTED_EDGE('',*,*,#700,.T.);
#1096=ORIENTED_EDGE('',*,*,#774,.T.);
#1097=ORIENTED_EDGE('',*,*,#670,.F.);
#1098=ORIENTED_EDGE('',*,*,#706,.F.);
#1099=ORIENTED_EDGE('',*,*,#701,.F.);
#1100=ORIENTED_EDGE('',*,*,#775,.F.);
#1101=ORIENTED_EDGE('',*,*,#748,.F.);
#1102=ORIENTED_EDGE('',*,*,#760,.T.);
#1103=ORIENTED_EDGE('',*,*,#688,.F.);
#1104=ORIENTED_EDGE('',*,*,#668,.F.);
#1105=ORIENTED_EDGE('',*,*,#776,.F.);
#1106=ORIENTED_EDGE('',*,*,#632,.F.);
#1107=ORIENTED_EDGE('',*,*,#638,.F.);
#1108=ORIENTED_EDGE('',*,*,#635,.F.);
#1109=ORIENTED_EDGE('',*,*,#777,.F.);
#1110=ORIENTED_EDGE('',*,*,#778,.T.);
#1111=ORIENTED_EDGE('',*,*,#704,.T.);
#1112=ORIENTED_EDGE('',*,*,#778,.F.);
#1113=ORIENTED_EDGE('',*,*,#637,.F.);
#1114=ORIENTED_EDGE('',*,*,#779,.T.);
#1115=ORIENTED_EDGE('',*,*,#753,.F.);
#1116=ORIENTED_EDGE('',*,*,#643,.F.);
#1117=ORIENTED_EDGE('',*,*,#623,.F.);
#1118=ORIENTED_EDGE('',*,*,#639,.F.);
#1119=ORIENTED_EDGE('',*,*,#642,.T.);
#1120=ORIENTED_EDGE('',*,*,#754,.F.);
#1121=ORIENTED_EDGE('',*,*,#779,.F.);
#1122=ORIENTED_EDGE('',*,*,#718,.F.);
#1123=ORIENTED_EDGE('',*,*,#780,.T.);
#1124=ORIENTED_EDGE('',*,*,#742,.F.);
#1125=ORIENTED_EDGE('',*,*,#780,.F.);
#1126=ORIENTED_EDGE('',*,*,#630,.F.);
#1127=ORIENTED_EDGE('',*,*,#776,.T.);
#1128=ORIENTED_EDGE('',*,*,#777,.T.);
#1129=ORIENTED_EDGE('',*,*,#625,.F.);
#1130=ORIENTED_EDGE('',*,*,#627,.F.);
#1131=CONICAL_SURFACE('',#1221,3.75,0.321750554396649);
#1132=CONICAL_SURFACE('',#1228,3.125,0.197395559849883);
#1133=ADVANCED_FACE('',(#106),#1131,.F.);
#1134=ADVANCED_FACE('',(#107,#70),#81,.T.);
#1135=ADVANCED_FACE('',(#108),#1132,.F.);
#1136=ADVANCED_FACE('',(#109,#71),#82,.T.);
#1137=ADVANCED_FACE('',(#110),#43,.F.);
#1138=ADVANCED_FACE('',(#111),#44,.F.);
#1139=ADVANCED_FACE('',(#112),#36,.F.);
#1140=ADVANCED_FACE('',(#113),#45,.F.);
#1141=ADVANCED_FACE('',(#114),#46,.F.);
#1142=ADVANCED_FACE('',(#115),#47,.F.);
#1143=ADVANCED_FACE('',(#116),#37,.F.);
#1144=ADVANCED_FACE('',(#117),#83,.T.);
#1145=ADVANCED_FACE('',(#118),#48,.F.);
#1146=ADVANCED_FACE('',(#119),#18,.F.);
#1147=ADVANCED_FACE('',(#120),#38,.T.);
#1148=ADVANCED_FACE('',(#121),#19,.F.);
#1149=ADVANCED_FACE('',(#122),#39,.T.);
#1150=ADVANCED_FACE('',(#123),#20,.F.);
#1151=ADVANCED_FACE('',(#124),#40,.T.);
#1152=ADVANCED_FACE('',(#125),#41,.T.);
#1153=ADVANCED_FACE('',(#126),#49,.T.);
#1154=ADVANCED_FACE('',(#127),#42,.T.);
#1155=ADVANCED_FACE('',(#128),#21,.F.);
#1156=ADVANCED_FACE('',(#129),#50,.F.);
#1157=ADVANCED_FACE('',(#130,#72),#84,.F.);
#1158=ADVANCED_FACE('',(#131),#51,.F.);
#1159=ADVANCED_FACE('',(#132),#85,.F.);
#1160=ADVANCED_FACE('',(#133),#52,.F.);
#1161=ADVANCED_FACE('',(#134),#53,.F.);
#1162=ADVANCED_FACE('',(#135),#54,.F.);
#1163=ADVANCED_FACE('',(#136),#86,.F.);
#1164=ADVANCED_FACE('',(#137,#73),#87,.F.);
#1165=ADVANCED_FACE('',(#138),#55,.F.);
#1166=ADVANCED_FACE('',(#139),#56,.F.);
#1167=ADVANCED_FACE('',(#140,#74),#88,.F.);
#1168=ADVANCED_FACE('',(#141),#89,.F.);
#1169=ADVANCED_FACE('',(#142,#75,#76),#90,.F.);
#1170=ADVANCED_FACE('',(#143,#77),#91,.T.);
#1171=ADVANCED_FACE('',(#144),#57,.T.);
#1172=ADVANCED_FACE('',(#145),#58,.T.);
#1173=ADVANCED_FACE('',(#146,#78),#92,.T.);
#1174=ADVANCED_FACE('',(#147),#93,.T.);
#1175=ADVANCED_FACE('',(#148),#59,.T.);
#1176=ADVANCED_FACE('',(#149),#94,.T.);
#1177=ADVANCED_FACE('',(#150),#60,.F.);
#1178=ADVANCED_FACE('',(#151),#95,.F.);
#1179=ADVANCED_FACE('',(#152,#79,#80),#96,.T.);
#1180=ADVANCED_FACE('',(#153),#97,.F.);
#1181=ADVANCED_FACE('',(#154),#98,.F.);
#1182=ADVANCED_FACE('',(#155),#61,.T.);
#1183=ADVANCED_FACE('',(#156),#99,.T.);
#1184=ADVANCED_FACE('',(#157),#62,.F.);
#1185=ADVANCED_FACE('',(#158),#63,.F.);
#1186=ADVANCED_FACE('',(#159),#64,.T.);
#1187=ADVANCED_FACE('',(#160),#100,.T.);
#1188=ADVANCED_FACE('',(#161),#101,.T.);
#1189=ADVANCED_FACE('',(#162),#65,.T.);
#1190=ADVANCED_FACE('',(#163),#102,.T.);
#1191=ADVANCED_FACE('',(#164),#66,.F.);
#1192=ADVANCED_FACE('',(#165),#103,.T.);
#1193=ADVANCED_FACE('',(#166),#67,.F.);
#1194=ADVANCED_FACE('',(#167),#104,.T.);
#1195=ADVANCED_FACE('',(#168),#68,.F.);
#1196=ADVANCED_FACE('',(#169),#69,.F.);
#1197=ADVANCED_FACE('',(#170),#105,.T.);
#1198=CLOSED_SHELL('',(#1133,#1134,#1135,#1136,#1137,#1138,#1139,#1140,
#1141,#1142,#1143,#1144,#1145,#1146,#1147,#1148,#1149,#1150,#1151,#1152,
#1153,#1154,#1155,#1156,#1157,#1158,#1159,#1160,#1161,#1162,#1163,#1164,
#1165,#1166,#1167,#1168,#1169,#1170,#1171,#1172,#1173,#1174,#1175,#1176,
#1177,#1178,#1179,#1180,#1181,#1182,#1183,#1184,#1185,#1186,#1187,#1188,
#1189,#1190,#1191,#1192,#1193,#1194,#1195,#1196,#1197));
#1199=DERIVED_UNIT_ELEMENT(#1202,1.);
#1200=DERIVED_UNIT_ELEMENT(#2296,-3.);
#1201=DIMENSIONAL_EXPONENTS(0.,1.,0.,0.,0.,0.,0.);
#1202=(
CONVERSION_BASED_UNIT('gram',#1204)
MASS_UNIT()
NAMED_UNIT(#1201)
);
#1203=(
MASS_UNIT()
NAMED_UNIT(*)
SI_UNIT(.KILO.,.GRAM.)
);
#1204=MASS_MEASURE_WITH_UNIT(MASS_MEASURE(0.001),#1203);
#1205=DERIVED_UNIT((#1199,#1200));
#1206=MEASURE_REPRESENTATION_ITEM('density measure',
POSITIVE_RATIO_MEASURE(1.),#1205);
#1207=PROPERTY_DEFINITION_REPRESENTATION(#1212,#1209);
#1208=PROPERTY_DEFINITION_REPRESENTATION(#1213,#1210);
#1209=REPRESENTATION('material name',(#1211),#2293);
#1210=REPRESENTATION('density',(#1206),#2293);
#1211=DESCRIPTIVE_REPRESENTATION_ITEM('Generic','Generic');
#1212=PROPERTY_DEFINITION('material property','material name',#2303);
#1213=PROPERTY_DEFINITION('material property','density of part',#2303);
#1214=DATE_TIME_ROLE('creation_date');
#1215=APPLIED_DATE_AND_TIME_ASSIGNMENT(#1216,#1214,(#2303));
#1216=DATE_AND_TIME(#1217,#1218);
#1217=CALENDAR_DATE(2022,21,11);
#1218=LOCAL_TIME(0,0,0.,#1219);
#1219=COORDINATED_UNIVERSAL_TIME_OFFSET(0,0,.BEHIND.);
#1220=AXIS2_PLACEMENT_3D('',#1709,#1353,#1354);
#1221=AXIS2_PLACEMENT_3D('',#1710,#1355,#1356);
#1222=AXIS2_PLACEMENT_3D('',#1712,#1357,#1358);
#1223=AXIS2_PLACEMENT_3D('',#1715,#1360,#1361);
#1224=AXIS2_PLACEMENT_3D('',#1716,#1362,#1363);
#1225=AXIS2_PLACEMENT_3D('',#1719,#1364,#1365);
#1226=AXIS2_PLACEMENT_3D('',#1729,#1370,#1371);
#1227=AXIS2_PLACEMENT_3D('',#1732,#1373,#1374);
#1228=AXIS2_PLACEMENT_3D('',#1733,#1375,#1376);
#1229=AXIS2_PLACEMENT_3D('',#1735,#1377,#1378);
#1230=AXIS2_PLACEMENT_3D('',#1738,#1380,#1381);
#1231=AXIS2_PLACEMENT_3D('',#1739,#1382,#1383);
#1232=AXIS2_PLACEMENT_3D('',#1740,#1384,#1385);
#1233=AXIS2_PLACEMENT_3D('',#1742,#1386,#1387);
#1234=AXIS2_PLACEMENT_3D('',#1744,#1389,#1390);
#1235=AXIS2_PLACEMENT_3D('',#1747,#1391,#1392);
#1236=AXIS2_PLACEMENT_3D('',#1751,#1394,#1395);
#1237=AXIS2_PLACEMENT_3D('',#1753,#1397,#1398);
#1238=AXIS2_PLACEMENT_3D('',#1756,#1399,#1400);
#1239=AXIS2_PLACEMENT_3D('',#1757,#1401,#1402);
#1240=AXIS2_PLACEMENT_3D('',#1758,#1403,#1404);
#1241=AXIS2_PLACEMENT_3D('',#1759,#1405,#1406);
#1242=AXIS2_PLACEMENT_3D('',#1762,#1407,#1408);
#1243=AXIS2_PLACEMENT_3D('',#1765,#1411,#1412);
#1244=AXIS2_PLACEMENT_3D('',#1777,#1414,#1415);
#1245=AXIS2_PLACEMENT_3D('',#1778,#1416,#1417);
#1246=AXIS2_PLACEMENT_3D('',#1789,#1418,#1419);
#1247=AXIS2_PLACEMENT_3D('',#1791,#1421,#1422);
#1248=AXIS2_PLACEMENT_3D('',#1792,#1423,#1424);
#1249=AXIS2_PLACEMENT_3D('',#1793,#1425,#1426);
#1250=AXIS2_PLACEMENT_3D('',#1794,#1427,#1428);
#1251=AXIS2_PLACEMENT_3D('',#1800,#1432,#1433);
#1252=AXIS2_PLACEMENT_3D('',#1803,#1435,#1436);
#1253=AXIS2_PLACEMENT_3D('',#1891,#1437,#1438);
#1254=AXIS2_PLACEMENT_3D('',#1892,#1439,#1440);
#1255=AXIS2_PLACEMENT_3D('',#1895,#1441,#1442);
#1256=AXIS2_PLACEMENT_3D('',#1896,#1443,#1444);
#1257=AXIS2_PLACEMENT_3D('',#1897,#1445,#1446);
#1258=AXIS2_PLACEMENT_3D('',#1930,#1447,#1448);
#1259=AXIS2_PLACEMENT_3D('',#1943,#1449,#1450);
#1260=AXIS2_PLACEMENT_3D('',#1946,#1451,#1452);
#1261=AXIS2_PLACEMENT_3D('',#1947,#1453,#1454);
#1262=AXIS2_PLACEMENT_3D('',#1948,#1455,#1456);
#1263=AXIS2_PLACEMENT_3D('',#1981,#1457,#1458);
#1264=AXIS2_PLACEMENT_3D('',#1989,#1459,#1460);
#1265=AXIS2_PLACEMENT_3D('',#1996,#1461,#1462);
#1266=AXIS2_PLACEMENT_3D('',#1998,#1463,#1464);
#1267=AXIS2_PLACEMENT_3D('',#1999,#1465,#1466);
#1268=AXIS2_PLACEMENT_3D('',#2000,#1467,#1468);
#1269=AXIS2_PLACEMENT_3D('',#2003,#1469,#1470);
#1270=AXIS2_PLACEMENT_3D('',#2004,#1471,#1472);
#1271=AXIS2_PLACEMENT_3D('',#2005,#1473,#1474);
#1272=AXIS2_PLACEMENT_3D('',#2006,#1475,#1476);
#1273=AXIS2_PLACEMENT_3D('',#2009,#1479,#1480);
#1274=AXIS2_PLACEMENT_3D('',#2015,#1481,#1482);
#1275=AXIS2_PLACEMENT_3D('',#2053,#1483,#1484);
#1276=AXIS2_PLACEMENT_3D('',#2057,#1486,#1487);
#1277=AXIS2_PLACEMENT_3D('',#2059,#1489,#1490);
#1278=AXIS2_PLACEMENT_3D('',#2063,#1492,#1493);
#1279=AXIS2_PLACEMENT_3D('',#2070,#1497,#1498);
#1280=AXIS2_PLACEMENT_3D('',#2071,#1499,#1500);
#1281=AXIS2_PLACEMENT_3D('',#2084,#1502,#1503);
#1282=AXIS2_PLACEMENT_3D('',#2094,#1509,#1510);
#1283=AXIS2_PLACEMENT_3D('',#2096,#1511,#1512);
#1284=AXIS2_PLACEMENT_3D('',#2097,#1513,#1514);
#1285=AXIS2_PLACEMENT_3D('',#2098,#1515,#1516);
#1286=AXIS2_PLACEMENT_3D('',#2100,#1517,#1518);
#1287=AXIS2_PLACEMENT_3D('',#2102,#1520,#1521);
#1288=AXIS2_PLACEMENT_3D('',#2105,#1523,#1524);
#1289=AXIS2_PLACEMENT_3D('',#2106,#1525,#1526);
#1290=AXIS2_PLACEMENT_3D('',#2108,#1528,#1529);
#1291=AXIS2_PLACEMENT_3D('',#2112,#1531,#1532);
#1292=AXIS2_PLACEMENT_3D('',#2116,#1534,#1535);
#1293=AXIS2_PLACEMENT_3D('',#2120,#1537,#1538);
#1294=AXIS2_PLACEMENT_3D('',#2127,#1542,#1543);
#1295=AXIS2_PLACEMENT_3D('',#2128,#1544,#1545);
#1296=AXIS2_PLACEMENT_3D('',#2139,#1546,#1547);
#1297=AXIS2_PLACEMENT_3D('',#2140,#1548,#1549);
#1298=AXIS2_PLACEMENT_3D('',#2149,#1551,#1552);
#1299=AXIS2_PLACEMENT_3D('',#2151,#1553,#1554);
#1300=AXIS2_PLACEMENT_3D('',#2152,#1555,#1556);
#1301=AXIS2_PLACEMENT_3D('',#2153,#1557,#1558);
#1302=AXIS2_PLACEMENT_3D('',#2155,#1559,#1560);
#1303=AXIS2_PLACEMENT_3D('',#2159,#1562,#1563);
#1304=AXIS2_PLACEMENT_3D('',#2163,#1565,#1566);
#1305=AXIS2_PLACEMENT_3D('',#2166,#1568,#1569);
#1306=AXIS2_PLACEMENT_3D('',#2167,#1570,#1571);
#1307=AXIS2_PLACEMENT_3D('',#2173,#1575,#1576);
#1308=AXIS2_PLACEMENT_3D('',#2176,#1577,#1578);
#1309=AXIS2_PLACEMENT_3D('',#2185,#1583,#1584);
#1310=AXIS2_PLACEMENT_3D('',#2193,#1589,#1590);
#1311=AXIS2_PLACEMENT_3D('',#2195,#1591,#1592);
#1312=AXIS2_PLACEMENT_3D('',#2196,#1593,#1594);
#1313=AXIS2_PLACEMENT_3D('',#2198,#1595,#1596);
#1314=AXIS2_PLACEMENT_3D('',#2202,#1598,#1599);
#1315=AXIS2_PLACEMENT_3D('',#2206,#1601,#1602);
#1316=AXIS2_PLACEMENT_3D('',#2213,#1606,#1607);
#1317=AXIS2_PLACEMENT_3D('',#2214,#1608,#1609);
#1318=AXIS2_PLACEMENT_3D('',#2216,#1611,#1612);
#1319=AXIS2_PLACEMENT_3D('',#2218,#1613,#1614);
#1320=AXIS2_PLACEMENT_3D('',#2220,#1616,#1617);
#1321=AXIS2_PLACEMENT_3D('',#2228,#1621,#1622);
#1322=AXIS2_PLACEMENT_3D('',#2232,#1624,#1625);
#1323=AXIS2_PLACEMENT_3D('',#2236,#1628,#1629);
#1324=AXIS2_PLACEMENT_3D('',#2237,#1630,#1631);
#1325=AXIS2_PLACEMENT_3D('',#2239,#1633,#1634);
#1326=AXIS2_PLACEMENT_3D('',#2241,#1636,#1637);
#1327=AXIS2_PLACEMENT_3D('',#2243,#1639,#1640);
#1328=AXIS2_PLACEMENT_3D('',#2245,#1642,#1643);
#1329=AXIS2_PLACEMENT_3D('',#2247,#1645,#1646);
#1330=AXIS2_PLACEMENT_3D('',#2250,#1648,#1649);
#1331=AXIS2_PLACEMENT_3D('',#2253,#1651,#1652);
#1332=AXIS2_PLACEMENT_3D('',#2255,#1653,#1654);
#1333=AXIS2_PLACEMENT_3D('',#2256,#1655,#1656);
#1334=AXIS2_PLACEMENT_3D('',#2258,#1658,#1659);
#1335=AXIS2_PLACEMENT_3D('',#2260,#1661,#1662);
#1336=AXIS2_PLACEMENT_3D('',#2263,#1665,#1666);
#1337=AXIS2_PLACEMENT_3D('',#2264,#1667,#1668);
#1338=AXIS2_PLACEMENT_3D('',#2266,#1670,#1671);
#1339=AXIS2_PLACEMENT_3D('',#2268,#1673,#1674);
#1340=AXIS2_PLACEMENT_3D('',#2270,#1676,#1677);
#1341=AXIS2_PLACEMENT_3D('',#2271,#1678,#1679);
#1342=AXIS2_PLACEMENT_3D('',#2273,#1681,#1682);
#1343=AXIS2_PLACEMENT_3D('',#2275,#1684,#1685);
#1344=AXIS2_PLACEMENT_3D('',#2277,#1687,#1688);
#1345=AXIS2_PLACEMENT_3D('',#2279,#1690,#1691);
#1346=AXIS2_PLACEMENT_3D('',#2280,#1692,#1693);
#1347=AXIS2_PLACEMENT_3D('',#2282,#1694,#1695);
#1348=AXIS2_PLACEMENT_3D('',#2283,#1696,#1697);
#1349=AXIS2_PLACEMENT_3D('',#2285,#1699,#1700);
#1350=AXIS2_PLACEMENT_3D('',#2287,#1702,#1703);
#1351=AXIS2_PLACEMENT_3D('',#2288,#1704,#1705);
#1352=AXIS2_PLACEMENT_3D('',#2290,#1707,#1708);
#1353=DIRECTION('axis',(0.,0.,1.));
#1354=DIRECTION('refdir',(1.,0.,0.));
#1355=DIRECTION('center_axis',(0.,-1.,0.));
#1356=DIRECTION('ref_axis',(1.,0.,0.));
#1357=DIRECTION('center_axis',(0.,-1.,0.));
#1358=DIRECTION('ref_axis',(1.,0.,0.));
#1359=DIRECTION('',(0.316227766016845,0.948683298050512,3.87267321454047E-17));
#1360=DIRECTION('center_axis',(0.,1.,0.));
#1361=DIRECTION('ref_axis',(1.,0.,0.));
#1362=DIRECTION('center_axis',(0.,-1.,0.));
#1363=DIRECTION('ref_axis',(0.,0.,-1.));
#1364=DIRECTION('center_axis',(0.,-1.,0.));
#1365=DIRECTION('ref_axis',(0.785817643764684,0.,0.618458269205061));
#1366=DIRECTION('',(-1.,0.,0.));
#1367=DIRECTION('',(-2.76445533131664E-13,0.,-1.));
#1368=DIRECTION('',(1.,0.,2.16902519337652E-12));
#1369=DIRECTION('',(0.,0.,1.));
#1370=DIRECTION('center_axis',(0.,-1.,0.));
#1371=DIRECTION('ref_axis',(0.,0.,-1.));
#1372=DIRECTION('',(1.,0.,0.));
#1373=DIRECTION('center_axis',(0.,-1.,0.));
#1374=DIRECTION('ref_axis',(0.695268608164931,0.,0.718750000000278));
#1375=DIRECTION('center_axis',(0.,-1.,0.));
#1376=DIRECTION('ref_axis',(-1.,0.,0.));
#1377=DIRECTION('center_axis',(0.,-1.,0.));
#1378=DIRECTION('ref_axis',(-1.,0.,0.));
#1379=DIRECTION('',(-0.196116135138187,0.98058067569092,-2.4017299715813E-17));
#1380=DIRECTION('center_axis',(0.,1.,0.));
#1381=DIRECTION('ref_axis',(-1.,0.,0.));
#1382=DIRECTION('center_axis',(0.,-1.,0.));
#1383=DIRECTION('ref_axis',(0.,0.,-1.));
#1384=DIRECTION('center_axis',(0.,1.,0.));
#1385=DIRECTION('ref_axis',(-1.,0.,0.));
#1386=DIRECTION('center_axis',(0.,-1.,0.));
#1387=DIRECTION('ref_axis',(-1.,0.,0.));
#1388=DIRECTION('',(0.,-1.,0.));
#1389=DIRECTION('center_axis',(0.994243636219782,0.1071428571416,0.));
#1390=DIRECTION('ref_axis',(0.0757614408405271,-0.703036417322579,-0.707106781186548));
#1391=DIRECTION('center_axis',(-0.994243636219782,-0.1071428571416,1.90323947076367E-15));
#1392=DIRECTION('ref_axis',(0.,-1.77635683940026E-14,-1.));
#1393=DIRECTION('',(0.994243636219782,0.1071428571416,0.));
#1394=DIRECTION('center_axis',(0.994243636219782,0.1071428571416,0.));
#1395=DIRECTION('ref_axis',(0.1071428571416,-0.994243636219782,0.));
#1396=DIRECTION('',(-0.994243636219782,-0.1071428571416,0.));
#1397=DIRECTION('center_axis',(0.,0.,1.));
#1398=DIRECTION('ref_axis',(1.,0.,0.));
#1399=DIRECTION('center_axis',(-0.994243636220198,0.107142857137741,0.));
#1400=DIRECTION('ref_axis',(0.107142857137741,0.994243636220198,0.));
#1401=DIRECTION('center_axis',(0.,0.,-1.));
#1402=DIRECTION('ref_axis',(1.,3.20770570599322E-11,0.));
#1403=DIRECTION('center_axis',(0.,0.,1.));
#1404=DIRECTION('ref_axis',(1.,3.20770570599322E-11,0.));
#1405=DIRECTION('center_axis',(-0.99424363621964,0.107142857142923,0.));
#1406=DIRECTION('ref_axis',(0.0757614408414567,0.703036417322478,-0.707106781186548));
#1407=DIRECTION('center_axis',(-0.99424363621964,0.107142857142924,0.));
#1408=DIRECTION('ref_axis',(0.107142857142924,0.99424363621964,0.));
#1409=DIRECTION('',(0.99424363621964,-0.107142857142923,0.));
#1410=DIRECTION('',(-0.99424363621964,0.107142857142923,0.));
#1411=DIRECTION('center_axis',(-0.99424363621964,0.107142857142923,0.));
#1412=DIRECTION('ref_axis',(0.0757614408414567,0.703036417322478,-0.707106781186548));
#1413=DIRECTION('',(-0.99424363621964,0.107142857142923,0.));
#1414=DIRECTION('center_axis',(-0.99424363621964,0.107142857142924,0.));
#1415=DIRECTION('ref_axis',(0.107142857142924,0.99424363621964,0.));
#1416=DIRECTION('center_axis',(0.994243636219782,0.1071428571416,0.));
#1417=DIRECTION('ref_axis',(0.0757614408405271,-0.703036417322579,-0.707106781186548));
#1418=DIRECTION('center_axis',(-0.994243636219783,-0.107142857141599,0.));
#1419=DIRECTION('ref_axis',(0.,0.,-1.));
#1420=DIRECTION('',(0.994243636219782,0.1071428571416,0.));
#1421=DIRECTION('center_axis',(0.,0.,1.));
#1422=DIRECTION('ref_axis',(-1.,-2.27373675443259E-13,0.));
#1423=DIRECTION('center_axis',(0.,0.,-1.));
#1424=DIRECTION('ref_axis',(-1.,0.,0.));
#1425=DIRECTION('center_axis',(0.,0.,1.));
#1426=DIRECTION('ref_axis',(-1.,0.,0.));
#1427=DIRECTION('center_axis',(-0.107142857142923,-0.99424363621964,0.));
#1428=DIRECTION('ref_axis',(0.99424363621964,-0.107142857142923,0.));
#1429=DIRECTION('',(0.,0.,1.));
#1430=DIRECTION('',(0.99424363621964,-0.107142857142923,0.));
#1431=DIRECTION('',(0.,0.,1.));
#1432=DIRECTION('center_axis',(0.,0.,1.));
#1433=DIRECTION('ref_axis',(-0.107142857201536,0.994243636213323,0.));
#1434=DIRECTION('',(0.,0.,1.));
#1435=DIRECTION('center_axis',(0.,0.,-1.));
#1436=DIRECTION('ref_axis',(-0.107142857201536,0.994243636213323,0.));
#1437=DIRECTION('center_axis',(-0.560975609756611,1.45033810035036E-12,
0.827832329193659));
#1438=DIRECTION('ref_axis',(-3.94745964311167E-15,1.,-1.75464581136314E-12));
#1439=DIRECTION('center_axis',(0.,-1.,0.));
#1440=DIRECTION('ref_axis',(0.,0.,-1.));
#1441=DIRECTION('center_axis',(-0.395609756097182,0.,0.918418706734966));
#1442=DIRECTION('ref_axis',(0.,1.,0.));
#1443=DIRECTION('center_axis',(0.,-1.,0.));
#1444=DIRECTION('ref_axis',(0.785817643765312,0.,0.618458269204263));
#1445=DIRECTION('center_axis',(0.,1.,0.));
#1446=DIRECTION('ref_axis',(0.785817643765312,0.,0.618458269204264));
#1447=DIRECTION('center_axis',(-1.51037334304206E-11,-0.901111111058975,
0.433588244220319));
#1448=DIRECTION('ref_axis',(0.,0.433588244220319,0.901111111058976));
#1449=DIRECTION('center_axis',(-1.,1.98663497808139E-12,0.));
#1450=DIRECTION('ref_axis',(0.,0.,1.));
#1451=DIRECTION('center_axis',(-1.98951966011028E-12,-1.,-9.94759830064138E-13));
#1452=DIRECTION('ref_axis',(0.,-9.94759830064138E-13,1.));
#1453=DIRECTION('center_axis',(-1.,1.98663497808139E-12,0.));
#1454=DIRECTION('ref_axis',(-2.33233987085008E-24,-1.17401530557091E-12,
-1.));
#1455=DIRECTION('center_axis',(1.,-1.98663497808139E-12,0.));
#1456=DIRECTION('ref_axis',(0.,-1.17401530557091E-12,-1.));
#1457=DIRECTION('center_axis',(1.78138514178731E-12,0.901111111111238,0.433588244111703));
#1458=DIRECTION('ref_axis',(-1.,1.98162474084205E-12,-9.86864910777915E-15));
#1459=DIRECTION('center_axis',(0.395609756097619,-1.81271039015718E-15,
-0.918418706734778));
#1460=DIRECTION('ref_axis',(0.,-1.,1.97372982155584E-15));
#1461=DIRECTION('center_axis',(0.,-1.,0.));
#1462=DIRECTION('ref_axis',(0.,0.,-1.));
#1463=DIRECTION('center_axis',(0.526170360281199,0.,-0.85037918128418));
#1464=DIRECTION('ref_axis',(0.,-1.,0.));
#1465=DIRECTION('center_axis',(0.,1.,0.));
#1466=DIRECTION('ref_axis',(0.785817643764684,0.,0.618458269205061));
#1467=DIRECTION('center_axis',(-1.,1.98663497808139E-12,0.));
#1468=DIRECTION('ref_axis',(0.,0.,1.));
#1469=DIRECTION('center_axis',(1.98951966011818E-12,1.,9.94759830064138E-13));
#1470=DIRECTION('ref_axis',(-1.,1.98951966011818E-12,0.));
#1471=DIRECTION('center_axis',(1.,-1.98663497808139E-12,0.));
#1472=DIRECTION('ref_axis',(0.,-1.17401530556068E-12,-1.));
#1473=DIRECTION('center_axis',(-1.,1.98663497808139E-12,0.));
#1474=DIRECTION('ref_axis',(-2.33233987082975E-24,-1.17401530556068E-12,
-1.));
#1475=DIRECTION('center_axis',(1.98663497808139E-12,1.,9.9475983006413E-13));
#1476=DIRECTION('ref_axis',(-0.707106781186546,7.03401421490331E-13,0.707106781186549));
#1477=DIRECTION('',(-1.98663497808139E-12,-1.,-9.9475983006413E-13));
#1478=DIRECTION('',(1.98663497808139E-12,1.,9.9475983006413E-13));
#1479=DIRECTION('center_axis',(0.,1.,0.));
#1480=DIRECTION('ref_axis',(0.,0.,1.));
#1481=DIRECTION('center_axis',(0.560975609756097,5.8051122489579E-16,-0.827832329194007));
#1482=DIRECTION('ref_axis',(3.94745964305642E-15,-1.,1.97372982152821E-15));
#1483=DIRECTION('center_axis',(1.,0.,0.));
#1484=DIRECTION('ref_axis',(0.,-0.707106781186193,-0.707106781186902));
#1485=DIRECTION('',(1.,0.,0.));
#1486=DIRECTION('center_axis',(1.,0.,0.));
#1487=DIRECTION('ref_axis',(0.,-0.707106781186193,-0.707106781186902));
#1488=DIRECTION('',(-1.,0.,0.));
#1489=DIRECTION('center_axis',(0.,-1.,0.));
#1490=DIRECTION('ref_axis',(0.,0.,1.));
#1491=DIRECTION('',(-1.,0.,0.));
#1492=DIRECTION('center_axis',(-1.98677053644826E-12,-1.,-3.23296944770524E-12));
#1493=DIRECTION('ref_axis',(1.0449157878825E-15,0.,1.));
#1494=DIRECTION('',(0.,0.,1.));
#1495=DIRECTION('',(1.,0.,-1.46046018283958E-12));
#1496=DIRECTION('',(0.,0.,1.));
#1497=DIRECTION('center_axis',(0.,1.,0.));
#1498=DIRECTION('ref_axis',(1.,0.,0.));
#1499=DIRECTION('center_axis',(-1.,0.,0.));
#1500=DIRECTION('ref_axis',(0.,-0.70710678118655,0.707106781186545));
#1501=DIRECTION('',(1.,0.,0.));
#1502=DIRECTION('center_axis',(1.,-1.98663497808139E-12,0.));
#1503=DIRECTION('ref_axis',(0.,0.,1.));
#1504=DIRECTION('',(-1.98663497808139E-12,-1.,0.));
#1505=DIRECTION('',(0.,0.,1.));
#1506=DIRECTION('',(1.98663497808139E-12,1.,0.));
#1507=DIRECTION('',(0.,0.,1.));
#1508=DIRECTION('',(-1.98663497808139E-12,-1.,0.));
#1509=DIRECTION('center_axis',(-1.98663497808139E-12,-1.,0.));
#1510=DIRECTION('ref_axis',(0.707106781186547,-1.40680284298066E-12,0.707106781186548));
#1511=DIRECTION('center_axis',(0.796813619761744,-0.604225169421291,0.));
#1512=DIRECTION('ref_axis',(0.604225169421291,0.796813619761744,0.));
#1513=DIRECTION('center_axis',(1.986619485697E-12,1.,0.));
#1514=DIRECTION('ref_axis',(0.707106781186547,-1.40680284298066E-12,0.707106781186548));
#1515=DIRECTION('center_axis',(-1.98663497808139E-12,-1.,0.));
#1516=DIRECTION('ref_axis',(0.707106781186547,-1.40680284298066E-12,0.707106781186548));
#1517=DIRECTION('center_axis',(0.,-1.,0.));
#1518=DIRECTION('ref_axis',(0.707106781186547,-1.40680284298066E-12,0.707106781186548));
#1519=DIRECTION('',(1.98663497808139E-12,1.,0.));
#1520=DIRECTION('center_axis',(-1.,0.,0.));
#1521=DIRECTION('ref_axis',(0.,0.707106781186896,-0.707106781186199));
#1522=DIRECTION('',(1.,0.,0.));
#1523=DIRECTION('center_axis',(1.,0.,0.));
#1524=DIRECTION('ref_axis',(0.,0.707106781186896,-0.707106781186199));
#1525=DIRECTION('center_axis',(0.,9.9475983006413E-13,-1.));
#1526=DIRECTION('ref_axis',(0.,-1.,-9.9475983006413E-13));
#1527=DIRECTION('',(0.,1.,0.));
#1528=DIRECTION('center_axis',(0.,0.,1.));
#1529=DIRECTION('ref_axis',(1.,0.,0.));
#1530=DIRECTION('',(-1.,0.,0.));
#1531=DIRECTION('center_axis',(0.,0.,-1.));
#1532=DIRECTION('ref_axis',(-1.,0.,0.));
#1533=DIRECTION('',(9.86864895083069E-16,1.,0.));
#1534=DIRECTION('center_axis',(0.,0.,-1.));
#1535=DIRECTION('ref_axis',(0.,1.,0.));
#1536=DIRECTION('',(1.,0.,0.));
#1537=DIRECTION('center_axis',(0.,0.,-1.));
#1538=DIRECTION('ref_axis',(0.444845383576535,-0.895607383126471,0.));
#1539=DIRECTION('',(0.604225169421291,0.796813619761744,0.));
#1540=DIRECTION('',(-1.,0.,0.));
#1541=DIRECTION('',(0.,1.,0.));
#1542=DIRECTION('center_axis',(0.,0.,-1.));
#1543=DIRECTION('ref_axis',(-1.,0.,0.));
#1544=DIRECTION('center_axis',(-1.,0.,0.));
#1545=DIRECTION('ref_axis',(0.,0.707106781186549,0.707106781186546));
#1546=DIRECTION('center_axis',(-0.796813619761744,0.604225169421291,0.));
#1547=DIRECTION('ref_axis',(0.604225169421291,0.796813619761744,9.82934252216003E-17));
#1548=DIRECTION('center_axis',(-1.98663497808139E-12,-1.,0.));
#1549=DIRECTION('ref_axis',(0.707106781186547,-1.40680284298066E-12,-0.707106781186548));
#1550=DIRECTION('',(-1.98663497808139E-12,-1.,0.));
#1551=DIRECTION('center_axis',(0.,-1.,0.));
#1552=DIRECTION('ref_axis',(0.707106781186547,-1.40680284298066E-12,-0.707106781186548));
#1553=DIRECTION('center_axis',(1.986619485697E-12,1.,0.));
#1554=DIRECTION('ref_axis',(0.707106781186547,-1.40680284298066E-12,-0.707106781186548));
#1555=DIRECTION('center_axis',(-0.796813619761744,0.60422516942129,0.));
#1556=DIRECTION('ref_axis',(0.60422516942129,0.796813619761744,4.19265434467372E-17));
#1557=DIRECTION('center_axis',(0.,0.,-1.));
#1558=DIRECTION('ref_axis',(-1.,0.,0.));
#1559=DIRECTION('center_axis',(0.,0.,1.));
#1560=DIRECTION('ref_axis',(0.444845383576537,-0.89560738312647,0.));
#1561=DIRECTION('',(1.,0.,0.));
#1562=DIRECTION('center_axis',(0.,0.,1.));
#1563=DIRECTION('ref_axis',(-1.,1.66533453693773E-15,0.));
#1564=DIRECTION('',(-7.40148671312303E-16,-1.,0.));
#1565=DIRECTION('center_axis',(0.,0.,1.));
#1566=DIRECTION('ref_axis',(8.32667268468868E-16,-1.,0.));
#1567=DIRECTION('',(1.,0.,0.));
#1568=DIRECTION('center_axis',(0.,0.,-1.));
#1569=DIRECTION('ref_axis',(1.,0.,0.));
#1570=DIRECTION('center_axis',(-1.,0.,0.));
#1571=DIRECTION('ref_axis',(0.,0.,1.));
#1572=DIRECTION('',(0.,1.,0.));
#1573=DIRECTION('',(0.,0.,-1.));
#1574=DIRECTION('',(0.,1.,0.));
#1575=DIRECTION('center_axis',(0.,1.,0.));
#1576=DIRECTION('ref_axis',(0.,0.,1.));
#1577=DIRECTION('center_axis',(0.,1.,0.));
#1578=DIRECTION('ref_axis',(1.0449157878825E-15,0.,1.));
#1579=DIRECTION('',(1.,0.,0.));
#1580=DIRECTION('',(0.,0.,1.));
#1581=DIRECTION('',(0.,0.,1.));
#1582=DIRECTION('',(-1.,0.,0.));
#1583=DIRECTION('center_axis',(0.,1.,0.));
#1584=DIRECTION('ref_axis',(0.,0.,-1.));
#1585=DIRECTION('',(0.,0.,-1.));
#1586=DIRECTION('',(1.,0.,2.16902519337652E-12));
#1587=DIRECTION('',(-1.,0.,1.46046018283958E-12));
#1588=DIRECTION('',(0.,0.,-1.));
#1589=DIRECTION('center_axis',(0.,-1.,0.));
#1590=DIRECTION('ref_axis',(1.,0.,0.));
#1591=DIRECTION('center_axis',(0.,-1.,0.));
#1592=DIRECTION('ref_axis',(-1.,0.,0.));
#1593=DIRECTION('center_axis',(0.,0.,-1.));
#1594=DIRECTION('ref_axis',(-1.,0.,0.));
#1595=DIRECTION('center_axis',(0.,0.,-1.));
#1596=DIRECTION('ref_axis',(8.32667268468868E-16,-1.,0.));
#1597=DIRECTION('',(7.40148671312303E-16,1.,0.));
#1598=DIRECTION('center_axis',(0.,0.,-1.));
#1599=DIRECTION('ref_axis',(-1.,1.66533453693773E-15,0.));
#1600=DIRECTION('',(-1.,0.,0.));
#1601=DIRECTION('center_axis',(0.,0.,-1.));
#1602=DIRECTION('ref_axis',(0.444845383576537,-0.89560738312647,0.));
#1603=DIRECTION('',(0.60422516942129,0.796813619761744,0.));
#1604=DIRECTION('',(-1.,0.,-1.59744320089951E-16));
#1605=DIRECTION('',(0.,-1.,0.));
#1606=DIRECTION('center_axis',(0.,0.,1.));
#1607=DIRECTION('ref_axis',(1.,0.,0.));
#1608=DIRECTION('center_axis',(0.,0.,1.));
#1609=DIRECTION('ref_axis',(8.32667268468868E-16,-1.,0.));
#1610=DIRECTION('',(0.,0.,1.));
#1611=DIRECTION('center_axis',(0.,0.,-1.));
#1612=DIRECTION('ref_axis',(-1.,0.,0.));
#1613=DIRECTION('center_axis',(0.,0.,1.));
#1614=DIRECTION('ref_axis',(-1.,0.,0.));
#1615=DIRECTION('',(0.,0.,-1.));
#1616=DIRECTION('center_axis',(0.,0.,1.));
#1617=DIRECTION('ref_axis',(1.,0.,0.));
#1618=DIRECTION('',(0.,1.,0.));
#1619=DIRECTION('',(-1.,1.986619485697E-12,0.));
#1620=DIRECTION('',(-0.604225169421291,-0.796813619761744,0.));
#1621=DIRECTION('center_axis',(0.,0.,1.));
#1622=DIRECTION('ref_axis',(0.444845383576535,-0.895607383126471,0.));
#1623=DIRECTION('',(1.,0.,0.));
#1624=DIRECTION('center_axis',(0.,0.,1.));
#1625=DIRECTION('ref_axis',(0.,1.,0.));
#1626=DIRECTION('',(-9.86864895083069E-16,-1.,0.));
#1627=DIRECTION('',(-0.994243636219782,-0.1071428571416,0.));
#1628=DIRECTION('center_axis',(0.,0.,-1.));
#1629=DIRECTION('ref_axis',(-0.107142857142859,-0.994243636219647,0.));
#1630=DIRECTION('center_axis',(-1.,7.40148671312303E-16,0.));
#1631=DIRECTION('ref_axis',(-7.40148671312303E-16,-1.,0.));
#1632=DIRECTION('',(0.,0.,1.));
#1633=DIRECTION('center_axis',(0.,0.,1.));
#1634=DIRECTION('ref_axis',(-1.,1.66533453693773E-15,0.));
#1635=DIRECTION('',(0.,0.,1.));
#1636=DIRECTION('center_axis',(0.,1.,0.));
#1637=DIRECTION('ref_axis',(1.,0.,0.));
#1638=DIRECTION('',(0.,0.,1.));
#1639=DIRECTION('center_axis',(0.,0.,-1.));
#1640=DIRECTION('ref_axis',(0.444845383576537,-0.89560738312647,0.));
#1641=DIRECTION('',(0.,0.,-1.));
#1642=DIRECTION('center_axis',(0.796813619761744,-0.60422516942129,0.));
#1643=DIRECTION('ref_axis',(0.60422516942129,0.796813619761744,0.));
#1644=DIRECTION('',(0.,0.,1.));
#1645=DIRECTION('center_axis',(1.986619485697E-12,1.,0.));
#1646=DIRECTION('ref_axis',(1.,-1.986619485697E-12,0.));
#1647=DIRECTION('',(0.,0.,-1.));
#1648=DIRECTION('center_axis',(0.,1.,0.));
#1649=DIRECTION('ref_axis',(1.0449157878825E-15,0.,1.));
#1650=DIRECTION('',(0.,0.,-1.));
#1651=DIRECTION('center_axis',(0.,1.,0.));
#1652=DIRECTION('ref_axis',(1.,0.,5.2245789394125E-16));
#1653=DIRECTION('center_axis',(0.,-1.,0.));
#1654=DIRECTION('ref_axis',(-1.,0.,0.));
#1655=DIRECTION('center_axis',(1.46046018283958E-12,0.,1.));
#1656=DIRECTION('ref_axis',(1.,0.,-1.46046018283958E-12));
#1657=DIRECTION('',(0.,1.,0.));
#1658=DIRECTION('center_axis',(2.16902519337652E-12,0.,-1.));
#1659=DIRECTION('ref_axis',(-1.,0.,-2.16902519337652E-12));
#1660=DIRECTION('',(0.,1.,0.));
#1661=DIRECTION('center_axis',(0.,-1.,0.));
#1662=DIRECTION('ref_axis',(1.0449157878825E-15,0.,1.));
#1663=DIRECTION('',(-1.9864831527105E-12,-1.,0.));
#1664=DIRECTION('',(0.,1.,0.));
#1665=DIRECTION('center_axis',(1.,0.,0.));
#1666=DIRECTION('ref_axis',(0.,0.,-1.));
#1667=DIRECTION('center_axis',(0.,1.,0.));
#1668=DIRECTION('ref_axis',(1.,0.,0.));
#1669=DIRECTION('',(0.,1.,0.));
#1670=DIRECTION('center_axis',(0.,-1.,0.));
#1671=DIRECTION('ref_axis',(-1.,0.,0.));
#1672=DIRECTION('',(0.,1.,0.));
#1673=DIRECTION('center_axis',(0.,1.,0.));
#1674=DIRECTION('ref_axis',(0.,0.,-1.));
#1675=DIRECTION('',(0.,1.,0.));
#1676=DIRECTION('center_axis',(1.,0.,0.));
#1677=DIRECTION('ref_axis',(0.,0.,-1.));
#1678=DIRECTION('center_axis',(-1.,9.86864895083069E-16,0.));
#1679=DIRECTION('ref_axis',(9.86864895083069E-16,1.,0.));
#1680=DIRECTION('',(0.,0.,-1.));
#1681=DIRECTION('center_axis',(0.,0.,-1.));
#1682=DIRECTION('ref_axis',(0.,1.,0.));
#1683=DIRECTION('',(0.,0.,-1.));
#1684=DIRECTION('center_axis',(0.,1.,0.));
#1685=DIRECTION('ref_axis',(1.,0.,0.));
#1686=DIRECTION('',(0.,0.,1.));
#1687=DIRECTION('center_axis',(0.,0.,-1.));
#1688=DIRECTION('ref_axis',(0.444845383576535,-0.895607383126471,0.));
#1689=DIRECTION('',(0.,0.,-1.));
#1690=DIRECTION('center_axis',(-0.796813619761744,0.604225169421291,0.));
#1691=DIRECTION('ref_axis',(0.604225169421291,0.796813619761744,0.));
#1692=DIRECTION('center_axis',(0.,0.,1.));
#1693=DIRECTION('ref_axis',(-1.,0.,0.));
#1694=DIRECTION('center_axis',(0.,0.,-1.));
#1695=DIRECTION('ref_axis',(-1.,0.,0.));
#1696=DIRECTION('center_axis',(0.,0.,-1.));
#1697=DIRECTION('ref_axis',(-1.,0.,0.));
#1698=DIRECTION('',(0.,0.,-1.));
#1699=DIRECTION('center_axis',(-0.1071428571416,0.994243636219782,0.));
#1700=DIRECTION('ref_axis',(-0.994243636219782,-0.1071428571416,0.));
#1701=DIRECTION('',(0.,0.,1.));
#1702=DIRECTION('center_axis',(0.,0.,1.));
#1703=DIRECTION('ref_axis',(-0.107142857142859,-0.994243636219647,0.));
#1704=DIRECTION('center_axis',(0.,0.,-1.));
#1705=DIRECTION('ref_axis',(1.,0.,0.));
#1706=DIRECTION('',(0.,0.,-1.));
#1707=DIRECTION('center_axis',(0.,0.,1.));
#1708=DIRECTION('ref_axis',(1.,0.,0.));
#1709=CARTESIAN_POINT('',(0.,0.,0.));
#1710=CARTESIAN_POINT('Origin',(76.6823974727321,-112.225454322812,28.8745787906647));
#1711=CARTESIAN_POINT('',(72.807397472732,-112.600454322812,28.8745787906647));
#1712=CARTESIAN_POINT('Origin',(76.6823974727321,-112.600454322812,28.8745787906647));
#1713=CARTESIAN_POINT('',(73.0573974727321,-111.850454322812,28.8745787906647));
#1714=CARTESIAN_POINT('',(72.9323974727321,-112.225454322812,28.8745787906647));
#1715=CARTESIAN_POINT('Origin',(76.6823974727321,-111.850454322812,28.8745787906647));
#1716=CARTESIAN_POINT('Origin',(74.981120890465,-112.600454322812,28.8745787906647));
#1717=CARTESIAN_POINT('',(68.5452785678159,-112.600454322812,37.4245787906653));
#1718=CARTESIAN_POINT('',(67.8478734319472,-112.600454322812,38.762824983547));
#1719=CARTESIAN_POINT('Origin',(59.1314868237844,-112.600454322812,33.3695787906647));
#1720=CARTESIAN_POINT('',(70.3823974727524,-112.600454322812,37.4245787906653));
#1721=CARTESIAN_POINT('',(78.8567591815985,-112.600454322812,37.4245787906653));
#1722=CARTESIAN_POINT('',(70.3823974727524,-112.600454322812,11.8745787906379));
#1723=CARTESIAN_POINT('',(70.3823974727519,-112.600454322812,20.3745787906519));
#1724=CARTESIAN_POINT('',(82.7323974727321,-112.600454322812,11.8745787906647));
#1725=CARTESIAN_POINT('',(78.856759181617,-112.600454322812,11.8745787906563));
#1726=CARTESIAN_POINT('',(82.7323974725826,-112.600454322812,37.1195787906647));
#1727=CARTESIAN_POINT('',(82.7323974725826,-112.600454322812,32.9970787906647));
#1728=CARTESIAN_POINT('',(82.4937532935118,-112.600454322811,39.1195787906647));
#1729=CARTESIAN_POINT('Origin',(74.2323974725827,-112.600454322811,37.1195787906647));
#1730=CARTESIAN_POINT('',(67.616768198023,-112.600454322812,39.1195787906647));
#1731=CARTESIAN_POINT('',(67.4567591815986,-112.600454322812,39.1195787906647));
#1732=CARTESIAN_POINT('Origin',(59.1314868237844,-112.600454322812,33.3695787906647));
#1733=CARTESIAN_POINT('Origin',(76.6823974727321,-111.225454322812,28.8745787906647));
#1734=CARTESIAN_POINT('',(79.9323974727321,-111.850454322812,28.8745787906647));
#1735=CARTESIAN_POINT('Origin',(76.6823974727321,-111.850454322812,28.8745787906647));
#1736=CARTESIAN_POINT('',(79.682397472732,-110.600454322812,28.8745787906647));
#1737=CARTESIAN_POINT('',(79.8073974727321,-111.225454322812,28.8745787906647));
#1738=CARTESIAN_POINT('Origin',(76.6823974727321,-110.600454322812,28.8745787906647));
#1739=CARTESIAN_POINT('Origin',(76.6823974727321,-111.850454322812,28.8745787906647));
#1740=CARTESIAN_POINT('Origin',(76.6823974727321,-112.600454322812,28.8745787906647));
#1741=CARTESIAN_POINT('',(79.682397472732,-109.100454322812,28.8745787906647));
#1742=CARTESIAN_POINT('Origin',(76.6823974727321,-109.100454322812,28.8745787906647));
#1743=CARTESIAN_POINT('',(79.682397472732,-112.600454322812,28.8745787906647));
#1744=CARTESIAN_POINT('Origin',(60.3191959421875,-128.369890394067,44.6195787906647));
#1745=CARTESIAN_POINT('',(48.8796409461648,-129.60265323212,43.6195787906647));
#1746=CARTESIAN_POINT('',(48.9867838033064,-130.59689686834,44.6195787906647));
#1747=CARTESIAN_POINT('Origin',(48.8796409461648,-129.60265323212,44.6195787906647));
#1748=CARTESIAN_POINT('',(60.6734689014374,-129.33750250431,44.6195787906647));
#1749=CARTESIAN_POINT('',(60.4263387993291,-129.364134030287,44.6195787906647));
#1750=CARTESIAN_POINT('',(60.5663260442958,-128.34325886809,43.6195787906647));
#1751=CARTESIAN_POINT('Origin',(60.5663260442958,-128.34325886809,44.6195787906647));
#1752=CARTESIAN_POINT('',(60.3191959421875,-128.369890394067,43.6195787906647));
#1753=CARTESIAN_POINT('Origin',(60.4323974727321,-127.100454322812,44.6195787906647));
#1754=CARTESIAN_POINT('',(60.6734689012919,-124.863406141318,44.6195787906647));
#1755=CARTESIAN_POINT('',(60.5663260441542,-125.857649777538,43.6195787906647));
#1756=CARTESIAN_POINT('Origin',(60.5663260441542,-125.857649777538,44.6195787906647));
#1757=CARTESIAN_POINT('Origin',(60.4323974727321,-127.100454322812,43.6195787906647));
#1758=CARTESIAN_POINT('Origin',(60.4323974727321,-127.100454322812,44.6195787906647));
#1759=CARTESIAN_POINT('Origin',(53.3995530849769,-125.085335524403,44.6195787906647));
#1760=CARTESIAN_POINT('',(48.9867838033111,-123.604011777288,44.6195787906647));
#1761=CARTESIAN_POINT('',(48.8796409461681,-124.598255413508,43.6195787906647));
#1762=CARTESIAN_POINT('Origin',(48.8796409461681,-124.598255413508,44.6195787906647));
#1763=CARTESIAN_POINT('',(53.3995530849769,-125.085335524403,43.6195787906647));
#1764=CARTESIAN_POINT('',(53.5066959421198,-124.091091888184,44.6195787906647));
#1765=CARTESIAN_POINT('Origin',(53.3995530849769,-125.085335524403,44.6195787906647));
#1766=CARTESIAN_POINT('',(46.807397472732,-123.620601596044,43.9581409628985));
#1767=CARTESIAN_POINT('Ctrl Pts',(46.8073974727323,-123.620601596044,43.9581409628985));
#1768=CARTESIAN_POINT('Ctrl Pts',(47.288843779708,-123.672483781668,43.9581409628985));
#1769=CARTESIAN_POINT('Ctrl Pts',(47.7554209493227,-123.825204694449,43.8283390041713));
#1770=CARTESIAN_POINT('Ctrl Pts',(48.3767336945607,-124.180441985054,43.6810498878661));
#1771=CARTESIAN_POINT('Ctrl Pts',(48.5706253327719,-124.319503073565,43.6401750314112));
#1772=CARTESIAN_POINT('Ctrl Pts',(48.7927489039769,-124.515428166222,43.6216381324195));
#1773=CARTESIAN_POINT('Ctrl Pts',(48.8367661015802,-124.556322222984,43.6195787906647));
#1774=CARTESIAN_POINT('Ctrl Pts',(48.8796409461681,-124.598255413508,43.6195787906647));
#1775=CARTESIAN_POINT('',(46.8341831870178,-123.372040686989,44.6195787906647));
#1776=CARTESIAN_POINT('',(53.5066959421198,-124.091091888184,44.6195787906647));
#1777=CARTESIAN_POINT('Origin',(46.7270403298749,-124.366284323208,44.6195787906647));
#1778=CARTESIAN_POINT('Origin',(60.3191959421875,-128.369890394067,44.6195787906647));
#1779=CARTESIAN_POINT('',(46.8073974727324,-130.580307049581,43.9581409628986));
#1780=CARTESIAN_POINT('Ctrl Pts',(48.8796409461648,-129.60265323212,43.6195787906647));
#1781=CARTESIAN_POINT('Ctrl Pts',(48.8367661015768,-129.644586422644,43.6195787906647));
#1782=CARTESIAN_POINT('Ctrl Pts',(48.7927489039735,-129.685480479405,43.6216381324195));
#1783=CARTESIAN_POINT('Ctrl Pts',(48.5706253327682,-129.881405572063,43.6401750314112));
#1784=CARTESIAN_POINT('Ctrl Pts',(48.3767336945568,-130.020466660574,43.6810498878661));
#1785=CARTESIAN_POINT('Ctrl Pts',(47.7554209493184,-130.375703951177,43.8283390041713));
#1786=CARTESIAN_POINT('Ctrl Pts',(47.2888437797034,-130.528424863958,43.9581409628986));
#1787=CARTESIAN_POINT('Ctrl Pts',(46.8073974727277,-130.580307049582,43.9581409628986));
#1788=CARTESIAN_POINT('',(46.8341831870178,-130.828867958636,44.6195787906647));
#1789=CARTESIAN_POINT('Origin',(46.7270403298762,-129.834624322416,44.6195787906647));
#1790=CARTESIAN_POINT('',(60.4263387993291,-129.364134030287,44.6195787906647));
#1791=CARTESIAN_POINT('Origin',(46.4323974727321,-127.100454322812,44.6195787906647));
#1792=CARTESIAN_POINT('Origin',(46.4323974727321,-127.100454322812,43.958140962899));
#1793=CARTESIAN_POINT('Origin',(46.4323974727321,-127.100454322812,44.6195787906647));
#1794=CARTESIAN_POINT('Origin',(46.8341831870178,-123.372040686989,41.3695787906647));
#1795=CARTESIAN_POINT('',(60.6734689012919,-124.863406141318,45.6195787906647));
#1796=CARTESIAN_POINT('',(60.6734689012919,-124.863406141318,41.3695787906647));
#1797=CARTESIAN_POINT('',(46.8341831870178,-123.372040686989,45.6195787906647));
#1798=CARTESIAN_POINT('',(46.8341831870178,-123.372040686989,45.6195787906647));
#1799=CARTESIAN_POINT('',(46.8341831870178,-123.372040686989,41.3695787906647));
#1800=CARTESIAN_POINT('Origin',(60.4323974727321,-127.100454322812,41.3695787906647));
#1801=CARTESIAN_POINT('',(60.6734689014374,-129.33750250431,45.6195787906647));
#1802=CARTESIAN_POINT('',(60.6734689014374,-129.33750250431,41.3695787906647));
#1803=CARTESIAN_POINT('Origin',(60.4323974727321,-127.100454322812,45.6195787906647));
#1804=CARTESIAN_POINT('Ctrl Pts',(65.7541454573068,-123.850454322809,37.8573836687176));
#1805=CARTESIAN_POINT('Ctrl Pts',(65.4312768143671,-123.850454322808,38.3338412830234));
#1806=CARTESIAN_POINT('Ctrl Pts',(64.8646731807529,-123.663018217615,38.9972921376552));
#1807=CARTESIAN_POINT('Ctrl Pts',(64.0336772477763,-123.198371545469,39.7084134997325));
#1808=CARTESIAN_POINT('Ctrl Pts',(63.3720973326076,-122.763438181103,40.1682251509291));
#1809=CARTESIAN_POINT('Ctrl Pts',(62.6957279823117,-122.272761199861,40.5449376487805));
#1810=CARTESIAN_POINT('Ctrl Pts',(61.7676309712766,-121.555677848135,40.9515684461451));
#1811=CARTESIAN_POINT('Ctrl Pts',(60.5839684588591,-120.583370601712,41.2811357325581));
#1812=CARTESIAN_POINT('Ctrl Pts',(59.6206877774012,-119.765763109703,41.3690030563019));
#1813=CARTESIAN_POINT('Ctrl Pts',(59.1377242338689,-119.355749498574,41.3695770061653));
#1814=CARTESIAN_POINT('Ctrl Pts',(59.1346056591439,-119.353102034278,41.3695787906647));
#1815=CARTESIAN_POINT('Ctrl Pts',(59.1314868237665,-119.350454322812,41.3695787906647));
#1816=CARTESIAN_POINT('Ctrl Pts',(65.7541454573081,-123.17725589704,37.8573836687176));
#1817=CARTESIAN_POINT('Ctrl Pts',(65.4752933110652,-123.210595709502,38.2713043316058));
#1818=CARTESIAN_POINT('Ctrl Pts',(64.9668083613449,-123.101072575529,38.89076942489));
#1819=CARTESIAN_POINT('Ctrl Pts',(64.1753401952159,-122.740929187098,39.6011802953242));
#1820=CARTESIAN_POINT('Ctrl Pts',(63.5258343860067,-122.382597471366,40.0753114724042));
#1821=CARTESIAN_POINT('Ctrl Pts',(62.8460623949401,-121.963218112264,40.4736135643583));
#1822=CARTESIAN_POINT('Ctrl Pts',(61.8966896414433,-121.335987171509,40.9107792550946));
#1823=CARTESIAN_POINT('Ctrl Pts',(60.663084254462,-120.466572964287,41.2725436940574));
#1824=CARTESIAN_POINT('Ctrl Pts',(59.6470455229267,-119.726283778426,41.3690524681569));
#1825=CARTESIAN_POINT('Ctrl Pts',(59.1380577133725,-119.355244868357,41.3695763234924));
#1826=CARTESIAN_POINT('Ctrl Pts',(59.1347727396114,-119.352849871282,41.3695787906647));
#1827=CARTESIAN_POINT('Ctrl Pts',(59.1314868237665,-119.350454322812,41.3695787906647));
#1828=CARTESIAN_POINT('Ctrl Pts',(66.2226571288626,-122.012181414906,38.174867791237));
#1829=CARTESIAN_POINT('Ctrl Pts',(65.9444008813042,-122.098585774759,38.4815123573486));
#1830=CARTESIAN_POINT('Ctrl Pts',(65.4266312883002,-122.121053677847,38.9981042254575));
#1831=CARTESIAN_POINT('Ctrl Pts',(64.5906660607338,-121.939099768152,39.6429553051401));
#1832=CARTESIAN_POINT('Ctrl Pts',(63.8970812392694,-121.713519284688,40.0900884243119));
#1833=CARTESIAN_POINT('Ctrl Pts',(63.1649801636322,-121.418318008492,40.4757093242877));
#1834=CARTESIAN_POINT('Ctrl Pts',(62.1380958791655,-120.9487867613,40.9066795945387));
#1835=CARTESIAN_POINT('Ctrl Pts',(60.7976667633018,-120.26011110077,41.2702739552755));
#1836=CARTESIAN_POINT('Ctrl Pts',(59.6927392665032,-119.656968871263,41.3689245658798));
#1837=CARTESIAN_POINT('Ctrl Pts',(59.1386432179254,-119.354362766693,41.3695768388164));
#1838=CARTESIAN_POINT('Ctrl Pts',(59.1350651304296,-119.352408586039,41.3695787906647));
#1839=CARTESIAN_POINT('Ctrl Pts',(59.1314868237665,-119.350454322812,41.3695787906647));
#1840=CARTESIAN_POINT('Ctrl Pts',(67.1987966323826,-121.600454322813,38.8363428676304));
#1841=CARTESIAN_POINT('Ctrl Pts',(66.8254643356045,-121.639212775297,39.1249152127472));
#1842=CARTESIAN_POINT('Ctrl Pts',(66.1619094147151,-121.606696798258,39.5625097852991));
#1843=CARTESIAN_POINT('Ctrl Pts',(65.1655776777215,-121.420331115498,40.0718466001581));
#1844=CARTESIAN_POINT('Ctrl Pts',(64.3641173178392,-121.219747809157,40.4153372305143));
#1845=CARTESIAN_POINT('Ctrl Pts',(63.5378524362626,-120.973889713323,40.7062554024187));
#1846=CARTESIAN_POINT('Ctrl Pts',(62.3974735453682,-120.595351683943,41.0279346243305));
#1847=CARTESIAN_POINT('Ctrl Pts',(60.9338194053693,-120.055286045995,41.2964019946647));
#1848=CARTESIAN_POINT('Ctrl Pts',(59.7385911073779,-119.587814349675,41.369086938654));
#1849=CARTESIAN_POINT('Ctrl Pts',(59.1392280235104,-119.353479956511,41.369577399435));
#1850=CARTESIAN_POINT('Ctrl Pts',(59.1353575212478,-119.351967300796,41.3695787906647));
#1851=CARTESIAN_POINT('Ctrl Pts',(59.1314868237665,-119.350454322812,41.3695787906647));
#1852=CARTESIAN_POINT('Ctrl Pts',(67.6167681979926,-121.600454322812,39.1195787906673));
#1853=CARTESIAN_POINT('Ctrl Pts',(67.203092749226,-121.600454322812,39.4248094498321));
#1854=CARTESIAN_POINT('Ctrl Pts',(66.4771318436577,-121.506736270215,39.8498326535805));
#1855=CARTESIAN_POINT('Ctrl Pts',(65.4124183045312,-121.274412934142,40.3053947761613));
#1856=CARTESIAN_POINT('Ctrl Pts',(64.564769038221,-121.056946251959,40.5999616152091));
#1857=CARTESIAN_POINT('Ctrl Pts',(63.6981708081542,-120.811607761337,40.8412930591452));
#1858=CARTESIAN_POINT('Ctrl Pts',(62.5090465127651,-120.453066085473,41.101790913707));
#1859=CARTESIAN_POINT('Ctrl Pts',(60.9924789187296,-119.966912462262,41.3129199565652));
#1860=CARTESIAN_POINT('Ctrl Pts',(59.7582755456112,-119.558108716256,41.3692099608388));
#1861=CARTESIAN_POINT('Ctrl Pts',(59.1394785054601,-119.353101910693,41.3695776474698));
#1862=CARTESIAN_POINT('Ctrl Pts',(59.1354828315985,-119.351778178548,41.3695787906647));
#1863=CARTESIAN_POINT('Ctrl Pts',(59.1314868237665,-119.350454322812,41.3695787906647));
#1864=CARTESIAN_POINT('',(65.7541454573068,-123.850454322809,37.8573836687176));
#1865=CARTESIAN_POINT('',(59.1314868237665,-119.350454322812,41.3695787906647));
#1866=CARTESIAN_POINT('Ctrl Pts',(65.7541454573068,-123.850454322809,37.8573836687176));
#1867=CARTESIAN_POINT('Ctrl Pts',(65.4312768143671,-123.850454322808,38.3338412830234));
#1868=CARTESIAN_POINT('Ctrl Pts',(64.8646731807529,-123.663018217615,38.9972921376552));
#1869=CARTESIAN_POINT('Ctrl Pts',(64.0336772477763,-123.198371545469,39.7084134997325));
#1870=CARTESIAN_POINT('Ctrl Pts',(63.3720973326076,-122.763438181103,40.1682251509291));
#1871=CARTESIAN_POINT('Ctrl Pts',(62.6957279823117,-122.272761199861,40.5449376487805));
#1872=CARTESIAN_POINT('Ctrl Pts',(61.7676309712766,-121.555677848135,40.9515684461451));
#1873=CARTESIAN_POINT('Ctrl Pts',(60.5839684588591,-120.583370601712,41.2811357325581));
#1874=CARTESIAN_POINT('Ctrl Pts',(59.6206877774012,-119.765763109703,41.3690030563019));
#1875=CARTESIAN_POINT('Ctrl Pts',(59.1377242338689,-119.355749498574,41.3695770061653));
#1876=CARTESIAN_POINT('Ctrl Pts',(59.1346056591439,-119.353102034278,41.3695787906647));
#1877=CARTESIAN_POINT('Ctrl Pts',(59.1314868237665,-119.350454322812,41.3695787906647));
#1878=CARTESIAN_POINT('',(67.6167681979926,-121.600454322812,39.119578790666));
#1879=CARTESIAN_POINT('Ctrl Pts',(59.1314868237665,-119.350454322812,41.3695787906647));
#1880=CARTESIAN_POINT('Ctrl Pts',(59.1354828315985,-119.351778178548,41.3695787906647));
#1881=CARTESIAN_POINT('Ctrl Pts',(59.1394785054601,-119.353101910693,41.3695776474698));
#1882=CARTESIAN_POINT('Ctrl Pts',(59.7582755456112,-119.558108716256,41.3692099608388));
#1883=CARTESIAN_POINT('Ctrl Pts',(60.9924789187296,-119.966912462262,41.3129199565652));
#1884=CARTESIAN_POINT('Ctrl Pts',(62.5090465127651,-120.453066085473,41.101790913707));
#1885=CARTESIAN_POINT('Ctrl Pts',(63.6981708081542,-120.811607761337,40.8412930591452));
#1886=CARTESIAN_POINT('Ctrl Pts',(64.564769038221,-121.056946251959,40.5999616152091));
#1887=CARTESIAN_POINT('Ctrl Pts',(65.4124183045312,-121.274412934142,40.3053947761613));
#1888=CARTESIAN_POINT('Ctrl Pts',(66.4771318436577,-121.506736270215,39.8498326535805));
#1889=CARTESIAN_POINT('Ctrl Pts',(67.203092749226,-121.600454322812,39.4248094498321));
#1890=CARTESIAN_POINT('Ctrl Pts',(67.6167681979926,-121.600454322812,39.1195787906673));
#1891=CARTESIAN_POINT('Origin',(67.6167681979926,-123.850454322812,39.1195787906699));
#1892=CARTESIAN_POINT('Origin',(59.1314868237576,-123.850454322766,33.3695787906647));
#1893=CARTESIAN_POINT('',(68.545278567791,-121.600454322812,37.4245787906608));
#1894=CARTESIAN_POINT('',(66.4788364776373,-123.850454322766,36.5344568394421));
#1895=CARTESIAN_POINT('Origin',(68.545278567791,-123.850454322766,37.4245787906608));
#1896=CARTESIAN_POINT('Origin',(59.1314868237576,-123.850454322766,33.3695787906647));
#1897=CARTESIAN_POINT('Origin',(59.1314868237576,-121.600454322812,33.3695787906647));
#1898=CARTESIAN_POINT('Ctrl Pts',(67.1314868237626,-121.301601421791,33.3695787908415));
#1899=CARTESIAN_POINT('Ctrl Pts',(67.1314868237558,-121.965781110134,33.6190100422926));
#1900=CARTESIAN_POINT('Ctrl Pts',(67.1132409272009,-122.938798130514,34.2533622793066));
#1901=CARTESIAN_POINT('Ctrl Pts',(66.8824751967243,-123.712688088851,35.4544871289897));
#1902=CARTESIAN_POINT('Ctrl Pts',(66.6305589374923,-123.850454322808,36.1822290613981));
#1903=CARTESIAN_POINT('Ctrl Pts',(66.4788364776373,-123.850454322808,36.5344568394421));
#1904=CARTESIAN_POINT('Ctrl Pts',(67.1314868237498,-121.009710498347,33.9762053722575));
#1905=CARTESIAN_POINT('Ctrl Pts',(67.1120433132805,-121.568804441135,34.1884970771329));
#1906=CARTESIAN_POINT('Ctrl Pts',(67.0477613111241,-122.370441890214,34.7166619506418));
#1907=CARTESIAN_POINT('Ctrl Pts',(66.8149900307274,-123.014919592108,35.6532593727542));
#1908=CARTESIAN_POINT('Ctrl Pts',(66.6052172423291,-123.159911817538,36.239441522221));
#1909=CARTESIAN_POINT('Ctrl Pts',(66.4788364776384,-123.17725589704,36.5344568394426));
#1910=CARTESIAN_POINT('Ctrl Pts',(67.6965995211758,-120.504407063225,35.026359627875));
#1911=CARTESIAN_POINT('Ctrl Pts',(67.6664462147399,-120.883470788292,35.1916777669797));
#1912=CARTESIAN_POINT('Ctrl Pts',(67.5746652948105,-121.391297382262,35.57938060112));
#1913=CARTESIAN_POINT('Ctrl Pts',(67.3239976720386,-121.814881300989,36.1669078319225));
#1914=CARTESIAN_POINT('Ctrl Pts',(67.1211956933371,-121.966771233356,36.548353058781));
#1915=CARTESIAN_POINT('Ctrl Pts',(66.9978465503756,-122.011856599771,36.7580209358421));
#1916=CARTESIAN_POINT('Ctrl Pts',(68.8765880044296,-120.326027872299,35.3970787907735));
#1917=CARTESIAN_POINT('Ctrl Pts',(68.8676884338412,-120.651687936606,35.5539515546802));
#1918=CARTESIAN_POINT('Ctrl Pts',(68.8241887344843,-121.108458435693,35.9396680062456));
#1919=CARTESIAN_POINT('Ctrl Pts',(68.5419912534434,-121.480144745014,36.6054684129225));
#1920=CARTESIAN_POINT('Ctrl Pts',(68.2548787822146,-121.580267204487,37.0165312387376));
#1921=CARTESIAN_POINT('Ctrl Pts',(68.0815700471132,-121.600454322812,37.2248358918933));
#1922=CARTESIAN_POINT('Ctrl Pts',(69.3814868237626,-120.326027872304,35.397078790776));
#1923=CARTESIAN_POINT('Ctrl Pts',(69.3814868237542,-120.658117716475,35.5568706862369));
#1924=CARTESIAN_POINT('Ctrl Pts',(69.3581092687938,-121.144626226665,35.9632525880741));
#1925=CARTESIAN_POINT('Ctrl Pts',(69.062440676621,-121.531571205834,36.7327231949022));
#1926=CARTESIAN_POINT('Ctrl Pts',(68.73967296948,-121.600454322812,37.1989328703516));
#1927=CARTESIAN_POINT('Ctrl Pts',(68.545278567791,-121.600454322812,37.4245787906608));
#1928=CARTESIAN_POINT('',(69.3814868237626,-120.326027872308,35.3970787907781));
#1929=CARTESIAN_POINT('',(67.1314868237626,-121.301601421831,33.3695787907607));
#1930=CARTESIAN_POINT('Origin',(69.3814868237626,-121.301601421804,33.3695787908954));
#1931=CARTESIAN_POINT('Ctrl Pts',(67.1314868237626,-121.301601421791,33.3695787908415));
#1932=CARTESIAN_POINT('Ctrl Pts',(67.1314868237558,-121.965781110134,33.6190100422926));
#1933=CARTESIAN_POINT('Ctrl Pts',(67.1132409272009,-122.938798130514,34.2533622793066));
#1934=CARTESIAN_POINT('Ctrl Pts',(66.8824751967243,-123.712688088851,35.4544871289897));
#1935=CARTESIAN_POINT('Ctrl Pts',(66.6305589374923,-123.850454322808,36.1822290613981));
#1936=CARTESIAN_POINT('Ctrl Pts',(66.4788364776373,-123.850454322808,36.5344568394421));
#1937=CARTESIAN_POINT('Ctrl Pts',(68.545278567791,-121.600454322812,37.4245787906608));
#1938=CARTESIAN_POINT('Ctrl Pts',(68.73967296948,-121.600454322812,37.1989328703516));
#1939=CARTESIAN_POINT('Ctrl Pts',(69.062440676621,-121.531571205834,36.7327231949022));
#1940=CARTESIAN_POINT('Ctrl Pts',(69.3581092687938,-121.144626226665,35.9632525880741));
#1941=CARTESIAN_POINT('Ctrl Pts',(69.3814868237542,-120.658117716475,35.5568706862369));
#1942=CARTESIAN_POINT('Ctrl Pts',(69.3814868237626,-120.326027872304,35.397078790776));
#1943=CARTESIAN_POINT('Origin',(69.3814868237869,-119.350454322812,37.4245787906608));
#1944=CARTESIAN_POINT('',(69.3814868237869,-119.35045432281,35.1745787906608));
#1945=CARTESIAN_POINT('',(67.1314868237665,-119.350454322803,32.9245787906608));
#1946=CARTESIAN_POINT('Origin',(69.3814868237869,-119.350454322808,32.9245787906608));
#1947=CARTESIAN_POINT('Origin',(67.1314868237665,-119.350454322808,37.4245787906608));
#1948=CARTESIAN_POINT('Origin',(69.3814868237869,-119.350454322812,37.4245787906608));
#1949=CARTESIAN_POINT('Ctrl Pts',(66.4788364776626,-110.350454322808,36.5344568394456));
#1950=CARTESIAN_POINT('Ctrl Pts',(66.5926308720477,-110.350454322808,36.2702800871943));
#1951=CARTESIAN_POINT('Ctrl Pts',(66.7908665470895,-110.428814567071,35.7307985630542));
#1952=CARTESIAN_POINT('Ctrl Pts',(67.1017076556552,-110.999102268918,34.4869732782715));
#1953=CARTESIAN_POINT('Ctrl Pts',(67.1314868237811,-112.013691042989,33.7021700400224));
#1954=CARTESIAN_POINT('Ctrl Pts',(67.1314868237793,-112.899307224305,33.3695787906647));
#1955=CARTESIAN_POINT('Ctrl Pts',(66.4788364776615,-111.023652748578,36.5344568394451));
#1956=CARTESIAN_POINT('Ctrl Pts',(66.5736241748398,-111.036661099649,36.3131903941898));
#1957=CARTESIAN_POINT('Ctrl Pts',(66.7387962320242,-111.126177129898,35.87173666699));
#1958=CARTESIAN_POINT('Ctrl Pts',(67.0215203154746,-111.618924613854,34.9012290903262));
#1959=CARTESIAN_POINT('Ctrl Pts',(67.105560876652,-112.445703138866,34.2592748068445));
#1960=CARTESIAN_POINT('Ctrl Pts',(67.1314868237787,-113.191198147674,33.9762053721083));
#1961=CARTESIAN_POINT('Ctrl Pts',(66.9978392995192,-112.189057990854,36.7580178125214));
#1962=CARTESIAN_POINT('Ctrl Pts',(67.0903532294581,-112.222872773265,36.6007633815367));
#1963=CARTESIAN_POINT('Ctrl Pts',(67.2504369623471,-112.327393906352,36.3033433486098));
#1964=CARTESIAN_POINT('Ctrl Pts',(67.5390274304448,-112.685743713377,35.700144601074));
#1965=CARTESIAN_POINT('Ctrl Pts',(67.6563852535566,-113.19106116869,35.2467999388246));
#1966=CARTESIAN_POINT('Ctrl Pts',(67.696591626253,-113.696504160351,35.0263649848688));
#1967=CARTESIAN_POINT('Ctrl Pts',(68.0815700471372,-112.600454322812,37.2248358918971));
#1968=CARTESIAN_POINT('Ctrl Pts',(68.2115545106856,-112.615595000774,37.0686039017483));
#1969=CARTESIAN_POINT('Ctrl Pts',(68.4376363064052,-112.680665298273,36.7582788185371));
#1970=CARTESIAN_POINT('Ctrl Pts',(68.8032887039726,-112.974751410236,36.0728188087415));
#1971=CARTESIAN_POINT('Ctrl Pts',(68.8647213306463,-113.44064614154,35.6062526942377));
#1972=CARTESIAN_POINT('Ctrl Pts',(68.8765880044521,-113.87488077356,35.3970787906654));
#1973=CARTESIAN_POINT('Ctrl Pts',(68.5452785678159,-112.600454322812,37.4245787906653));
#1974=CARTESIAN_POINT('Ctrl Pts',(68.6910776356217,-112.600454322812,37.2553405587544));
#1975=CARTESIAN_POINT('Ctrl Pts',(68.9450670942691,-112.639634444944,36.909735207352));
#1976=CARTESIAN_POINT('Ctrl Pts',(69.3433322646191,-112.924778295867,36.1129096342882));
#1977=CARTESIAN_POINT('Ctrl Pts',(69.3814868237811,-113.432072682903,35.6101450597847));
#1978=CARTESIAN_POINT('Ctrl Pts',(69.3814868237793,-113.874880773561,35.397078790665));
#1979=CARTESIAN_POINT('',(67.1314868237793,-112.899307224305,33.3695787906647));
#1980=CARTESIAN_POINT('',(69.3814868237793,-113.874880773561,35.397078790665));
#1981=CARTESIAN_POINT('Origin',(69.3814868237793,-112.89930722431,33.3695787906647));
#1982=CARTESIAN_POINT('Ctrl Pts',(69.3814868237793,-113.874880773561,35.397078790665));
#1983=CARTESIAN_POINT('Ctrl Pts',(69.3814868237811,-113.432072682903,35.6101450597847));
#1984=CARTESIAN_POINT('Ctrl Pts',(69.3433322646191,-112.924778295867,36.1129096342882));
#1985=CARTESIAN_POINT('Ctrl Pts',(68.9450670942691,-112.639634444944,36.909735207352));
#1986=CARTESIAN_POINT('Ctrl Pts',(68.6910776356217,-112.600454322812,37.2553405587544));
#1987=CARTESIAN_POINT('Ctrl Pts',(68.5452785678159,-112.600454322812,37.4245787906653));
#1988=CARTESIAN_POINT('',(66.4788364776626,-110.350454322808,36.5344568394456));
#1989=CARTESIAN_POINT('Origin',(68.5452785678159,-110.350454322812,37.4245787906653));
#1990=CARTESIAN_POINT('Ctrl Pts',(66.4788364776626,-110.350454322808,36.5344568394456));
#1991=CARTESIAN_POINT('Ctrl Pts',(66.5926308720477,-110.350454322808,36.2702800871943));
#1992=CARTESIAN_POINT('Ctrl Pts',(66.7908665470895,-110.428814567071,35.7307985630542));
#1993=CARTESIAN_POINT('Ctrl Pts',(67.1017076556552,-110.999102268918,34.4869732782715));
#1994=CARTESIAN_POINT('Ctrl Pts',(67.1314868237811,-112.013691042989,33.7021700400224));
#1995=CARTESIAN_POINT('Ctrl Pts',(67.1314868237793,-112.899307224305,33.3695787906647));
#1996=CARTESIAN_POINT('Origin',(59.1314868237844,-110.350454322781,33.3695787906647));
#1997=CARTESIAN_POINT('',(65.9345202740578,-110.350454322781,37.5789416729143));
#1998=CARTESIAN_POINT('Origin',(67.8478734319472,-110.350454322781,38.762824983547));
#1999=CARTESIAN_POINT('Origin',(59.1314868237844,-110.350454322781,33.3695787906647));
#2000=CARTESIAN_POINT('Origin',(69.3814868237869,-114.850454322812,37.4245787906653));
#2001=CARTESIAN_POINT('',(67.1314868237754,-114.850454322803,32.9245787906653));
#2002=CARTESIAN_POINT('',(69.3814868237869,-114.85045432281,35.1745787906653));
#2003=CARTESIAN_POINT('Origin',(69.3814868237869,-114.850454322808,32.9245787906653));
#2004=CARTESIAN_POINT('Origin',(69.3814868237869,-114.850454322812,37.4245787906653));
#2005=CARTESIAN_POINT('Origin',(67.1314868237754,-114.850454322808,37.4245787906653));
#2006=CARTESIAN_POINT('Origin',(69.3814868237834,-110.850454322807,32.9245787906693));
#2007=CARTESIAN_POINT('',(67.1314868237834,-110.850454322802,32.9245787906693));
#2008=CARTESIAN_POINT('',(69.3814868237834,-110.850454322809,35.1745787906693));
#2009=CARTESIAN_POINT('Origin',(59.1314868237844,-110.350454322781,33.3695787906647));
#2010=CARTESIAN_POINT('',(65.7635235791013,-110.575953858999,37.8637386966459));
#2011=CARTESIAN_POINT('Ctrl Pts',(65.7635235791183,-110.575953858976,37.8637386966731));
#2012=CARTESIAN_POINT('Ctrl Pts',(65.8207590653884,-110.500475349802,37.7657232516025));
#2013=CARTESIAN_POINT('Ctrl Pts',(65.8778302586511,-110.425213499768,37.6705622059728));
#2014=CARTESIAN_POINT('Ctrl Pts',(65.9345202740578,-110.350454322781,37.5789416729143));
#2015=CARTESIAN_POINT('Origin',(67.616768198023,-110.350454322781,39.1195787906647));
#2016=CARTESIAN_POINT('Ctrl Pts',(67.616768198023,-112.600454322812,39.1195787906647));
#2017=CARTESIAN_POINT('Ctrl Pts',(67.1648759794102,-112.600454322812,39.4530077146436));
#2018=CARTESIAN_POINT('Ctrl Pts',(65.9259905665615,-112.772585317734,40.1631260695229));
#2019=CARTESIAN_POINT('Ctrl Pts',(64.4659657681435,-113.165998206764,40.6467126804983));
#2020=CARTESIAN_POINT('Ctrl Pts',(63.608148857666,-113.41832458542,40.8549474590678));
#2021=CARTESIAN_POINT('Ctrl Pts',(67.2255094519373,-112.600454322812,38.8544446494655));
#2022=CARTESIAN_POINT('Ctrl Pts',(66.8149374536163,-112.560907352306,39.1709123868143));
#2023=CARTESIAN_POINT('Ctrl Pts',(65.6737968881295,-112.636510583109,39.9075364570015));
#2024=CARTESIAN_POINT('Ctrl Pts',(64.2846180367118,-113.009444893066,40.4812056129676));
#2025=CARTESIAN_POINT('Ctrl Pts',(63.4614340638337,-113.269972270127,40.7325182794877));
#2026=CARTESIAN_POINT('Ctrl Pts',(66.3112485054447,-112.241896456854,38.2349012058865));
#2027=CARTESIAN_POINT('Ctrl Pts',(65.9978385514257,-112.150373117977,38.5658506151216));
#2028=CARTESIAN_POINT('Ctrl Pts',(65.0857469623461,-112.133673653061,39.4317666254957));
#2029=CARTESIAN_POINT('Ctrl Pts',(63.861326312117,-112.551956608429,40.1854512075996));
#2030=CARTESIAN_POINT('Ctrl Pts',(63.1190498174946,-112.865415026486,40.5175156067539));
#2031=CARTESIAN_POINT('Ctrl Pts',(65.8158072329063,-111.202954896356,37.8991684008737));
#2032=CARTESIAN_POINT('Ctrl Pts',(65.5133021941781,-111.157500168653,38.3334755146094));
#2033=CARTESIAN_POINT('Ctrl Pts',(64.6452134211471,-111.331487008572,39.3551614370502));
#2034=CARTESIAN_POINT('Ctrl Pts',(63.5055741944622,-111.953733682234,40.1477436348866));
#2035=CARTESIAN_POINT('Ctrl Pts',(62.8181747214497,-112.373050958857,40.4944098098625));
#2036=CARTESIAN_POINT('Ctrl Pts',(65.7635235791225,-110.575953858971,37.8637386966603));
#2037=CARTESIAN_POINT('Ctrl Pts',(65.4248545764312,-110.564059854728,38.3613772235475));
#2038=CARTESIAN_POINT('Ctrl Pts',(64.4865142645169,-110.863300543002,39.4474872258297));
#2039=CARTESIAN_POINT('Ctrl Pts',(63.3491167948065,-111.606219128943,40.213937756544));
#2040=CARTESIAN_POINT('Ctrl Pts',(62.6753921094682,-112.088337207768,40.5453144680492));
#2041=CARTESIAN_POINT('',(63.608148857666,-113.41832458542,40.8549474590678));
#2042=CARTESIAN_POINT('Ctrl Pts',(63.608148857666,-113.41832458542,40.8549474590678));
#2043=CARTESIAN_POINT('Ctrl Pts',(63.8936473587336,-113.041827369506,40.5442394989823));
#2044=CARTESIAN_POINT('Ctrl Pts',(64.1610955300749,-112.689133777299,40.2398348794136));
#2045=CARTESIAN_POINT('Ctrl Pts',(65.093680025938,-111.459300818513,39.062458431085));
#2046=CARTESIAN_POINT('Ctrl Pts',(65.446994267726,-110.993372528597,38.4057933441462));
#2047=CARTESIAN_POINT('Ctrl Pts',(65.7635235791225,-110.575953858971,37.8637386966603));
#2048=CARTESIAN_POINT('Ctrl Pts',(67.616768198023,-112.600454322812,39.1195787906647));
#2049=CARTESIAN_POINT('Ctrl Pts',(67.1648759794102,-112.600454322812,39.4530077146436));
#2050=CARTESIAN_POINT('Ctrl Pts',(65.9259905665615,-112.772585317734,40.1631260695229));
#2051=CARTESIAN_POINT('Ctrl Pts',(64.4659657681435,-113.165998206764,40.6467126804983));
#2052=CARTESIAN_POINT('Ctrl Pts',(63.608148857666,-113.41832458542,40.8549474590678));
#2053=CARTESIAN_POINT('Origin',(82.7323974727321,-119.350454322812,37.4245787906608));
#2054=CARTESIAN_POINT('',(70.3823974727524,-121.600454322812,37.4245787906608));
#2055=CARTESIAN_POINT('',(82.7323974727321,-121.600454322812,37.4245787906608));
#2056=CARTESIAN_POINT('',(70.3823974727524,-119.35045432281,35.1745787906466));
#2057=CARTESIAN_POINT('Origin',(70.3823974727524,-119.350454322812,37.4245787906608));
#2058=CARTESIAN_POINT('',(82.7323974727321,-119.35045432281,35.1745787906608));
#2059=CARTESIAN_POINT('Origin',(82.7323974727321,-121.600454322812,35.1745787906586));
#2060=CARTESIAN_POINT('',(82.4937532936612,-121.600454322829,39.1195787906647));
#2061=CARTESIAN_POINT('',(71.3323974727321,-121.600454322812,39.1195787906647));
#2062=CARTESIAN_POINT('',(82.7323974727321,-121.600454322812,37.1195787906647));
#2063=CARTESIAN_POINT('Origin',(74.2323974727321,-121.600454322806,37.1195787906647));
#2064=CARTESIAN_POINT('',(82.7323974727321,-121.600454322812,35.1745787906586));
#2065=CARTESIAN_POINT('',(82.7323974727321,-121.600454322812,36.1470787906616));
#2066=CARTESIAN_POINT('',(70.3823974727524,-121.600454322812,35.1745787906586));
#2067=CARTESIAN_POINT('',(76.5573974727422,-121.600454322812,35.174578790656));
#2068=CARTESIAN_POINT('',(70.3823974727524,-121.600454322812,23.5245787906482));
#2069=CARTESIAN_POINT('',(75.8823974727321,-121.600454322812,37.6745787906647));
#2070=CARTESIAN_POINT('Origin',(76.6823974727321,-121.600454322812,37.6745787906647));
#2071=CARTESIAN_POINT('Origin',(71.3323974727321,-119.350454322812,39.1195787906647));
#2072=CARTESIAN_POINT('',(81.5936134048998,-119.350454322812,41.3695787906647));
#2073=CARTESIAN_POINT('',(71.3323974727321,-119.350454322812,41.3695787906647));
#2074=CARTESIAN_POINT('Ctrl Pts',(81.5936134048998,-119.350454322812,41.3695787906647));
#2075=CARTESIAN_POINT('Ctrl Pts',(81.5936134048998,-119.635547920118,41.3695787906647));
#2076=CARTESIAN_POINT('Ctrl Pts',(81.6276110585722,-119.935660049549,41.3121061215992));
#2077=CARTESIAN_POINT('Ctrl Pts',(81.7508073593008,-120.481436184112,41.0869433047996));
#2078=CARTESIAN_POINT('Ctrl Pts',(81.8386086512974,-120.727506273083,40.9194753234508));
#2079=CARTESIAN_POINT('Ctrl Pts',(82.0210567986057,-121.126162093359,40.5306528225372));
#2080=CARTESIAN_POINT('Ctrl Pts',(82.1293963994596,-121.303085100858,40.2780113994598));
#2081=CARTESIAN_POINT('Ctrl Pts',(82.330668656346,-121.540337525552,39.7188657041473));
#2082=CARTESIAN_POINT('Ctrl Pts',(82.4229516412479,-121.600454322812,39.4120376123127));
#2083=CARTESIAN_POINT('Ctrl Pts',(82.4937532936612,-121.600454322812,39.1195787906647));
#2084=CARTESIAN_POINT('Origin',(67.1314868237869,-109.100454322798,5.42957879066467));
#2085=CARTESIAN_POINT('',(67.1314868237869,-109.100454322798,33.3695787906647));
#2086=CARTESIAN_POINT('',(67.131486823769,-118.100454322812,33.3695787906647));
#2087=CARTESIAN_POINT('',(67.1314868237869,-109.100454322798,13.4295787906647));
#2088=CARTESIAN_POINT('',(67.1314868237869,-109.100454322798,25.5245787906647));
#2089=CARTESIAN_POINT('',(67.1314868237383,-133.550454322812,13.4295787906647));
#2090=CARTESIAN_POINT('',(67.1314868237658,-119.725454358613,13.4295787906647));
#2091=CARTESIAN_POINT('',(67.1314868237383,-133.550454322812,33.3695787906647));
#2092=CARTESIAN_POINT('',(67.1314868237383,-133.550454322812,13.8738138349922));
#2093=CARTESIAN_POINT('',(67.131486823769,-118.100454322812,33.3695787906647));
#2094=CARTESIAN_POINT('Origin',(59.131486823769,-118.100454322797,33.3695787906647));
#2095=CARTESIAN_POINT('',(66.8823974727335,-109.100454322798,35.3503322109685));
#2096=CARTESIAN_POINT('Origin',(59.1314868237666,-119.321860982452,33.3695787906647));
#2097=CARTESIAN_POINT('Origin',(59.1314868237869,-109.100454322782,33.3695787906647));
#2098=CARTESIAN_POINT('Origin',(59.131486823769,-118.100454322797,33.3695787906647));
#2099=CARTESIAN_POINT('',(59.1314868237383,-133.550454322812,41.3695787906647));
#2100=CARTESIAN_POINT('Origin',(59.1314868237383,-133.550454322805,33.3695787906647));
#2101=CARTESIAN_POINT('',(59.131486823769,-118.100454322797,41.3695787906647));
#2102=CARTESIAN_POINT('Origin',(78.8567591815985,-114.850454322812,37.4245787906653));
#2103=CARTESIAN_POINT('',(70.3823974727524,-114.85045432281,35.1745787906466));
#2104=CARTESIAN_POINT('',(78.8567591815985,-114.85045432281,35.1745787906653));
#2105=CARTESIAN_POINT('Origin',(70.3823974727524,-114.850454322812,37.4245787906653));
#2106=CARTESIAN_POINT('Origin',(82.7323974727321,-112.600454322812,35.1745787906675));
#2107=CARTESIAN_POINT('',(70.3823974727524,-133.600454322812,35.1745787906466));
#2108=CARTESIAN_POINT('Origin',(59.9323974727321,-127.100454322812,41.3695787906647));
#2109=CARTESIAN_POINT('',(41.4879870093356,-133.550454322812,41.3695787906647));
#2110=CARTESIAN_POINT('',(61.3253310353884,-133.550454322812,41.3695787906647));
#2111=CARTESIAN_POINT('',(39.9323973582482,-131.600454465946,41.3695787906647));
#2112=CARTESIAN_POINT('Origin',(41.9323973582482,-131.600454465946,41.3695787906647));
#2113=CARTESIAN_POINT('',(39.9323973582482,-122.600454322812,41.3695787906647));
#2114=CARTESIAN_POINT('',(39.9323973582482,-122.600454322812,41.3695787906647));
#2115=CARTESIAN_POINT('',(41.9323973582482,-120.600454322812,41.3695787906647));
#2116=CARTESIAN_POINT('Origin',(41.9323973582482,-122.600454322812,41.3695787906647));
#2117=CARTESIAN_POINT('',(56.2993139838429,-120.600454322812,41.3695787906647));
#2118=CARTESIAN_POINT('',(59.0471623587602,-120.600454322812,41.3695787906647));
#2119=CARTESIAN_POINT('',(59.2873650579494,-119.116298708142,41.3695787906647));
#2120=CARTESIAN_POINT('Origin',(56.2993139838429,-116.850454322812,41.3695787906647));
#2121=CARTESIAN_POINT('',(62.5221623587553,-114.850454322812,41.3695787906647));
#2122=CARTESIAN_POINT('',(66.8823974727335,-109.100454322798,41.3695787906647));
#2123=CARTESIAN_POINT('',(81.5936134048998,-114.850454322812,41.3695787906647));
#2124=CARTESIAN_POINT('',(67.4567591815986,-114.850454322812,41.3695787906647));
#2125=CARTESIAN_POINT('',(81.5936134048998,-109.100454322812,41.3695787906647));
#2126=CARTESIAN_POINT('',(49.9323974727321,-127.100454322812,41.3695787906647));
#2127=CARTESIAN_POINT('Origin',(46.4323974727321,-127.100454322812,41.3695787906647));
#2128=CARTESIAN_POINT('Origin',(67.4567591815986,-114.850454322812,39.1195787906647));
#2129=CARTESIAN_POINT('Ctrl Pts',(82.4937532936612,-112.600454322812,39.1195787906647));
#2130=CARTESIAN_POINT('Ctrl Pts',(82.4229516412473,-112.600454322815,39.4120376123126));
#2131=CARTESIAN_POINT('Ctrl Pts',(82.330668656346,-112.660571120073,39.7188657041473));
#2132=CARTESIAN_POINT('Ctrl Pts',(82.1293963994596,-112.897823544767,40.2780113994598));
#2133=CARTESIAN_POINT('Ctrl Pts',(82.0210567986057,-113.074746552266,40.5306528225372));
#2134=CARTESIAN_POINT('Ctrl Pts',(81.8386086512974,-113.473402372542,40.9194753234508));
#2135=CARTESIAN_POINT('Ctrl Pts',(81.7508073593008,-113.719472461513,41.0869433047996));
#2136=CARTESIAN_POINT('Ctrl Pts',(81.6276110585722,-114.265248596076,41.3121061215992));
#2137=CARTESIAN_POINT('Ctrl Pts',(81.5936134048998,-114.565360725507,41.3695787906647));
#2138=CARTESIAN_POINT('Ctrl Pts',(81.5936134048998,-114.850454322812,41.3695787906647));
#2139=CARTESIAN_POINT('Origin',(62.5221623587553,-114.850454322812,39.1195787906647));
#2140=CARTESIAN_POINT('Origin',(59.1314868237658,-119.725454358597,13.4295787906647));
#2141=CARTESIAN_POINT('',(59.1314868237666,-119.308359326021,5.42957879066467));
#2142=CARTESIAN_POINT('',(59.2873650579494,-119.116298708142,5.43109756132443));
#2143=CARTESIAN_POINT('Ctrl Pts',(59.2873650579494,-119.116298708142,5.43109756132443));
#2144=CARTESIAN_POINT('Ctrl Pts',(59.2371952682522,-119.182459427282,5.43011982842702));
#2145=CARTESIAN_POINT('Ctrl Pts',(59.1851216022847,-119.246557522129,5.42957879066467));
#2146=CARTESIAN_POINT('Ctrl Pts',(59.1314868237666,-119.308359326021,5.42957879066467));
#2147=CARTESIAN_POINT('',(59.1314868237383,-133.550454322812,5.42957879066467));
#2148=CARTESIAN_POINT('',(59.1314868237658,-119.725454358597,5.42957879066467));
#2149=CARTESIAN_POINT('Origin',(59.1314868237383,-133.550454322805,13.4295787906647));
#2150=CARTESIAN_POINT('',(66.8823974727335,-109.100454322798,11.4488253703609));
#2151=CARTESIAN_POINT('Origin',(59.1314868237869,-109.100454322782,13.4295787906647));
#2152=CARTESIAN_POINT('Origin',(59.1314868237666,-119.321860982452,13.4295787906647));
#2153=CARTESIAN_POINT('Origin',(43.1823974154901,-130.350454394379,5.42957879066467));
#2154=CARTESIAN_POINT('',(56.2993139838429,-120.600454322812,5.42957879066467));
#2155=CARTESIAN_POINT('Origin',(56.2993139838429,-116.850454322812,5.42957879066467));
#2156=CARTESIAN_POINT('',(41.9323973582482,-120.600454322812,5.42957879066467));
#2157=CARTESIAN_POINT('',(43.1823974155035,-120.600454322812,5.42957879066467));
#2158=CARTESIAN_POINT('',(39.9323973582482,-122.600454322812,5.42957879066467));
#2159=CARTESIAN_POINT('Origin',(41.9323973582482,-122.600454322812,5.42957879066467));
#2160=CARTESIAN_POINT('',(39.9323973582482,-131.600454465946,5.42957879066467));
#2161=CARTESIAN_POINT('',(39.9323973582482,-131.600454465946,5.42957879066467));
#2162=CARTESIAN_POINT('',(41.4879870093356,-133.550454322812,5.42957879066467));
#2163=CARTESIAN_POINT('Origin',(41.9323973582482,-131.600454465946,5.42957879066467));
#2164=CARTESIAN_POINT('',(52.9503310067675,-133.550454322812,5.42957879066467));
#2165=CARTESIAN_POINT('',(44.1823974727321,-127.100454322812,5.42957879066467));
#2166=CARTESIAN_POINT('Origin',(46.4323974727321,-127.100454322812,5.42957879066467));
#2167=CARTESIAN_POINT('Origin',(70.3823974727524,-133.600454322812,11.8745787906379));
#2168=CARTESIAN_POINT('',(70.3823974727524,-133.550454322812,35.1745787906466));
#2169=CARTESIAN_POINT('',(70.3823974727524,-133.600454322812,35.1745787906466));
#2170=CARTESIAN_POINT('',(70.3823974727524,-133.550454322812,11.8745787906379));
#2171=CARTESIAN_POINT('',(70.3823974727524,-133.550454322812,17.0963138349788));
#2172=CARTESIAN_POINT('',(70.3823974727524,-133.600454322812,11.8745787906379));
#2173=CARTESIAN_POINT('Origin',(62.7182645980448,-133.550454322812,22.3180488793197));
#2174=CARTESIAN_POINT('',(74.2323974727321,-133.550454322812,45.6195787906647));
#2175=CARTESIAN_POINT('',(82.7323974727321,-133.550454322812,37.1195787906647));
#2176=CARTESIAN_POINT('Origin',(74.2323974727321,-133.550454322812,37.1195787906647));
#2177=CARTESIAN_POINT('',(41.4879870093356,-133.550454322812,45.6195787906647));
#2178=CARTESIAN_POINT('',(61.3253310353884,-133.550454322812,45.6195787906647));
#2179=CARTESIAN_POINT('',(41.4879870093356,-133.550454322812,45.6195787906647));
#2180=CARTESIAN_POINT('',(41.4879870093356,-133.550454322812,1.42957879066467));
#2181=CARTESIAN_POINT('',(41.4879870093356,-133.550454322812,1.42957879066467));
#2182=CARTESIAN_POINT('',(74.2323974727321,-133.550454322812,1.42957879066468));
#2183=CARTESIAN_POINT('',(61.3253310353884,-133.550454322812,1.42957879066467));
#2184=CARTESIAN_POINT('',(82.7323974727321,-133.550454322812,9.92957879066468));
#2185=CARTESIAN_POINT('Origin',(74.2323974727321,-133.550454322812,9.92957879066468));
#2186=CARTESIAN_POINT('',(82.7323974727321,-133.550454322812,11.8745787906647));
#2187=CARTESIAN_POINT('',(82.7323974727321,-133.550454322812,17.0963138349922));
#2188=CARTESIAN_POINT('',(69.7003310353998,-133.550454322812,11.8745787906364));
#2189=CARTESIAN_POINT('',(82.7323974727321,-133.550454322812,35.174578790647));
#2190=CARTESIAN_POINT('',(66.550331035408,-133.550454322812,35.1745787906706));
#2191=CARTESIAN_POINT('',(82.7323974727321,-133.550454322812,29.7188138349922));
#2192=CARTESIAN_POINT('',(75.8823974727321,-133.550454322812,37.6745787906647));
#2193=CARTESIAN_POINT('Origin',(76.6823974727321,-133.550454322812,37.6745787906647));
#2194=CARTESIAN_POINT('',(77.4823974727321,-133.550454322812,9.37457879066469));
#2195=CARTESIAN_POINT('Origin',(76.6823974727321,-133.550454322812,9.37457879066469));
#2196=CARTESIAN_POINT('Origin',(59.9323974727321,-127.100454322812,1.42957879066467));
#2197=CARTESIAN_POINT('',(39.9323973582482,-131.600454465946,1.42957879066467));
#2198=CARTESIAN_POINT('Origin',(41.9323973582482,-131.600454465946,1.42957879066467));
#2199=CARTESIAN_POINT('',(39.9323973582482,-122.600454322812,1.42957879066467));
#2200=CARTESIAN_POINT('',(39.9323973582482,-131.600454465946,1.42957879066467));
#2201=CARTESIAN_POINT('',(41.9323973582482,-120.600454322812,1.42957879066467));
#2202=CARTESIAN_POINT('Origin',(41.9323973582482,-122.600454322812,1.42957879066467));
#2203=CARTESIAN_POINT('',(56.2993139838429,-120.600454322812,1.42957879066468));
#2204=CARTESIAN_POINT('',(46.4323974727321,-120.600454322812,1.42957879066468));
#2205=CARTESIAN_POINT('',(59.2873650579494,-119.116298708142,1.42957879066467));
#2206=CARTESIAN_POINT('Origin',(56.2993139838429,-116.850454322812,1.42957879066467));
#2207=CARTESIAN_POINT('',(66.8823974727335,-109.100454322798,1.42957879066467));
#2208=CARTESIAN_POINT('',(56.920387766794,-122.237717408832,1.42957879066467));
#2209=CARTESIAN_POINT('',(74.2323974727321,-109.100454322812,1.42957879066468));
#2210=CARTESIAN_POINT('',(74.2323974727321,-109.100454322812,1.42957879066468));
#2211=CARTESIAN_POINT('',(74.2323974727321,-109.100454322812,1.42957879066468));
#2212=CARTESIAN_POINT('',(44.1823974727321,-127.100454322812,1.42957879066467));
#2213=CARTESIAN_POINT('Origin',(46.4323974727321,-127.100454322812,1.42957879066467));
#2214=CARTESIAN_POINT('Origin',(41.9323973582482,-131.600454465946,1.42957879066467));
#2215=CARTESIAN_POINT('',(39.9323973582482,-131.600454465946,1.42957879066467));
#2216=CARTESIAN_POINT('Origin',(41.9323973582482,-131.600454465946,45.6195787906647));
#2217=CARTESIAN_POINT('',(39.9323973582482,-131.600454465946,45.6195787906647));
#2218=CARTESIAN_POINT('Origin',(41.9323973582482,-131.600454465946,45.6195787906647));
#2219=CARTESIAN_POINT('',(39.9323973582482,-131.600454465946,45.6195787906647));
#2220=CARTESIAN_POINT('Origin',(59.9323974727321,-127.100454322812,45.6195787906647));
#2221=CARTESIAN_POINT('',(74.2323974727321,-109.100454322812,45.6195787906647));
#2222=CARTESIAN_POINT('',(74.2323974727321,-133.600454322812,45.6195787906647));
#2223=CARTESIAN_POINT('',(66.8823974727335,-109.100454322798,45.6195787906647));
#2224=CARTESIAN_POINT('',(74.2323974727321,-109.100454322812,45.6195787906647));
#2225=CARTESIAN_POINT('',(59.2873650579494,-119.116298708142,45.6195787906647));
#2226=CARTESIAN_POINT('',(66.8823974727335,-109.100454322798,45.6195787906647));
#2227=CARTESIAN_POINT('',(56.2993139838429,-120.600454322812,45.6195787906647));
#2228=CARTESIAN_POINT('Origin',(56.2993139838429,-116.850454322812,45.6195787906647));
#2229=CARTESIAN_POINT('',(41.9323973582482,-120.600454322812,45.6195787906647));
#2230=CARTESIAN_POINT('',(79.9323974727322,-120.600454322812,45.6195787906647));
#2231=CARTESIAN_POINT('',(39.9323973582482,-122.600454322812,45.6195787906647));
#2232=CARTESIAN_POINT('Origin',(41.9323973582482,-122.600454322812,45.6195787906647));
#2233=CARTESIAN_POINT('',(39.9323973582482,-122.600454322812,45.6195787906647));
#2234=CARTESIAN_POINT('',(46.8341831870178,-130.828867958636,45.6195787906647));
#2235=CARTESIAN_POINT('',(60.6734689014374,-129.33750250431,45.6195787906647));
#2236=CARTESIAN_POINT('Origin',(46.4323974727321,-127.100454322812,45.6195787906647));
#2237=CARTESIAN_POINT('Origin',(39.9323973582482,-122.600454322812,1.42957879066467));
#2238=CARTESIAN_POINT('',(39.9323973582482,-122.600454322812,1.42957879066467));
#2239=CARTESIAN_POINT('Origin',(41.9323973582482,-122.600454322812,1.42957879066467));
#2240=CARTESIAN_POINT('',(41.9323973582482,-120.600454322812,1.42957879066467));
#2241=CARTESIAN_POINT('Origin',(46.4323974727321,-120.600454322812,41.3695787906647));
#2242=CARTESIAN_POINT('',(56.2993139838429,-120.600454322812,21.3995787906647));
#2243=CARTESIAN_POINT('Origin',(56.2993139838429,-116.850454322812,21.3995787906647));
#2244=CARTESIAN_POINT('',(59.2873650579494,-119.116298708142,21.3995787906647));
#2245=CARTESIAN_POINT('Origin',(58.1619272447883,-120.600454322812,1.42957879066467));
#2246=CARTESIAN_POINT('',(66.8823974727335,-109.100454322798,23.5245787906647));
#2247=CARTESIAN_POINT('Origin',(66.8823974727335,-109.100454322798,45.6195787906647));
#2248=CARTESIAN_POINT('',(66.8823974727335,-109.100454322798,45.6195787906647));
#2249=CARTESIAN_POINT('',(82.7323974725896,-109.100454322829,37.1195787906647));
#2250=CARTESIAN_POINT('Origin',(74.2323974727321,-109.100454322812,37.1195787906647));
#2251=CARTESIAN_POINT('',(82.7323974727321,-109.100454322812,9.92957879066468));
#2252=CARTESIAN_POINT('',(82.7323974727321,-109.100454322812,11.8745787906647));
#2253=CARTESIAN_POINT('Origin',(74.2323974727321,-109.100454322812,9.92957879066468));
#2254=CARTESIAN_POINT('',(77.4823974727321,-109.100454322812,9.37457879066469));
#2255=CARTESIAN_POINT('Origin',(76.6823974727321,-109.100454322812,9.37457879066469));
#2256=CARTESIAN_POINT('Origin',(70.3823974727524,-133.600454322812,35.174578790665));
#2257=CARTESIAN_POINT('',(82.7323974727321,-133.600454322812,35.174578790647));
#2258=CARTESIAN_POINT('Origin',(76.6823974727321,-133.600454322812,11.8745787906516));
#2259=CARTESIAN_POINT('',(82.7323974727321,-133.600454322812,11.8745787906647));
#2260=CARTESIAN_POINT('Origin',(74.2323974727321,-109.100454322812,37.1195787906647));
#2261=CARTESIAN_POINT('',(82.7323974725896,-109.100454322829,37.1195787906647));
#2262=CARTESIAN_POINT('',(82.7323974727321,-133.600454322812,37.1195787906647));
#2263=CARTESIAN_POINT('Origin',(82.7323974727321,-133.600454322812,37.1195787906647));
#2264=CARTESIAN_POINT('Origin',(76.6823974727321,-133.600454322812,37.6745787906647));
#2265=CARTESIAN_POINT('',(75.8823974727321,-133.600454322812,37.6745787906647));
#2266=CARTESIAN_POINT('Origin',(76.6823974727321,-109.100454322812,9.37457879066469));
#2267=CARTESIAN_POINT('',(77.4823974727321,-109.100454322812,9.37457879066469));
#2268=CARTESIAN_POINT('Origin',(74.2323974727321,-133.600454322812,9.92957879066468));
#2269=CARTESIAN_POINT('',(82.7323974727321,-133.600454322812,9.92957879066468));
#2270=CARTESIAN_POINT('Origin',(82.7323974727321,-133.600454322812,11.8745787906647));
#2271=CARTESIAN_POINT('Origin',(39.9323973582482,-131.600454465946,45.6195787906647));
#2272=CARTESIAN_POINT('',(39.9323973582482,-122.600454322812,45.6195787906647));
#2273=CARTESIAN_POINT('Origin',(41.9323973582482,-122.600454322812,45.6195787906647));
#2274=CARTESIAN_POINT('',(41.9323973582482,-120.600454322812,45.6195787906647));
#2275=CARTESIAN_POINT('Origin',(46.4323974727321,-120.600454322812,41.3695787906647));
#2276=CARTESIAN_POINT('',(56.2993139838429,-120.600454322812,43.4945787906647));
#2277=CARTESIAN_POINT('Origin',(56.2993139838429,-116.850454322812,43.4945787906647));
#2278=CARTESIAN_POINT('',(59.2873650579494,-119.116298708142,43.4945787906647));
#2279=CARTESIAN_POINT('Origin',(58.1619272447883,-120.600454322812,45.6195787906647));
#2280=CARTESIAN_POINT('Origin',(46.4323974727321,-127.100454322812,41.3695787906647));
#2281=CARTESIAN_POINT('',(49.9323974727321,-127.100454322812,43.6195787906647));
#2282=CARTESIAN_POINT('Origin',(46.4323974727321,-127.100454322812,43.6195787906647));
#2283=CARTESIAN_POINT('Origin',(46.4323974727321,-127.100454322812,43.6195787906647));
#2284=CARTESIAN_POINT('',(49.9323974727321,-127.100454322812,41.3695787906647));
#2285=CARTESIAN_POINT('Origin',(60.6734689014374,-129.33750250431,41.3695787906647));
#2286=CARTESIAN_POINT('',(46.8341831870178,-130.828867958636,41.3695787906647));
#2287=CARTESIAN_POINT('Origin',(46.4323974727321,-127.100454322812,41.3695787906647));
#2288=CARTESIAN_POINT('Origin',(46.4323974727321,-127.100454322812,5.92957879066467));
#2289=CARTESIAN_POINT('',(44.1823974727321,-127.100454322812,5.92957879066467));
#2290=CARTESIAN_POINT('Origin',(59.9323974727321,-127.100454322812,43.6195787906647));
#2291=UNCERTAINTY_MEASURE_WITH_UNIT(LENGTH_MEASURE(0.01),#2295,
'DISTANCE_ACCURACY_VALUE',
'Maximum model space distance between geometric entities at asserted c
onnectivities');
#2292=UNCERTAINTY_MEASURE_WITH_UNIT(LENGTH_MEASURE(0.01),#2295,
'DISTANCE_ACCURACY_VALUE',
'Maximum model space distance between geometric entities at asserted c
onnectivities');
#2293=(
GEOMETRIC_REPRESENTATION_CONTEXT(3)
GLOBAL_UNCERTAINTY_ASSIGNED_CONTEXT((#2291))
GLOBAL_UNIT_ASSIGNED_CONTEXT((#2295,#2297,#2298))
REPRESENTATION_CONTEXT('','3D')
);
#2294=(
GEOMETRIC_REPRESENTATION_CONTEXT(3)
GLOBAL_UNCERTAINTY_ASSIGNED_CONTEXT((#2292))
GLOBAL_UNIT_ASSIGNED_CONTEXT((#2295,#2297,#2298))
REPRESENTATION_CONTEXT('','3D')
);
#2295=(
LENGTH_UNIT()
NAMED_UNIT(*)
SI_UNIT(.MILLI.,.METRE.)
);
#2296=(
LENGTH_UNIT()
NAMED_UNIT(*)
SI_UNIT(.CENTI.,.METRE.)
);
#2297=(
NAMED_UNIT(*)
PLANE_ANGLE_UNIT()
SI_UNIT($,.RADIAN.)
);
#2298=(
NAMED_UNIT(*)
SI_UNIT($,.STERADIAN.)
SOLID_ANGLE_UNIT()
);
#2299=SHAPE_DEFINITION_REPRESENTATION(#2300,#2301);
#2300=PRODUCT_DEFINITION_SHAPE('',$,#2303);
#2301=SHAPE_REPRESENTATION('',(#1220),#2293);
#2302=PRODUCT_DEFINITION_CONTEXT('part definition',#2307,'design');
#2303=PRODUCT_DEFINITION('body_d_L_Screws','body_d_L_Screws',#2304,#2302);
#2304=PRODUCT_DEFINITION_FORMATION('',$,#2309);
#2305=PRODUCT_RELATED_PRODUCT_CATEGORY('body_d_L_Screws',
'body_d_L_Screws',(#2309));
#2306=APPLICATION_PROTOCOL_DEFINITION('international standard',
'automotive_design',2009,#2307);
#2307=APPLICATION_CONTEXT(
'Core Data for Automotive Mechanical Design Process');
#2308=PRODUCT_CONTEXT('part definition',#2307,'mechanical');
#2309=PRODUCT('body_d_L_Screws','body_d_L_Screws',$,(#2308));
#2310=PRESENTATION_STYLE_ASSIGNMENT((#2316));
#2311=PRESENTATION_STYLE_ASSIGNMENT((#2317));
#2312=PRESENTATION_STYLE_ASSIGNMENT((#2318));
#2313=PRESENTATION_STYLE_ASSIGNMENT((#2319));
#2314=PRESENTATION_STYLE_ASSIGNMENT((#2320));
#2315=PRESENTATION_STYLE_ASSIGNMENT((#2321));
#2316=SURFACE_STYLE_USAGE(.BOTH.,#2334);
#2317=SURFACE_STYLE_USAGE(.BOTH.,#2335);
#2318=SURFACE_STYLE_USAGE(.BOTH.,#2336);
#2319=SURFACE_STYLE_USAGE(.BOTH.,#2337);
#2320=SURFACE_STYLE_USAGE(.BOTH.,#2338);
#2321=SURFACE_STYLE_USAGE(.BOTH.,#2339);
#2322=SURFACE_STYLE_RENDERING_WITH_PROPERTIES($,#2358,(#2328));
#2323=SURFACE_STYLE_RENDERING_WITH_PROPERTIES($,#2359,(#2329));
#2324=SURFACE_STYLE_RENDERING_WITH_PROPERTIES($,#2360,(#2330));
#2325=SURFACE_STYLE_RENDERING_WITH_PROPERTIES($,#2361,(#2331));
#2326=SURFACE_STYLE_RENDERING_WITH_PROPERTIES($,#2362,(#2332));
#2327=SURFACE_STYLE_RENDERING_WITH_PROPERTIES($,#2363,(#2333));
#2328=SURFACE_STYLE_TRANSPARENT(0.);
#2329=SURFACE_STYLE_TRANSPARENT(0.);
#2330=SURFACE_STYLE_TRANSPARENT(0.);
#2331=SURFACE_STYLE_TRANSPARENT(0.);
#2332=SURFACE_STYLE_TRANSPARENT(0.);
#2333=SURFACE_STYLE_TRANSPARENT(0.);
#2334=SURFACE_SIDE_STYLE('',(#2340,#2322));
#2335=SURFACE_SIDE_STYLE('',(#2341,#2323));
#2336=SURFACE_SIDE_STYLE('',(#2342,#2324));
#2337=SURFACE_SIDE_STYLE('',(#2343,#2325));
#2338=SURFACE_SIDE_STYLE('',(#2344,#2326));
#2339=SURFACE_SIDE_STYLE('',(#2345,#2327));
#2340=SURFACE_STYLE_FILL_AREA(#2346);
#2341=SURFACE_STYLE_FILL_AREA(#2347);
#2342=SURFACE_STYLE_FILL_AREA(#2348);
#2343=SURFACE_STYLE_FILL_AREA(#2349);
#2344=SURFACE_STYLE_FILL_AREA(#2350);
#2345=SURFACE_STYLE_FILL_AREA(#2351);
#2346=FILL_AREA_STYLE('',(#2352));
#2347=FILL_AREA_STYLE('',(#2353));
#2348=FILL_AREA_STYLE('',(#2354));
#2349=FILL_AREA_STYLE('',(#2355));
#2350=FILL_AREA_STYLE('',(#2356));
#2351=FILL_AREA_STYLE('',(#2357));
#2352=FILL_AREA_STYLE_COLOUR('',#2358);
#2353=FILL_AREA_STYLE_COLOUR('',#2359);
#2354=FILL_AREA_STYLE_COLOUR('',#2360);
#2355=FILL_AREA_STYLE_COLOUR('',#2361);
#2356=FILL_AREA_STYLE_COLOUR('',#2362);
#2357=FILL_AREA_STYLE_COLOUR('',#2363);
#2358=COLOUR_RGB('',0.749019607843137,0.749019607843137,0.749019607843137);
#2359=COLOUR_RGB('',0.419607843137255,0.419607843137255,0.419607843137255);
#2360=COLOUR_RGB('',0.701960784313725,0.552941176470588,0.00392156862745098);
#2361=COLOUR_RGB('',0.949019607843137,0.949019607843137,1.);
#2362=COLOUR_RGB('',0.996078431372549,0.835294117647059,0.);
#2363=COLOUR_RGB('',0.,0.,0.);
ENDSEC;
END-ISO-10303-21;
