ISO-10303-21;
HEADER;
/* Generated by software containing ST-Developer
 * from STEP Tools, Inc. (www.steptools.com) 
 */

FILE_DESCRIPTION(
/* description */ (''),
/* implementation_level */ '2;1');

FILE_NAME(
/* name */ 'femur 1.1.stp',
/* time_stamp */ '2026-02-22T22:22:55-03:00',
/* author */ ('Gir'),
/* organization */ (''),
/* preprocessor_version */ 'ST-DEVELOPER v20.1',
/* originating_system */ 'Autodesk Inventor 2026',
/* authorisation */ '');

FILE_SCHEMA (('AUTOMOTIVE_DESIGN { 1 0 10303 214 3 1 1 }'));
ENDSEC;

DATA;
#10=MECHANICAL_DESIGN_GEOMETRIC_PRESENTATION_REPRESENTATION('',(#13),#2746);
#11=SHAPE_REPRESENTATION_RELATIONSHIP('SRR','None',#2753,#12);
#12=ADVANCED_BREP_SHAPE_REPRESENTATION('',(#14),#2745);
#13=STYLED_ITEM('',(#2762),#14);
#14=MANIFOLD_SOLID_BREP('femur',#1485);
#15=(
BOUNDED_SURFACE()
B_SPLINE_SURFACE(2,2,((#2703,#2704,#2705),(#2706,#2707,#2708),(#2709,#2710,
#2711)),.UNSPECIFIED.,.F.,.F.,.F.)
B_SPLINE_SURFACE_WITH_KNOTS((3,3),(3,3),(-0.722734247813543,0.),(-2.24158231954114,
-0.900010334048661),.UNSPECIFIED.)
GEOMETRIC_REPRESENTATION_ITEM()
RATIONAL_B_SPLINE_SURFACE(((1.,0.783333333333314,1.),(0.93541434669345,
0.732741238243184,0.93541434669345),(1.,0.783333333333314,1.)))
REPRESENTATION_ITEM('')
SURFACE()
);
#16=CONICAL_SURFACE('',#1566,3.37499999999802,0.124354994519809);
#17=CONICAL_SURFACE('',#1572,4.,0.32175055439673);
#18=TOROIDAL_SURFACE('',#1554,1.25000000001757,1.);
#19=TOROIDAL_SURFACE('',#1560,2.74999999999999,1.);
#20=TOROIDAL_SURFACE('',#1646,10.25,2.);
#21=TOROIDAL_SURFACE('',#1648,6.25,2.);
#22=FACE_BOUND('',#176,.T.);
#23=FACE_BOUND('',#178,.T.);
#24=FACE_BOUND('',#180,.T.);
#25=FACE_BOUND('',#196,.T.);
#26=FACE_BOUND('',#207,.T.);
#27=FACE_BOUND('',#216,.T.);
#28=FACE_BOUND('',#221,.T.);
#29=FACE_BOUND('',#231,.T.);
#30=FACE_BOUND('',#232,.T.);
#31=FACE_BOUND('',#236,.T.);
#32=FACE_BOUND('',#241,.T.);
#33=FACE_BOUND('',#251,.T.);
#34=PLANE('',#1519);
#35=PLANE('',#1521);
#36=PLANE('',#1527);
#37=PLANE('',#1530);
#38=PLANE('',#1533);
#39=PLANE('',#1536);
#40=PLANE('',#1538);
#41=PLANE('',#1543);
#42=PLANE('',#1544);
#43=PLANE('',#1565);
#44=PLANE('',#1569);
#45=PLANE('',#1577);
#46=PLANE('',#1585);
#47=PLANE('',#1586);
#48=PLANE('',#1593);
#49=PLANE('',#1598);
#50=PLANE('',#1599);
#51=PLANE('',#1600);
#52=PLANE('',#1601);
#53=PLANE('',#1603);
#54=PLANE('',#1609);
#55=PLANE('',#1616);
#56=PLANE('',#1619);
#57=PLANE('',#1625);
#58=PLANE('',#1626);
#59=PLANE('',#1627);
#60=PLANE('',#1630);
#61=PLANE('',#1632);
#62=PLANE('',#1633);
#63=PLANE('',#1636);
#64=PLANE('',#1637);
#65=PLANE('',#1640);
#66=PLANE('',#1642);
#67=PLANE('',#1652);
#68=PLANE('',#1655);
#69=PLANE('',#1659);
#70=PLANE('',#1661);
#71=B_SPLINE_CURVE_WITH_KNOTS('',3,(#2105,#2106,#2107,#2108,#2109,#2110,
#2111,#2112,#2113,#2114,#2115,#2116),.UNSPECIFIED.,.F.,.F.,(4,2,2,2,2,4),
(1.05470631575729,1.17403202818386,1.29335774061042,1.41147916955516,1.44081608066461,
1.47015299177405),.UNSPECIFIED.);
#72=B_SPLINE_CURVE_WITH_KNOTS('',3,(#2122,#2123,#2124,#2125,#2126,#2127,
#2128,#2129,#2130,#2131,#2132,#2133),.UNSPECIFIED.,.F.,.F.,(4,2,2,2,2,4),
(0.,0.0786324465686322,0.157264893137264,0.314529786274529,0.629059572549057,
0.670225405178597),.UNSPECIFIED.);
#73=B_SPLINE_CURVE_WITH_KNOTS('',3,(#2135,#2136,#2137,#2138,#2139,#2140),
 .UNSPECIFIED.,.F.,.F.,(4,2,4),(0.670225405178597,0.819497799441426,0.945006531303156),
 .UNSPECIFIED.);
#74=B_SPLINE_CURVE_WITH_KNOTS('',3,(#2150,#2151,#2152,#2153,#2154,#2155),
 .UNSPECIFIED.,.F.,.F.,(4,2,4),(0.181176234347553,0.2530818210324,0.327860107188968),
 .UNSPECIFIED.);
#75=B_SPLINE_CURVE_WITH_KNOTS('',3,(#2157,#2158,#2159,#2160,#2161,#2162,
#2163,#2164),.UNSPECIFIED.,.F.,.F.,(4,2,2,4),(0.177397310357166,0.183804202346628,
0.276484871255586,0.369165540164544),.UNSPECIFIED.);
#76=B_SPLINE_CURVE_WITH_KNOTS('',3,(#2195,#2196,#2197,#2198),
 .UNSPECIFIED.,.F.,.F.,(4,4),(-0.420881776832245,-0.355243919928492),
 .UNSPECIFIED.);
#77=B_SPLINE_CURVE_WITH_KNOTS('',3,(#2200,#2201,#2202,#2203,#2204,#2205,
#2206,#2207),.UNSPECIFIED.,.F.,.F.,(4,2,2,4),(0.876598480867456,0.898393527356279,
1.02069373335623,1.08337494036337),.UNSPECIFIED.);
#78=B_SPLINE_CURVE_WITH_KNOTS('',3,(#2318,#2319,#2320,#2321,#2322,#2323,
#2324,#2325),.UNSPECIFIED.,.F.,.F.,(4,2,2,4),(0.834743662395407,0.980013782143806,
1.05264884201801,1.07116229397886),.UNSPECIFIED.);
#79=B_SPLINE_CURVE_WITH_KNOTS('',3,(#2338,#2339,#2340,#2341,#2342,#2343,
#2344,#2345),.UNSPECIFIED.,.F.,.F.,(4,2,2,4),(0.598325030811949,0.616838482772806,
0.689473542647006,0.834743662395405),.UNSPECIFIED.);
#80=B_SPLINE_CURVE_WITH_KNOTS('',3,(#2455,#2456,#2457,#2458,#2459,#2460,
#2461,#2462),.UNSPECIFIED.,.F.,.F.,(4,2,2,4),(0.979220647663449,1.07190131657241,
1.16458198548136,1.17098887747084),.UNSPECIFIED.);
#81=B_SPLINE_CURVE_WITH_KNOTS('',3,(#2469,#2470,#2471,#2472,#2473,#2474,
#2475,#2476,#2477,#2478,#2479,#2480,#2481,#2482,#2483,#2484,#2485,#2486,
#2487,#2488,#2489,#2490),.UNSPECIFIED.,.F.,.F.,(4,2,2,2,2,2,2,2,2,2,4),
(0.838758564873097,0.876716462414953,1.04270771941059,1.20869897640623,
1.37259305159925,1.53648712679228,1.7003812019853,1.86427527717833,2.03026653417396,
2.1962577911696,2.23421568871146),.UNSPECIFIED.);
#82=B_SPLINE_CURVE_WITH_KNOTS('',3,(#2511,#2512,#2513,#2514,#2515,#2516,
#2517,#2518,#2519,#2520),.UNSPECIFIED.,.F.,.F.,(4,2,2,2,4),(0.533289181686387,
0.665296345309345,0.797303508932303,0.929869215003184,1.06243492107406),
 .UNSPECIFIED.);
#83=B_SPLINE_CURVE_WITH_KNOTS('',3,(#2525,#2526,#2527,#2528,#2529,#2530,
#2531,#2532,#2533,#2534,#2535,#2536,#2537,#2538,#2539,#2540,#2541,#2542,
#2543,#2544,#2545,#2546,#2547,#2548,#2549),.UNSPECIFIED.,.F.,.F.,(4,2,2,
2,3,2,2,2,2,2,2,4),(0.365734315736413,0.397255707108184,0.428777098479954,
0.459093834079607,0.48941056967926,0.519727305278913,0.550044040878566,
0.581565432250337,0.613086823622108,0.643438426638282,0.673790029654457,
0.695477744703665),.UNSPECIFIED.);
#84=B_SPLINE_CURVE_WITH_KNOTS('',3,(#2557,#2558,#2559,#2560,#2561,#2562,
#2563,#2564,#2565,#2566),.UNSPECIFIED.,.F.,.F.,(4,2,2,2,4),(0.,0.132565706070855,
0.26513141214171,0.39713857576467,0.52914573938763),.UNSPECIFIED.);
#85=B_SPLINE_CURVE_WITH_KNOTS('',3,(#2569,#2570,#2571,#2572,#2573,#2574,
#2575,#2576),.UNSPECIFIED.,.F.,.F.,(4,2,2,4),(0.283343394654856,0.305031109704064,
0.335382712720238,0.365734315736413),.UNSPECIFIED.);
#86=B_SPLINE_CURVE_WITH_KNOTS('',3,(#2620,#2621,#2622,#2623,#2624,#2625,
#2626,#2627,#2628,#2629,#2630,#2631),.UNSPECIFIED.,.F.,.F.,(4,2,2,2,2,4),
(0.,0.0126488742851764,0.0252977485703529,0.0505954971407057,0.0810291612603924,
0.147278278140407),.UNSPECIFIED.);
#87=B_SPLINE_CURVE_WITH_KNOTS('',3,(#2633,#2634,#2635,#2636,#2637,#2638,
#2639,#2640,#2641,#2642,#2643,#2644),.UNSPECIFIED.,.F.,.F.,(4,2,2,2,2,4),
(0.441834834421222,0.508083951301236,0.538517615420923,0.563815363991276,
0.576464238276453,0.589113112561629),.UNSPECIFIED.);
#88=B_SPLINE_CURVE_WITH_KNOTS('',3,(#2646,#2647,#2648,#2649,#2650,#2651,
#2652,#2653,#2654,#2655,#2656,#2657,#2658,#2659,#2660,#2661,#2662,#2663,
#2664,#2665,#2666,#2667),.UNSPECIFIED.,.F.,.F.,(4,2,2,2,2,2,2,2,2,2,4),
(0.147278278140407,0.213527395020422,0.243961059140109,0.269258807710462,
0.281907681995638,0.294556556280814,0.307205430565991,0.319854304851167,
0.34515205342152,0.375585717541207,0.441834834421222),.UNSPECIFIED.);
#89=B_SPLINE_CURVE_WITH_KNOTS('',3,(#2683,#2684,#2685,#2686,#2687,#2688,
#2689,#2690,#2691,#2692,#2693,#2694),.UNSPECIFIED.,.F.,.F.,(4,2,2,2,2,4),
(-0.67303728591981,-0.67231772773921,-0.617658599311945,-0.563366221252542,
-0.479358744783289,-0.460060977750941),.UNSPECIFIED.);
#90=B_SPLINE_CURVE_WITH_KNOTS('',3,(#2695,#2696,#2697,#2698,#2699,#2700),
 .UNSPECIFIED.,.F.,.F.,(4,2,4),(-0.146329752668709,-0.0745977584741812,
0.),.UNSPECIFIED.);
#91=B_SPLINE_CURVE_WITH_KNOTS('',3,(#2715,#2716,#2717,#2718,#2719,#2720),
 .UNSPECIFIED.,.F.,.F.,(4,2,4),(3.47942154218856,3.65057326021905,3.77145879973485),
 .UNSPECIFIED.);
#92=FACE_OUTER_BOUND('',#170,.T.);
#93=FACE_OUTER_BOUND('',#171,.T.);
#94=FACE_OUTER_BOUND('',#172,.T.);
#95=FACE_OUTER_BOUND('',#173,.T.);
#96=FACE_OUTER_BOUND('',#174,.T.);
#97=FACE_OUTER_BOUND('',#175,.T.);
#98=FACE_OUTER_BOUND('',#177,.T.);
#99=FACE_OUTER_BOUND('',#179,.T.);
#100=FACE_OUTER_BOUND('',#181,.T.);
#101=FACE_OUTER_BOUND('',#182,.T.);
#102=FACE_OUTER_BOUND('',#183,.T.);
#103=FACE_OUTER_BOUND('',#184,.T.);
#104=FACE_OUTER_BOUND('',#185,.T.);
#105=FACE_OUTER_BOUND('',#186,.T.);
#106=FACE_OUTER_BOUND('',#187,.T.);
#107=FACE_OUTER_BOUND('',#188,.T.);
#108=FACE_OUTER_BOUND('',#189,.T.);
#109=FACE_OUTER_BOUND('',#190,.T.);
#110=FACE_OUTER_BOUND('',#191,.T.);
#111=FACE_OUTER_BOUND('',#192,.T.);
#112=FACE_OUTER_BOUND('',#193,.T.);
#113=FACE_OUTER_BOUND('',#194,.T.);
#114=FACE_OUTER_BOUND('',#195,.T.);
#115=FACE_OUTER_BOUND('',#197,.T.);
#116=FACE_OUTER_BOUND('',#198,.T.);
#117=FACE_OUTER_BOUND('',#199,.T.);
#118=FACE_OUTER_BOUND('',#200,.T.);
#119=FACE_OUTER_BOUND('',#201,.T.);
#120=FACE_OUTER_BOUND('',#202,.T.);
#121=FACE_OUTER_BOUND('',#203,.T.);
#122=FACE_OUTER_BOUND('',#204,.T.);
#123=FACE_OUTER_BOUND('',#205,.T.);
#124=FACE_OUTER_BOUND('',#206,.T.);
#125=FACE_OUTER_BOUND('',#208,.T.);
#126=FACE_OUTER_BOUND('',#209,.T.);
#127=FACE_OUTER_BOUND('',#210,.T.);
#128=FACE_OUTER_BOUND('',#211,.T.);
#129=FACE_OUTER_BOUND('',#212,.T.);
#130=FACE_OUTER_BOUND('',#213,.T.);
#131=FACE_OUTER_BOUND('',#214,.T.);
#132=FACE_OUTER_BOUND('',#215,.T.);
#133=FACE_OUTER_BOUND('',#217,.T.);
#134=FACE_OUTER_BOUND('',#218,.T.);
#135=FACE_OUTER_BOUND('',#219,.T.);
#136=FACE_OUTER_BOUND('',#220,.T.);
#137=FACE_OUTER_BOUND('',#222,.T.);
#138=FACE_OUTER_BOUND('',#223,.T.);
#139=FACE_OUTER_BOUND('',#224,.T.);
#140=FACE_OUTER_BOUND('',#225,.T.);
#141=FACE_OUTER_BOUND('',#226,.T.);
#142=FACE_OUTER_BOUND('',#227,.T.);
#143=FACE_OUTER_BOUND('',#228,.T.);
#144=FACE_OUTER_BOUND('',#229,.T.);
#145=FACE_OUTER_BOUND('',#230,.T.);
#146=FACE_OUTER_BOUND('',#233,.T.);
#147=FACE_OUTER_BOUND('',#234,.T.);
#148=FACE_OUTER_BOUND('',#235,.T.);
#149=FACE_OUTER_BOUND('',#237,.T.);
#150=FACE_OUTER_BOUND('',#238,.T.);
#151=FACE_OUTER_BOUND('',#239,.T.);
#152=FACE_OUTER_BOUND('',#240,.T.);
#153=FACE_OUTER_BOUND('',#242,.T.);
#154=FACE_OUTER_BOUND('',#243,.T.);
#155=FACE_OUTER_BOUND('',#244,.T.);
#156=FACE_OUTER_BOUND('',#245,.T.);
#157=FACE_OUTER_BOUND('',#246,.T.);
#158=FACE_OUTER_BOUND('',#247,.T.);
#159=FACE_OUTER_BOUND('',#248,.T.);
#160=FACE_OUTER_BOUND('',#249,.T.);
#161=FACE_OUTER_BOUND('',#250,.T.);
#162=FACE_OUTER_BOUND('',#252,.T.);
#163=FACE_OUTER_BOUND('',#253,.T.);
#164=FACE_OUTER_BOUND('',#254,.T.);
#165=FACE_OUTER_BOUND('',#255,.T.);
#166=FACE_OUTER_BOUND('',#256,.T.);
#167=FACE_OUTER_BOUND('',#257,.T.);
#168=FACE_OUTER_BOUND('',#258,.T.);
#169=FACE_OUTER_BOUND('',#259,.T.);
#170=EDGE_LOOP('',(#937,#938,#939,#940));
#171=EDGE_LOOP('',(#941,#942,#943,#944,#945,#946,#947));
#172=EDGE_LOOP('',(#948,#949,#950,#951,#952,#953));
#173=EDGE_LOOP('',(#954,#955,#956,#957,#958,#959));
#174=EDGE_LOOP('',(#960,#961,#962,#963,#964,#965,#966,#967,#968,#969,#970,
#971,#972,#973));
#175=EDGE_LOOP('',(#974,#975,#976,#977,#978,#979,#980,#981,#982,#983));
#176=EDGE_LOOP('',(#984));
#177=EDGE_LOOP('',(#985,#986,#987,#988,#989,#990));
#178=EDGE_LOOP('',(#991));
#179=EDGE_LOOP('',(#992,#993,#994,#995));
#180=EDGE_LOOP('',(#996));
#181=EDGE_LOOP('',(#997,#998,#999,#1000,#1001,#1002,#1003,#1004,#1005,#1006,
#1007,#1008,#1009,#1010,#1011,#1012));
#182=EDGE_LOOP('',(#1013,#1014,#1015,#1016,#1017,#1018,#1019,#1020,#1021));
#183=EDGE_LOOP('',(#1022,#1023,#1024,#1025,#1026,#1027,#1028,#1029));
#184=EDGE_LOOP('',(#1030,#1031,#1032));
#185=EDGE_LOOP('',(#1033,#1034,#1035,#1036,#1037));
#186=EDGE_LOOP('',(#1038,#1039,#1040,#1041));
#187=EDGE_LOOP('',(#1042,#1043,#1044,#1045));
#188=EDGE_LOOP('',(#1046,#1047,#1048,#1049,#1050));
#189=EDGE_LOOP('',(#1051,#1052,#1053,#1054));
#190=EDGE_LOOP('',(#1055,#1056,#1057,#1058,#1059));
#191=EDGE_LOOP('',(#1060,#1061,#1062,#1063));
#192=EDGE_LOOP('',(#1064,#1065,#1066,#1067));
#193=EDGE_LOOP('',(#1068,#1069,#1070,#1071));
#194=EDGE_LOOP('',(#1072,#1073,#1074,#1075));
#195=EDGE_LOOP('',(#1076));
#196=EDGE_LOOP('',(#1077));
#197=EDGE_LOOP('',(#1078,#1079,#1080,#1081));
#198=EDGE_LOOP('',(#1082,#1083,#1084,#1085));
#199=EDGE_LOOP('',(#1086,#1087,#1088,#1089));
#200=EDGE_LOOP('',(#1090,#1091,#1092,#1093));
#201=EDGE_LOOP('',(#1094,#1095,#1096,#1097));
#202=EDGE_LOOP('',(#1098,#1099,#1100,#1101));
#203=EDGE_LOOP('',(#1102,#1103,#1104,#1105));
#204=EDGE_LOOP('',(#1106,#1107,#1108,#1109));
#205=EDGE_LOOP('',(#1110,#1111,#1112,#1113,#1114));
#206=EDGE_LOOP('',(#1115,#1116,#1117,#1118,#1119,#1120,#1121,#1122,#1123,
#1124));
#207=EDGE_LOOP('',(#1125));
#208=EDGE_LOOP('',(#1126,#1127,#1128,#1129));
#209=EDGE_LOOP('',(#1130,#1131,#1132,#1133));
#210=EDGE_LOOP('',(#1134,#1135,#1136,#1137));
#211=EDGE_LOOP('',(#1138,#1139,#1140,#1141));
#212=EDGE_LOOP('',(#1142,#1143,#1144,#1145));
#213=EDGE_LOOP('',(#1146,#1147,#1148,#1149));
#214=EDGE_LOOP('',(#1150,#1151,#1152,#1153));
#215=EDGE_LOOP('',(#1154,#1155,#1156,#1157,#1158,#1159,#1160,#1161,#1162,
#1163));
#216=EDGE_LOOP('',(#1164));
#217=EDGE_LOOP('',(#1165,#1166,#1167,#1168));
#218=EDGE_LOOP('',(#1169,#1170,#1171,#1172,#1173,#1174,#1175,#1176));
#219=EDGE_LOOP('',(#1177,#1178));
#220=EDGE_LOOP('',(#1179,#1180,#1181,#1182,#1183,#1184,#1185,#1186,#1187));
#221=EDGE_LOOP('',(#1188));
#222=EDGE_LOOP('',(#1189,#1190,#1191,#1192));
#223=EDGE_LOOP('',(#1193,#1194,#1195,#1196,#1197,#1198,#1199));
#224=EDGE_LOOP('',(#1200,#1201,#1202,#1203,#1204,#1205));
#225=EDGE_LOOP('',(#1206,#1207,#1208,#1209));
#226=EDGE_LOOP('',(#1210,#1211,#1212,#1213,#1214,#1215));
#227=EDGE_LOOP('',(#1216,#1217,#1218,#1219,#1220,#1221,#1222,#1223,#1224,
#1225,#1226,#1227));
#228=EDGE_LOOP('',(#1228,#1229,#1230,#1231));
#229=EDGE_LOOP('',(#1232,#1233,#1234,#1235,#1236));
#230=EDGE_LOOP('',(#1237,#1238,#1239,#1240,#1241,#1242,#1243,#1244,#1245,
#1246));
#231=EDGE_LOOP('',(#1247));
#232=EDGE_LOOP('',(#1248,#1249,#1250,#1251));
#233=EDGE_LOOP('',(#1252,#1253,#1254,#1255,#1256,#1257));
#234=EDGE_LOOP('',(#1258,#1259,#1260,#1261,#1262));
#235=EDGE_LOOP('',(#1263,#1264,#1265,#1266));
#236=EDGE_LOOP('',(#1267));
#237=EDGE_LOOP('',(#1268));
#238=EDGE_LOOP('',(#1269,#1270,#1271,#1272,#1273,#1274,#1275,#1276,#1277));
#239=EDGE_LOOP('',(#1278,#1279,#1280,#1281,#1282,#1283,#1284,#1285));
#240=EDGE_LOOP('',(#1286,#1287,#1288,#1289,#1290,#1291));
#241=EDGE_LOOP('',(#1292));
#242=EDGE_LOOP('',(#1293,#1294,#1295,#1296));
#243=EDGE_LOOP('',(#1297,#1298,#1299,#1300,#1301,#1302));
#244=EDGE_LOOP('',(#1303,#1304,#1305,#1306,#1307));
#245=EDGE_LOOP('',(#1308,#1309,#1310,#1311));
#246=EDGE_LOOP('',(#1312,#1313,#1314,#1315,#1316,#1317,#1318));
#247=EDGE_LOOP('',(#1319,#1320,#1321,#1322));
#248=EDGE_LOOP('',(#1323,#1324,#1325));
#249=EDGE_LOOP('',(#1326,#1327,#1328,#1329));
#250=EDGE_LOOP('',(#1330,#1331,#1332,#1333));
#251=EDGE_LOOP('',(#1334,#1335,#1336));
#252=EDGE_LOOP('',(#1337));
#253=EDGE_LOOP('',(#1338,#1339,#1340,#1341,#1342));
#254=EDGE_LOOP('',(#1343,#1344,#1345,#1346));
#255=EDGE_LOOP('',(#1347,#1348,#1349,#1350,#1351));
#256=EDGE_LOOP('',(#1352,#1353,#1354,#1355,#1356,#1357,#1358,#1359));
#257=EDGE_LOOP('',(#1360,#1361,#1362,#1363,#1364));
#258=EDGE_LOOP('',(#1365,#1366,#1367,#1368));
#259=EDGE_LOOP('',(#1369,#1370,#1371,#1372));
#260=LINE('',#2098,#380);
#261=LINE('',#2101,#381);
#262=LINE('',#2118,#382);
#263=LINE('',#2120,#383);
#264=LINE('',#2142,#384);
#265=LINE('',#2146,#385);
#266=LINE('',#2148,#386);
#267=LINE('',#2165,#387);
#268=LINE('',#2172,#388);
#269=LINE('',#2175,#389);
#270=LINE('',#2180,#390);
#271=LINE('',#2182,#391);
#272=LINE('',#2184,#392);
#273=LINE('',#2186,#393);
#274=LINE('',#2188,#394);
#275=LINE('',#2190,#395);
#276=LINE('',#2191,#396);
#277=LINE('',#2193,#397);
#278=LINE('',#2211,#398);
#279=LINE('',#2213,#399);
#280=LINE('',#2214,#400);
#281=LINE('',#2217,#401);
#282=LINE('',#2221,#402);
#283=LINE('',#2225,#403);
#284=LINE('',#2229,#404);
#285=LINE('',#2232,#405);
#286=LINE('',#2237,#406);
#287=LINE('',#2239,#407);
#288=LINE('',#2243,#408);
#289=LINE('',#2244,#409);
#290=LINE('',#2249,#410);
#291=LINE('',#2252,#411);
#292=LINE('',#2258,#412);
#293=LINE('',#2259,#413);
#294=LINE('',#2261,#414);
#295=LINE('',#2263,#415);
#296=LINE('',#2267,#416);
#297=LINE('',#2271,#417);
#298=LINE('',#2273,#418);
#299=LINE('',#2274,#419);
#300=LINE('',#2276,#420);
#301=LINE('',#2277,#421);
#302=LINE('',#2279,#422);
#303=LINE('',#2281,#423);
#304=LINE('',#2285,#424);
#305=LINE('',#2286,#425);
#306=LINE('',#2293,#426);
#307=LINE('',#2304,#427);
#308=LINE('',#2311,#428);
#309=LINE('',#2315,#429);
#310=LINE('',#2334,#430);
#311=LINE('',#2336,#431);
#312=LINE('',#2352,#432);
#313=LINE('',#2355,#433);
#314=LINE('',#2358,#434);
#315=LINE('',#2359,#435);
#316=LINE('',#2364,#436);
#317=LINE('',#2370,#437);
#318=LINE('',#2372,#438);
#319=LINE('',#2376,#439);
#320=LINE('',#2381,#440);
#321=LINE('',#2382,#441);
#322=LINE('',#2385,#442);
#323=LINE('',#2386,#443);
#324=LINE('',#2390,#444);
#325=LINE('',#2393,#445);
#326=LINE('',#2400,#446);
#327=LINE('',#2403,#447);
#328=LINE('',#2405,#448);
#329=LINE('',#2406,#449);
#330=LINE('',#2409,#450);
#331=LINE('',#2413,#451);
#332=LINE('',#2417,#452);
#333=LINE('',#2419,#453);
#334=LINE('',#2424,#454);
#335=LINE('',#2427,#455);
#336=LINE('',#2430,#456);
#337=LINE('',#2431,#457);
#338=LINE('',#2435,#458);
#339=LINE('',#2439,#459);
#340=LINE('',#2441,#460);
#341=LINE('',#2443,#461);
#342=LINE('',#2445,#462);
#343=LINE('',#2447,#463);
#344=LINE('',#2448,#464);
#345=LINE('',#2464,#465);
#346=LINE('',#2494,#466);
#347=LINE('',#2496,#467);
#348=LINE('',#2498,#468);
#349=LINE('',#2499,#469);
#350=LINE('',#2503,#470);
#351=LINE('',#2504,#471);
#352=LINE('',#2521,#472);
#353=LINE('',#2551,#473);
#354=LINE('',#2555,#474);
#355=LINE('',#2568,#475);
#356=LINE('',#2581,#476);
#357=LINE('',#2582,#477);
#358=LINE('',#2585,#478);
#359=LINE('',#2586,#479);
#360=LINE('',#2589,#480);
#361=LINE('',#2595,#481);
#362=LINE('',#2598,#482);
#363=LINE('',#2599,#483);
#364=LINE('',#2604,#484);
#365=LINE('',#2606,#485);
#366=LINE('',#2609,#486);
#367=LINE('',#2612,#487);
#368=LINE('',#2618,#488);
#369=LINE('',#2645,#489);
#370=LINE('',#2671,#490);
#371=LINE('',#2674,#491);
#372=LINE('',#2675,#492);
#373=LINE('',#2680,#493);
#374=LINE('',#2681,#494);
#375=LINE('',#2702,#495);
#376=LINE('',#2728,#496);
#377=LINE('',#2732,#497);
#378=LINE('',#2738,#498);
#379=LINE('',#2741,#499);
#380=VECTOR('',#1668,10.);
#381=VECTOR('',#1671,10.);
#382=VECTOR('',#1674,10.);
#383=VECTOR('',#1675,10.);
#384=VECTOR('',#1676,5.25);
#385=VECTOR('',#1681,10.);
#386=VECTOR('',#1682,10.);
#387=VECTOR('',#1683,10.);
#388=VECTOR('',#1690,10.);
#389=VECTOR('',#1693,10.);
#390=VECTOR('',#1698,10.);
#391=VECTOR('',#1699,10.);
#392=VECTOR('',#1700,10.);
#393=VECTOR('',#1701,10.);
#394=VECTOR('',#1702,10.);
#395=VECTOR('',#1703,10.);
#396=VECTOR('',#1704,10.);
#397=VECTOR('',#1705,10.);
#398=VECTOR('',#1708,10.);
#399=VECTOR('',#1709,10.);
#400=VECTOR('',#1710,10.);
#401=VECTOR('',#1713,10.);
#402=VECTOR('',#1716,10.);
#403=VECTOR('',#1719,10.);
#404=VECTOR('',#1722,10.);
#405=VECTOR('',#1725,10.);
#406=VECTOR('',#1730,10.);
#407=VECTOR('',#1731,10.);
#408=VECTOR('',#1734,10.);
#409=VECTOR('',#1735,10.);
#410=VECTOR('',#1740,10.);
#411=VECTOR('',#1743,10.);
#412=VECTOR('',#1748,10.);
#413=VECTOR('',#1749,10.);
#414=VECTOR('',#1750,10.);
#415=VECTOR('',#1751,10.);
#416=VECTOR('',#1754,10.);
#417=VECTOR('',#1757,10.);
#418=VECTOR('',#1758,10.);
#419=VECTOR('',#1759,10.);
#420=VECTOR('',#1760,10.);
#421=VECTOR('',#1761,10.);
#422=VECTOR('',#1764,10.);
#423=VECTOR('',#1765,10.);
#424=VECTOR('',#1768,10.);
#425=VECTOR('',#1769,10.);
#426=VECTOR('',#1776,10.);
#427=VECTOR('',#1791,10.);
#428=VECTOR('',#1800,10.);
#429=VECTOR('',#1803,10.);
#430=VECTOR('',#1816,10.);
#431=VECTOR('',#1817,10.);
#432=VECTOR('',#1828,10.);
#433=VECTOR('',#1831,10.);
#434=VECTOR('',#1834,10.);
#435=VECTOR('',#1835,10.);
#436=VECTOR('',#1840,3.37499999998689);
#437=VECTOR('',#1849,3.25);
#438=VECTOR('',#1852,4.00000000000006);
#439=VECTOR('',#1857,10.);
#440=VECTOR('',#1862,10.);
#441=VECTOR('',#1863,10.);
#442=VECTOR('',#1866,10.);
#443=VECTOR('',#1867,10.);
#444=VECTOR('',#1872,10.);
#445=VECTOR('',#1875,10.);
#446=VECTOR('',#1882,10.);
#447=VECTOR('',#1885,10.);
#448=VECTOR('',#1888,10.);
#449=VECTOR('',#1889,10.);
#450=VECTOR('',#1892,10.);
#451=VECTOR('',#1895,10.);
#452=VECTOR('',#1898,10.);
#453=VECTOR('',#1901,10.);
#454=VECTOR('',#1906,10.);
#455=VECTOR('',#1909,10.);
#456=VECTOR('',#1912,10.);
#457=VECTOR('',#1913,10.);
#458=VECTOR('',#1918,10.);
#459=VECTOR('',#1923,10.);
#460=VECTOR('',#1926,10.);
#461=VECTOR('',#1929,10.);
#462=VECTOR('',#1932,10.);
#463=VECTOR('',#1935,10.);
#464=VECTOR('',#1936,10.);
#465=VECTOR('',#1945,3.);
#466=VECTOR('',#1954,5.25);
#467=VECTOR('',#1955,10.);
#468=VECTOR('',#1956,10.);
#469=VECTOR('',#1957,10.);
#470=VECTOR('',#1960,10.);
#471=VECTOR('',#1961,5.25);
#472=VECTOR('',#1968,10.);
#473=VECTOR('',#1971,10.);
#474=VECTOR('',#1974,10.);
#475=VECTOR('',#1975,10.);
#476=VECTOR('',#1980,10.);
#477=VECTOR('',#1981,10.);
#478=VECTOR('',#1986,10.);
#479=VECTOR('',#1987,10.);
#480=VECTOR('',#1990,0.799999999999997);
#481=VECTOR('',#1999,10.);
#482=VECTOR('',#2002,10.);
#483=VECTOR('',#2003,10.);
#484=VECTOR('',#2010,10.);
#485=VECTOR('',#2013,10.);
#486=VECTOR('',#2016,10.);
#487=VECTOR('',#2021,10.);
#488=VECTOR('',#2028,2.);
#489=VECTOR('',#2029,2.);
#490=VECTOR('',#2034,10.);
#491=VECTOR('',#2037,10.);
#492=VECTOR('',#2038,10.);
#493=VECTOR('',#2043,10.);
#494=VECTOR('',#2044,10.);
#495=VECTOR('',#2049,10.);
#496=VECTOR('',#2068,0.8);
#497=VECTOR('',#2075,2.25);
#498=VECTOR('',#2084,3.5);
#499=VECTOR('',#2089,10.);
#500=CIRCLE('',#1509,10.);
#501=CIRCLE('',#1510,10.);
#502=CIRCLE('',#1512,5.25);
#503=CIRCLE('',#1515,10.);
#504=CIRCLE('',#1516,10.);
#505=CIRCLE('',#1517,10.);
#506=CIRCLE('',#1518,10.);
#507=CIRCLE('',#1520,2.);
#508=CIRCLE('',#1522,3.);
#509=CIRCLE('',#1523,3.);
#510=CIRCLE('',#1524,3.);
#511=CIRCLE('',#1525,3.);
#512=CIRCLE('',#1526,2.25);
#513=CIRCLE('',#1528,12.);
#514=CIRCLE('',#1529,4.12500000000001);
#515=CIRCLE('',#1531,12.);
#516=CIRCLE('',#1532,3.25);
#517=CIRCLE('',#1534,5.5);
#518=CIRCLE('',#1535,5.5);
#519=CIRCLE('',#1537,5.5);
#520=CIRCLE('',#1539,3.);
#521=CIRCLE('',#1540,3.);
#522=CIRCLE('',#1541,10.25);
#523=CIRCLE('',#1542,6.25);
#524=CIRCLE('',#1545,11.);
#525=CIRCLE('',#1546,1.);
#526=CIRCLE('',#1548,1.);
#527=CIRCLE('',#1550,11.);
#528=CIRCLE('',#1552,0.999999999999996);
#529=CIRCLE('',#1553,0.999999999999996);
#530=CIRCLE('',#1555,0.999999999999996);
#531=CIRCLE('',#1556,2.25000000001757);
#532=CIRCLE('',#1557,1.25000000001757);
#533=CIRCLE('',#1559,0.999999999999996);
#534=CIRCLE('',#1561,3.5);
#535=CIRCLE('',#1562,3.75);
#536=CIRCLE('',#1564,3.75);
#537=CIRCLE('',#1567,3.25);
#538=CIRCLE('',#1568,3.49999999999603);
#539=CIRCLE('',#1570,3.875);
#540=CIRCLE('',#1574,3.);
#541=CIRCLE('',#1576,3.);
#542=CIRCLE('',#1579,3.);
#543=CIRCLE('',#1581,3.);
#544=CIRCLE('',#1583,3.);
#545=CIRCLE('',#1584,3.);
#546=CIRCLE('',#1587,3.);
#547=CIRCLE('',#1588,3.);
#548=CIRCLE('',#1589,3.);
#549=CIRCLE('',#1590,3.5);
#550=CIRCLE('',#1592,3.);
#551=CIRCLE('',#1595,3.);
#552=CIRCLE('',#1597,3.);
#553=CIRCLE('',#1602,2.25);
#554=CIRCLE('',#1605,3.);
#555=CIRCLE('',#1606,3.);
#556=CIRCLE('',#1608,5.);
#557=CIRCLE('',#1610,5.5);
#558=CIRCLE('',#1611,2.);
#559=CIRCLE('',#1613,3.5);
#560=CIRCLE('',#1615,3.5);
#561=CIRCLE('',#1617,12.);
#562=CIRCLE('',#1618,0.799999999999997);
#563=CIRCLE('',#1621,0.799999999999997);
#564=CIRCLE('',#1623,12.);
#565=CIRCLE('',#1624,12.);
#566=CIRCLE('',#1628,2.25000000001757);
#567=CIRCLE('',#1631,5.25000000000001);
#568=CIRCLE('',#1634,2.);
#569=CIRCLE('',#1638,3.5);
#570=CIRCLE('',#1639,0.8);
#571=CIRCLE('',#1643,3.5);
#572=CIRCLE('',#1645,5.25000000000001);
#573=CIRCLE('',#1647,2.);
#574=CIRCLE('',#1651,0.8);
#575=CIRCLE('',#1657,3.5);
#576=CIRCLE('',#1658,3.5);
#577=VERTEX_POINT('',#2094);
#578=VERTEX_POINT('',#2095);
#579=VERTEX_POINT('',#2097);
#580=VERTEX_POINT('',#2099);
#581=VERTEX_POINT('',#2103);
#582=VERTEX_POINT('',#2104);
#583=VERTEX_POINT('',#2117);
#584=VERTEX_POINT('',#2119);
#585=VERTEX_POINT('',#2121);
#586=VERTEX_POINT('',#2134);
#587=VERTEX_POINT('',#2141);
#588=VERTEX_POINT('',#2145);
#589=VERTEX_POINT('',#2147);
#590=VERTEX_POINT('',#2149);
#591=VERTEX_POINT('',#2156);
#592=VERTEX_POINT('',#2167);
#593=VERTEX_POINT('',#2169);
#594=VERTEX_POINT('',#2171);
#595=VERTEX_POINT('',#2173);
#596=VERTEX_POINT('',#2178);
#597=VERTEX_POINT('',#2179);
#598=VERTEX_POINT('',#2181);
#599=VERTEX_POINT('',#2183);
#600=VERTEX_POINT('',#2185);
#601=VERTEX_POINT('',#2187);
#602=VERTEX_POINT('',#2189);
#603=VERTEX_POINT('',#2192);
#604=VERTEX_POINT('',#2194);
#605=VERTEX_POINT('',#2199);
#606=VERTEX_POINT('',#2208);
#607=VERTEX_POINT('',#2210);
#608=VERTEX_POINT('',#2212);
#609=VERTEX_POINT('',#2216);
#610=VERTEX_POINT('',#2218);
#611=VERTEX_POINT('',#2220);
#612=VERTEX_POINT('',#2222);
#613=VERTEX_POINT('',#2224);
#614=VERTEX_POINT('',#2226);
#615=VERTEX_POINT('',#2228);
#616=VERTEX_POINT('',#2230);
#617=VERTEX_POINT('',#2233);
#618=VERTEX_POINT('',#2236);
#619=VERTEX_POINT('',#2238);
#620=VERTEX_POINT('',#2240);
#621=VERTEX_POINT('',#2242);
#622=VERTEX_POINT('',#2245);
#623=VERTEX_POINT('',#2248);
#624=VERTEX_POINT('',#2250);
#625=VERTEX_POINT('',#2253);
#626=VERTEX_POINT('',#2256);
#627=VERTEX_POINT('',#2257);
#628=VERTEX_POINT('',#2260);
#629=VERTEX_POINT('',#2262);
#630=VERTEX_POINT('',#2264);
#631=VERTEX_POINT('',#2266);
#632=VERTEX_POINT('',#2268);
#633=VERTEX_POINT('',#2270);
#634=VERTEX_POINT('',#2272);
#635=VERTEX_POINT('',#2275);
#636=VERTEX_POINT('',#2280);
#637=VERTEX_POINT('',#2282);
#638=VERTEX_POINT('',#2284);
#639=VERTEX_POINT('',#2288);
#640=VERTEX_POINT('',#2290);
#641=VERTEX_POINT('',#2292);
#642=VERTEX_POINT('',#2294);
#643=VERTEX_POINT('',#2299);
#644=VERTEX_POINT('',#2303);
#645=VERTEX_POINT('',#2309);
#646=VERTEX_POINT('',#2310);
#647=VERTEX_POINT('',#2312);
#648=VERTEX_POINT('',#2314);
#649=VERTEX_POINT('',#2316);
#650=VERTEX_POINT('',#2327);
#651=VERTEX_POINT('',#2328);
#652=VERTEX_POINT('',#2333);
#653=VERTEX_POINT('',#2335);
#654=VERTEX_POINT('',#2337);
#655=VERTEX_POINT('',#2351);
#656=VERTEX_POINT('',#2353);
#657=VERTEX_POINT('',#2357);
#658=VERTEX_POINT('',#2361);
#659=VERTEX_POINT('',#2363);
#660=VERTEX_POINT('',#2367);
#661=VERTEX_POINT('',#2374);
#662=VERTEX_POINT('',#2378);
#663=VERTEX_POINT('',#2379);
#664=VERTEX_POINT('',#2384);
#665=VERTEX_POINT('',#2388);
#666=VERTEX_POINT('',#2392);
#667=VERTEX_POINT('',#2396);
#668=VERTEX_POINT('',#2397);
#669=VERTEX_POINT('',#2399);
#670=VERTEX_POINT('',#2401);
#671=VERTEX_POINT('',#2408);
#672=VERTEX_POINT('',#2410);
#673=VERTEX_POINT('',#2412);
#674=VERTEX_POINT('',#2414);
#675=VERTEX_POINT('',#2416);
#676=VERTEX_POINT('',#2420);
#677=VERTEX_POINT('',#2423);
#678=VERTEX_POINT('',#2425);
#679=VERTEX_POINT('',#2429);
#680=VERTEX_POINT('',#2433);
#681=VERTEX_POINT('',#2437);
#682=VERTEX_POINT('',#2449);
#683=VERTEX_POINT('',#2453);
#684=VERTEX_POINT('',#2463);
#685=VERTEX_POINT('',#2467);
#686=VERTEX_POINT('',#2468);
#687=VERTEX_POINT('',#2493);
#688=VERTEX_POINT('',#2495);
#689=VERTEX_POINT('',#2497);
#690=VERTEX_POINT('',#2500);
#691=VERTEX_POINT('',#2502);
#692=VERTEX_POINT('',#2505);
#693=VERTEX_POINT('',#2508);
#694=VERTEX_POINT('',#2510);
#695=VERTEX_POINT('',#2523);
#696=VERTEX_POINT('',#2524);
#697=VERTEX_POINT('',#2550);
#698=VERTEX_POINT('',#2552);
#699=VERTEX_POINT('',#2554);
#700=VERTEX_POINT('',#2556);
#701=VERTEX_POINT('',#2567);
#702=VERTEX_POINT('',#2578);
#703=VERTEX_POINT('',#2580);
#704=VERTEX_POINT('',#2588);
#705=VERTEX_POINT('',#2593);
#706=VERTEX_POINT('',#2597);
#707=VERTEX_POINT('',#2602);
#708=VERTEX_POINT('',#2608);
#709=VERTEX_POINT('',#2614);
#710=VERTEX_POINT('',#2617);
#711=VERTEX_POINT('',#2619);
#712=VERTEX_POINT('',#2632);
#713=VERTEX_POINT('',#2670);
#714=VERTEX_POINT('',#2672);
#715=VERTEX_POINT('',#2676);
#716=VERTEX_POINT('',#2679);
#717=VERTEX_POINT('',#2726);
#718=VERTEX_POINT('',#2735);
#719=EDGE_CURVE('',#577,#578,#500,.T.);
#720=EDGE_CURVE('',#577,#579,#260,.T.);
#721=EDGE_CURVE('',#579,#580,#501,.T.);
#722=EDGE_CURVE('',#578,#580,#261,.T.);
#723=EDGE_CURVE('',#581,#582,#71,.F.);
#724=EDGE_CURVE('',#583,#581,#262,.T.);
#725=EDGE_CURVE('',#584,#583,#263,.T.);
#726=EDGE_CURVE('',#584,#585,#72,.T.);
#727=EDGE_CURVE('',#585,#586,#73,.T.);
#728=EDGE_CURVE('',#586,#587,#264,.T.);
#729=EDGE_CURVE('',#582,#587,#502,.F.);
#730=EDGE_CURVE('',#581,#588,#265,.T.);
#731=EDGE_CURVE('',#582,#589,#266,.T.);
#732=EDGE_CURVE('',#590,#589,#74,.T.);
#733=EDGE_CURVE('',#590,#591,#75,.T.);
#734=EDGE_CURVE('',#588,#591,#267,.T.);
#735=EDGE_CURVE('',#592,#588,#503,.T.);
#736=EDGE_CURVE('',#592,#593,#504,.T.);
#737=EDGE_CURVE('',#594,#593,#268,.T.);
#738=EDGE_CURVE('',#595,#594,#505,.T.);
#739=EDGE_CURVE('',#595,#583,#269,.T.);
#740=EDGE_CURVE('',#583,#588,#506,.T.);
#741=EDGE_CURVE('',#596,#597,#270,.T.);
#742=EDGE_CURVE('',#596,#598,#271,.T.);
#743=EDGE_CURVE('',#599,#598,#272,.T.);
#744=EDGE_CURVE('',#599,#600,#273,.T.);
#745=EDGE_CURVE('',#601,#600,#274,.T.);
#746=EDGE_CURVE('',#602,#601,#275,.T.);
#747=EDGE_CURVE('',#592,#602,#276,.T.);
#748=EDGE_CURVE('',#603,#592,#277,.T.);
#749=EDGE_CURVE('',#604,#603,#76,.T.);
#750=EDGE_CURVE('',#605,#604,#77,.T.);
#751=EDGE_CURVE('',#606,#605,#507,.T.);
#752=EDGE_CURVE('',#607,#606,#278,.T.);
#753=EDGE_CURVE('',#608,#607,#279,.T.);
#754=EDGE_CURVE('',#608,#597,#280,.T.);
#755=EDGE_CURVE('',#578,#609,#281,.T.);
#756=EDGE_CURVE('',#610,#609,#508,.T.);
#757=EDGE_CURVE('',#610,#611,#282,.T.);
#758=EDGE_CURVE('',#612,#611,#509,.T.);
#759=EDGE_CURVE('',#612,#613,#283,.T.);
#760=EDGE_CURVE('',#614,#613,#510,.T.);
#761=EDGE_CURVE('',#614,#615,#284,.T.);
#762=EDGE_CURVE('',#616,#615,#511,.T.);
#763=EDGE_CURVE('',#616,#577,#285,.T.);
#764=EDGE_CURVE('',#617,#617,#512,.T.);
#765=EDGE_CURVE('',#597,#618,#286,.T.);
#766=EDGE_CURVE('',#619,#618,#287,.T.);
#767=EDGE_CURVE('',#620,#619,#513,.T.);
#768=EDGE_CURVE('',#621,#620,#288,.T.);
#769=EDGE_CURVE('',#621,#596,#289,.T.);
#770=EDGE_CURVE('',#622,#622,#514,.T.);
#771=EDGE_CURVE('',#623,#579,#290,.T.);
#772=EDGE_CURVE('',#623,#624,#515,.T.);
#773=EDGE_CURVE('',#580,#624,#291,.T.);
#774=EDGE_CURVE('',#625,#625,#516,.T.);
#775=EDGE_CURVE('',#626,#627,#292,.T.);
#776=EDGE_CURVE('',#627,#623,#293,.T.);
#777=EDGE_CURVE('',#628,#616,#294,.T.);
#778=EDGE_CURVE('',#628,#629,#295,.T.);
#779=EDGE_CURVE('',#630,#629,#517,.T.);
#780=EDGE_CURVE('',#630,#631,#296,.T.);
#781=EDGE_CURVE('',#632,#631,#518,.T.);
#782=EDGE_CURVE('',#632,#633,#297,.T.);
#783=EDGE_CURVE('',#634,#633,#298,.T.);
#784=EDGE_CURVE('',#594,#634,#299,.T.);
#785=EDGE_CURVE('',#635,#593,#300,.T.);
#786=EDGE_CURVE('',#635,#626,#301,.T.);
#787=EDGE_CURVE('',#624,#619,#302,.T.);
#788=EDGE_CURVE('',#618,#636,#303,.T.);
#789=EDGE_CURVE('',#637,#636,#519,.T.);
#790=EDGE_CURVE('',#638,#637,#304,.T.);
#791=EDGE_CURVE('',#609,#638,#305,.T.);
#792=EDGE_CURVE('',#591,#639,#520,.T.);
#793=EDGE_CURVE('',#639,#640,#521,.T.);
#794=EDGE_CURVE('',#641,#640,#306,.T.);
#795=EDGE_CURVE('',#642,#641,#522,.T.);
#796=EDGE_CURVE('',#603,#642,#523,.T.);
#797=EDGE_CURVE('',#602,#643,#524,.T.);
#798=EDGE_CURVE('',#643,#635,#525,.T.);
#799=EDGE_CURVE('',#644,#643,#307,.T.);
#800=EDGE_CURVE('',#644,#626,#526,.T.);
#801=EDGE_CURVE('',#644,#601,#527,.T.);
#802=EDGE_CURVE('',#645,#646,#308,.T.);
#803=EDGE_CURVE('',#646,#647,#528,.T.);
#804=EDGE_CURVE('',#647,#648,#309,.T.);
#805=EDGE_CURVE('',#648,#649,#529,.T.);
#806=EDGE_CURVE('',#649,#645,#78,.T.);
#807=EDGE_CURVE('',#650,#651,#530,.T.);
#808=EDGE_CURVE('',#651,#647,#531,.T.);
#809=EDGE_CURVE('',#646,#650,#532,.T.);
#810=EDGE_CURVE('',#652,#651,#310,.T.);
#811=EDGE_CURVE('',#650,#653,#311,.T.);
#812=EDGE_CURVE('',#653,#654,#79,.T.);
#813=EDGE_CURVE('',#654,#652,#533,.T.);
#814=EDGE_CURVE('',#654,#649,#534,.T.);
#815=EDGE_CURVE('',#648,#652,#535,.T.);
#816=EDGE_CURVE('',#648,#655,#312,.T.);
#817=EDGE_CURVE('',#656,#655,#536,.T.);
#818=EDGE_CURVE('',#652,#656,#313,.T.);
#819=EDGE_CURVE('',#647,#657,#314,.T.);
#820=EDGE_CURVE('',#655,#657,#315,.T.);
#821=EDGE_CURVE('',#658,#658,#537,.T.);
#822=EDGE_CURVE('',#658,#659,#316,.T.);
#823=EDGE_CURVE('',#659,#659,#538,.T.);
#824=EDGE_CURVE('',#660,#660,#539,.T.);
#825=EDGE_CURVE('',#658,#625,#317,.T.);
#826=EDGE_CURVE('',#622,#660,#318,.T.);
#827=EDGE_CURVE('',#638,#661,#540,.T.);
#828=EDGE_CURVE('',#661,#610,#319,.T.);
#829=EDGE_CURVE('',#662,#663,#541,.T.);
#830=EDGE_CURVE('',#663,#612,#320,.T.);
#831=EDGE_CURVE('',#611,#662,#321,.T.);
#832=EDGE_CURVE('',#664,#663,#322,.T.);
#833=EDGE_CURVE('',#613,#664,#323,.T.);
#834=EDGE_CURVE('',#664,#665,#542,.T.);
#835=EDGE_CURVE('',#665,#614,#324,.T.);
#836=EDGE_CURVE('',#615,#666,#325,.T.);
#837=EDGE_CURVE('',#666,#628,#543,.T.);
#838=EDGE_CURVE('',#667,#668,#544,.T.);
#839=EDGE_CURVE('',#668,#669,#326,.T.);
#840=EDGE_CURVE('',#669,#670,#545,.T.);
#841=EDGE_CURVE('',#670,#667,#327,.T.);
#842=EDGE_CURVE('',#667,#595,#328,.T.);
#843=EDGE_CURVE('',#670,#584,#329,.T.);
#844=EDGE_CURVE('',#669,#671,#330,.T.);
#845=EDGE_CURVE('',#672,#671,#546,.T.);
#846=EDGE_CURVE('',#672,#673,#331,.T.);
#847=EDGE_CURVE('',#674,#673,#547,.T.);
#848=EDGE_CURVE('',#674,#675,#332,.T.);
#849=EDGE_CURVE('',#633,#675,#548,.T.);
#850=EDGE_CURVE('',#584,#632,#333,.T.);
#851=EDGE_CURVE('',#676,#676,#549,.T.);
#852=EDGE_CURVE('',#671,#677,#334,.T.);
#853=EDGE_CURVE('',#677,#678,#550,.T.);
#854=EDGE_CURVE('',#678,#672,#335,.T.);
#855=EDGE_CURVE('',#678,#679,#336,.T.);
#856=EDGE_CURVE('',#673,#679,#337,.T.);
#857=EDGE_CURVE('',#679,#680,#551,.T.);
#858=EDGE_CURVE('',#680,#674,#338,.T.);
#859=EDGE_CURVE('',#681,#634,#552,.T.);
#860=EDGE_CURVE('',#675,#681,#339,.T.);
#861=EDGE_CURVE('',#668,#677,#340,.T.);
#862=EDGE_CURVE('',#680,#681,#341,.T.);
#863=EDGE_CURVE('',#662,#661,#342,.T.);
#864=EDGE_CURVE('',#629,#637,#343,.T.);
#865=EDGE_CURVE('',#666,#665,#344,.T.);
#866=EDGE_CURVE('',#682,#682,#553,.T.);
#867=EDGE_CURVE('',#683,#590,#554,.T.);
#868=EDGE_CURVE('',#640,#683,#80,.T.);
#869=EDGE_CURVE('',#639,#684,#345,.T.);
#870=EDGE_CURVE('',#684,#684,#555,.T.);
#871=EDGE_CURVE('',#685,#686,#81,.T.);
#872=EDGE_CURVE('',#686,#685,#556,.T.);
#873=EDGE_CURVE('',#687,#685,#346,.T.);
#874=EDGE_CURVE('',#688,#687,#347,.T.);
#875=EDGE_CURVE('',#689,#688,#348,.T.);
#876=EDGE_CURVE('',#587,#689,#349,.T.);
#877=EDGE_CURVE('',#690,#586,#557,.T.);
#878=EDGE_CURVE('',#691,#690,#350,.T.);
#879=EDGE_CURVE('',#686,#691,#351,.T.);
#880=EDGE_CURVE('',#692,#692,#558,.T.);
#881=EDGE_CURVE('',#693,#621,#559,.T.);
#882=EDGE_CURVE('',#620,#694,#82,.T.);
#883=EDGE_CURVE('',#694,#693,#352,.T.);
#884=EDGE_CURVE('',#695,#696,#83,.F.);
#885=EDGE_CURVE('',#695,#697,#353,.T.);
#886=EDGE_CURVE('',#697,#698,#560,.T.);
#887=EDGE_CURVE('',#698,#699,#354,.T.);
#888=EDGE_CURVE('',#699,#700,#84,.T.);
#889=EDGE_CURVE('',#700,#701,#355,.T.);
#890=EDGE_CURVE('',#696,#701,#85,.F.);
#891=EDGE_CURVE('',#700,#702,#561,.T.);
#892=EDGE_CURVE('',#703,#702,#356,.T.);
#893=EDGE_CURVE('',#697,#703,#357,.T.);
#894=EDGE_CURVE('',#701,#695,#562,.T.);
#895=EDGE_CURVE('',#699,#694,#358,.T.);
#896=EDGE_CURVE('',#693,#698,#359,.T.);
#897=EDGE_CURVE('',#696,#704,#360,.T.);
#898=EDGE_CURVE('',#704,#704,#563,.T.);
#899=EDGE_CURVE('',#600,#627,#564,.T.);
#900=EDGE_CURVE('',#705,#599,#565,.T.);
#901=EDGE_CURVE('',#702,#705,#361,.T.);
#902=EDGE_CURVE('',#706,#705,#362,.T.);
#903=EDGE_CURVE('',#706,#703,#363,.T.);
#904=EDGE_CURVE('',#657,#707,#566,.T.);
#905=EDGE_CURVE('',#707,#656,#364,.T.);
#906=EDGE_CURVE('',#631,#690,#365,.T.);
#907=EDGE_CURVE('',#708,#630,#366,.T.);
#908=EDGE_CURVE('',#708,#691,#567,.F.);
#909=EDGE_CURVE('',#598,#706,#367,.T.);
#910=EDGE_CURVE('',#709,#709,#568,.T.);
#911=EDGE_CURVE('',#709,#710,#368,.T.);
#912=EDGE_CURVE('',#711,#710,#86,.T.);
#913=EDGE_CURVE('',#712,#711,#87,.T.);
#914=EDGE_CURVE('',#712,#692,#369,.T.);
#915=EDGE_CURVE('',#710,#712,#88,.T.);
#916=EDGE_CURVE('',#607,#713,#370,.T.);
#917=EDGE_CURVE('',#713,#714,#569,.T.);
#918=EDGE_CURVE('',#714,#689,#371,.T.);
#919=EDGE_CURVE('',#688,#608,#372,.T.);
#920=EDGE_CURVE('',#715,#715,#570,.T.);
#921=EDGE_CURVE('',#716,#606,#373,.T.);
#922=EDGE_CURVE('',#713,#716,#374,.T.);
#923=EDGE_CURVE('',#641,#605,#89,.T.);
#924=EDGE_CURVE('',#683,#716,#90,.T.);
#925=EDGE_CURVE('',#589,#714,#375,.T.);
#926=EDGE_CURVE('',#589,#716,#571,.T.);
#927=EDGE_CURVE('',#618,#687,#572,.T.);
#928=EDGE_CURVE('',#636,#708,#91,.F.);
#929=EDGE_CURVE('',#604,#642,#573,.T.);
#930=EDGE_CURVE('',#717,#717,#574,.T.);
#931=EDGE_CURVE('',#717,#715,#376,.T.);
#932=EDGE_CURVE('',#617,#682,#377,.T.);
#933=EDGE_CURVE('',#645,#718,#575,.T.);
#934=EDGE_CURVE('',#718,#653,#576,.T.);
#935=EDGE_CURVE('',#718,#676,#378,.T.);
#936=EDGE_CURVE('',#651,#707,#379,.T.);
#937=ORIENTED_EDGE('',*,*,#719,.F.);
#938=ORIENTED_EDGE('',*,*,#720,.T.);
#939=ORIENTED_EDGE('',*,*,#721,.T.);
#940=ORIENTED_EDGE('',*,*,#722,.F.);
#941=ORIENTED_EDGE('',*,*,#723,.F.);
#942=ORIENTED_EDGE('',*,*,#724,.F.);
#943=ORIENTED_EDGE('',*,*,#725,.F.);
#944=ORIENTED_EDGE('',*,*,#726,.T.);
#945=ORIENTED_EDGE('',*,*,#727,.T.);
#946=ORIENTED_EDGE('',*,*,#728,.T.);
#947=ORIENTED_EDGE('',*,*,#729,.F.);
#948=ORIENTED_EDGE('',*,*,#730,.F.);
#949=ORIENTED_EDGE('',*,*,#723,.T.);
#950=ORIENTED_EDGE('',*,*,#731,.T.);
#951=ORIENTED_EDGE('',*,*,#732,.F.);
#952=ORIENTED_EDGE('',*,*,#733,.T.);
#953=ORIENTED_EDGE('',*,*,#734,.F.);
#954=ORIENTED_EDGE('',*,*,#735,.F.);
#955=ORIENTED_EDGE('',*,*,#736,.T.);
#956=ORIENTED_EDGE('',*,*,#737,.F.);
#957=ORIENTED_EDGE('',*,*,#738,.F.);
#958=ORIENTED_EDGE('',*,*,#739,.T.);
#959=ORIENTED_EDGE('',*,*,#740,.T.);
#960=ORIENTED_EDGE('',*,*,#741,.F.);
#961=ORIENTED_EDGE('',*,*,#742,.T.);
#962=ORIENTED_EDGE('',*,*,#743,.F.);
#963=ORIENTED_EDGE('',*,*,#744,.T.);
#964=ORIENTED_EDGE('',*,*,#745,.F.);
#965=ORIENTED_EDGE('',*,*,#746,.F.);
#966=ORIENTED_EDGE('',*,*,#747,.F.);
#967=ORIENTED_EDGE('',*,*,#748,.F.);
#968=ORIENTED_EDGE('',*,*,#749,.F.);
#969=ORIENTED_EDGE('',*,*,#750,.F.);
#970=ORIENTED_EDGE('',*,*,#751,.F.);
#971=ORIENTED_EDGE('',*,*,#752,.F.);
#972=ORIENTED_EDGE('',*,*,#753,.F.);
#973=ORIENTED_EDGE('',*,*,#754,.T.);
#974=ORIENTED_EDGE('',*,*,#719,.T.);
#975=ORIENTED_EDGE('',*,*,#755,.T.);
#976=ORIENTED_EDGE('',*,*,#756,.F.);
#977=ORIENTED_EDGE('',*,*,#757,.T.);
#978=ORIENTED_EDGE('',*,*,#758,.F.);
#979=ORIENTED_EDGE('',*,*,#759,.T.);
#980=ORIENTED_EDGE('',*,*,#760,.F.);
#981=ORIENTED_EDGE('',*,*,#761,.T.);
#982=ORIENTED_EDGE('',*,*,#762,.F.);
#983=ORIENTED_EDGE('',*,*,#763,.T.);
#984=ORIENTED_EDGE('',*,*,#764,.T.);
#985=ORIENTED_EDGE('',*,*,#741,.T.);
#986=ORIENTED_EDGE('',*,*,#765,.T.);
#987=ORIENTED_EDGE('',*,*,#766,.F.);
#988=ORIENTED_EDGE('',*,*,#767,.F.);
#989=ORIENTED_EDGE('',*,*,#768,.F.);
#990=ORIENTED_EDGE('',*,*,#769,.T.);
#991=ORIENTED_EDGE('',*,*,#770,.F.);
#992=ORIENTED_EDGE('',*,*,#721,.F.);
#993=ORIENTED_EDGE('',*,*,#771,.F.);
#994=ORIENTED_EDGE('',*,*,#772,.T.);
#995=ORIENTED_EDGE('',*,*,#773,.F.);
#996=ORIENTED_EDGE('',*,*,#774,.F.);
#997=ORIENTED_EDGE('',*,*,#775,.T.);
#998=ORIENTED_EDGE('',*,*,#776,.T.);
#999=ORIENTED_EDGE('',*,*,#771,.T.);
#1000=ORIENTED_EDGE('',*,*,#720,.F.);
#1001=ORIENTED_EDGE('',*,*,#763,.F.);
#1002=ORIENTED_EDGE('',*,*,#777,.F.);
#1003=ORIENTED_EDGE('',*,*,#778,.T.);
#1004=ORIENTED_EDGE('',*,*,#779,.F.);
#1005=ORIENTED_EDGE('',*,*,#780,.T.);
#1006=ORIENTED_EDGE('',*,*,#781,.F.);
#1007=ORIENTED_EDGE('',*,*,#782,.T.);
#1008=ORIENTED_EDGE('',*,*,#783,.F.);
#1009=ORIENTED_EDGE('',*,*,#784,.F.);
#1010=ORIENTED_EDGE('',*,*,#737,.T.);
#1011=ORIENTED_EDGE('',*,*,#785,.F.);
#1012=ORIENTED_EDGE('',*,*,#786,.T.);
#1013=ORIENTED_EDGE('',*,*,#773,.T.);
#1014=ORIENTED_EDGE('',*,*,#787,.T.);
#1015=ORIENTED_EDGE('',*,*,#766,.T.);
#1016=ORIENTED_EDGE('',*,*,#788,.T.);
#1017=ORIENTED_EDGE('',*,*,#789,.F.);
#1018=ORIENTED_EDGE('',*,*,#790,.F.);
#1019=ORIENTED_EDGE('',*,*,#791,.F.);
#1020=ORIENTED_EDGE('',*,*,#755,.F.);
#1021=ORIENTED_EDGE('',*,*,#722,.T.);
#1022=ORIENTED_EDGE('',*,*,#735,.T.);
#1023=ORIENTED_EDGE('',*,*,#734,.T.);
#1024=ORIENTED_EDGE('',*,*,#792,.T.);
#1025=ORIENTED_EDGE('',*,*,#793,.T.);
#1026=ORIENTED_EDGE('',*,*,#794,.F.);
#1027=ORIENTED_EDGE('',*,*,#795,.F.);
#1028=ORIENTED_EDGE('',*,*,#796,.F.);
#1029=ORIENTED_EDGE('',*,*,#748,.T.);
#1030=ORIENTED_EDGE('',*,*,#740,.F.);
#1031=ORIENTED_EDGE('',*,*,#724,.T.);
#1032=ORIENTED_EDGE('',*,*,#730,.T.);
#1033=ORIENTED_EDGE('',*,*,#736,.F.);
#1034=ORIENTED_EDGE('',*,*,#747,.T.);
#1035=ORIENTED_EDGE('',*,*,#797,.T.);
#1036=ORIENTED_EDGE('',*,*,#798,.T.);
#1037=ORIENTED_EDGE('',*,*,#785,.T.);
#1038=ORIENTED_EDGE('',*,*,#798,.F.);
#1039=ORIENTED_EDGE('',*,*,#799,.F.);
#1040=ORIENTED_EDGE('',*,*,#800,.T.);
#1041=ORIENTED_EDGE('',*,*,#786,.F.);
#1042=ORIENTED_EDGE('',*,*,#797,.F.);
#1043=ORIENTED_EDGE('',*,*,#746,.T.);
#1044=ORIENTED_EDGE('',*,*,#801,.F.);
#1045=ORIENTED_EDGE('',*,*,#799,.T.);
#1046=ORIENTED_EDGE('',*,*,#802,.T.);
#1047=ORIENTED_EDGE('',*,*,#803,.T.);
#1048=ORIENTED_EDGE('',*,*,#804,.T.);
#1049=ORIENTED_EDGE('',*,*,#805,.T.);
#1050=ORIENTED_EDGE('',*,*,#806,.T.);
#1051=ORIENTED_EDGE('',*,*,#807,.T.);
#1052=ORIENTED_EDGE('',*,*,#808,.T.);
#1053=ORIENTED_EDGE('',*,*,#803,.F.);
#1054=ORIENTED_EDGE('',*,*,#809,.T.);
#1055=ORIENTED_EDGE('',*,*,#810,.T.);
#1056=ORIENTED_EDGE('',*,*,#807,.F.);
#1057=ORIENTED_EDGE('',*,*,#811,.T.);
#1058=ORIENTED_EDGE('',*,*,#812,.T.);
#1059=ORIENTED_EDGE('',*,*,#813,.T.);
#1060=ORIENTED_EDGE('',*,*,#814,.T.);
#1061=ORIENTED_EDGE('',*,*,#805,.F.);
#1062=ORIENTED_EDGE('',*,*,#815,.T.);
#1063=ORIENTED_EDGE('',*,*,#813,.F.);
#1064=ORIENTED_EDGE('',*,*,#815,.F.);
#1065=ORIENTED_EDGE('',*,*,#816,.T.);
#1066=ORIENTED_EDGE('',*,*,#817,.F.);
#1067=ORIENTED_EDGE('',*,*,#818,.F.);
#1068=ORIENTED_EDGE('',*,*,#804,.F.);
#1069=ORIENTED_EDGE('',*,*,#819,.T.);
#1070=ORIENTED_EDGE('',*,*,#820,.F.);
#1071=ORIENTED_EDGE('',*,*,#816,.F.);
#1072=ORIENTED_EDGE('',*,*,#821,.T.);
#1073=ORIENTED_EDGE('',*,*,#822,.T.);
#1074=ORIENTED_EDGE('',*,*,#823,.T.);
#1075=ORIENTED_EDGE('',*,*,#822,.F.);
#1076=ORIENTED_EDGE('',*,*,#824,.F.);
#1077=ORIENTED_EDGE('',*,*,#823,.F.);
#1078=ORIENTED_EDGE('',*,*,#821,.F.);
#1079=ORIENTED_EDGE('',*,*,#825,.T.);
#1080=ORIENTED_EDGE('',*,*,#774,.T.);
#1081=ORIENTED_EDGE('',*,*,#825,.F.);
#1082=ORIENTED_EDGE('',*,*,#770,.T.);
#1083=ORIENTED_EDGE('',*,*,#826,.T.);
#1084=ORIENTED_EDGE('',*,*,#824,.T.);
#1085=ORIENTED_EDGE('',*,*,#826,.F.);
#1086=ORIENTED_EDGE('',*,*,#827,.T.);
#1087=ORIENTED_EDGE('',*,*,#828,.T.);
#1088=ORIENTED_EDGE('',*,*,#756,.T.);
#1089=ORIENTED_EDGE('',*,*,#791,.T.);
#1090=ORIENTED_EDGE('',*,*,#829,.T.);
#1091=ORIENTED_EDGE('',*,*,#830,.T.);
#1092=ORIENTED_EDGE('',*,*,#758,.T.);
#1093=ORIENTED_EDGE('',*,*,#831,.T.);
#1094=ORIENTED_EDGE('',*,*,#830,.F.);
#1095=ORIENTED_EDGE('',*,*,#832,.F.);
#1096=ORIENTED_EDGE('',*,*,#833,.F.);
#1097=ORIENTED_EDGE('',*,*,#759,.F.);
#1098=ORIENTED_EDGE('',*,*,#834,.T.);
#1099=ORIENTED_EDGE('',*,*,#835,.T.);
#1100=ORIENTED_EDGE('',*,*,#760,.T.);
#1101=ORIENTED_EDGE('',*,*,#833,.T.);
#1102=ORIENTED_EDGE('',*,*,#762,.T.);
#1103=ORIENTED_EDGE('',*,*,#836,.T.);
#1104=ORIENTED_EDGE('',*,*,#837,.T.);
#1105=ORIENTED_EDGE('',*,*,#777,.T.);
#1106=ORIENTED_EDGE('',*,*,#838,.T.);
#1107=ORIENTED_EDGE('',*,*,#839,.T.);
#1108=ORIENTED_EDGE('',*,*,#840,.T.);
#1109=ORIENTED_EDGE('',*,*,#841,.T.);
#1110=ORIENTED_EDGE('',*,*,#739,.F.);
#1111=ORIENTED_EDGE('',*,*,#842,.F.);
#1112=ORIENTED_EDGE('',*,*,#841,.F.);
#1113=ORIENTED_EDGE('',*,*,#843,.T.);
#1114=ORIENTED_EDGE('',*,*,#725,.T.);
#1115=ORIENTED_EDGE('',*,*,#844,.T.);
#1116=ORIENTED_EDGE('',*,*,#845,.F.);
#1117=ORIENTED_EDGE('',*,*,#846,.T.);
#1118=ORIENTED_EDGE('',*,*,#847,.F.);
#1119=ORIENTED_EDGE('',*,*,#848,.T.);
#1120=ORIENTED_EDGE('',*,*,#849,.F.);
#1121=ORIENTED_EDGE('',*,*,#782,.F.);
#1122=ORIENTED_EDGE('',*,*,#850,.F.);
#1123=ORIENTED_EDGE('',*,*,#843,.F.);
#1124=ORIENTED_EDGE('',*,*,#840,.F.);
#1125=ORIENTED_EDGE('',*,*,#851,.F.);
#1126=ORIENTED_EDGE('',*,*,#845,.T.);
#1127=ORIENTED_EDGE('',*,*,#852,.T.);
#1128=ORIENTED_EDGE('',*,*,#853,.T.);
#1129=ORIENTED_EDGE('',*,*,#854,.T.);
#1130=ORIENTED_EDGE('',*,*,#854,.F.);
#1131=ORIENTED_EDGE('',*,*,#855,.T.);
#1132=ORIENTED_EDGE('',*,*,#856,.F.);
#1133=ORIENTED_EDGE('',*,*,#846,.F.);
#1134=ORIENTED_EDGE('',*,*,#857,.T.);
#1135=ORIENTED_EDGE('',*,*,#858,.T.);
#1136=ORIENTED_EDGE('',*,*,#847,.T.);
#1137=ORIENTED_EDGE('',*,*,#856,.T.);
#1138=ORIENTED_EDGE('',*,*,#859,.T.);
#1139=ORIENTED_EDGE('',*,*,#783,.T.);
#1140=ORIENTED_EDGE('',*,*,#849,.T.);
#1141=ORIENTED_EDGE('',*,*,#860,.T.);
#1142=ORIENTED_EDGE('',*,*,#839,.F.);
#1143=ORIENTED_EDGE('',*,*,#861,.T.);
#1144=ORIENTED_EDGE('',*,*,#852,.F.);
#1145=ORIENTED_EDGE('',*,*,#844,.F.);
#1146=ORIENTED_EDGE('',*,*,#858,.F.);
#1147=ORIENTED_EDGE('',*,*,#862,.T.);
#1148=ORIENTED_EDGE('',*,*,#860,.F.);
#1149=ORIENTED_EDGE('',*,*,#848,.F.);
#1150=ORIENTED_EDGE('',*,*,#828,.F.);
#1151=ORIENTED_EDGE('',*,*,#863,.F.);
#1152=ORIENTED_EDGE('',*,*,#831,.F.);
#1153=ORIENTED_EDGE('',*,*,#757,.F.);
#1154=ORIENTED_EDGE('',*,*,#827,.F.);
#1155=ORIENTED_EDGE('',*,*,#790,.T.);
#1156=ORIENTED_EDGE('',*,*,#864,.F.);
#1157=ORIENTED_EDGE('',*,*,#778,.F.);
#1158=ORIENTED_EDGE('',*,*,#837,.F.);
#1159=ORIENTED_EDGE('',*,*,#865,.T.);
#1160=ORIENTED_EDGE('',*,*,#834,.F.);
#1161=ORIENTED_EDGE('',*,*,#832,.T.);
#1162=ORIENTED_EDGE('',*,*,#829,.F.);
#1163=ORIENTED_EDGE('',*,*,#863,.T.);
#1164=ORIENTED_EDGE('',*,*,#866,.F.);
#1165=ORIENTED_EDGE('',*,*,#835,.F.);
#1166=ORIENTED_EDGE('',*,*,#865,.F.);
#1167=ORIENTED_EDGE('',*,*,#836,.F.);
#1168=ORIENTED_EDGE('',*,*,#761,.F.);
#1169=ORIENTED_EDGE('',*,*,#733,.F.);
#1170=ORIENTED_EDGE('',*,*,#867,.F.);
#1171=ORIENTED_EDGE('',*,*,#868,.F.);
#1172=ORIENTED_EDGE('',*,*,#793,.F.);
#1173=ORIENTED_EDGE('',*,*,#869,.T.);
#1174=ORIENTED_EDGE('',*,*,#870,.F.);
#1175=ORIENTED_EDGE('',*,*,#869,.F.);
#1176=ORIENTED_EDGE('',*,*,#792,.F.);
#1177=ORIENTED_EDGE('',*,*,#871,.F.);
#1178=ORIENTED_EDGE('',*,*,#872,.F.);
#1179=ORIENTED_EDGE('',*,*,#873,.F.);
#1180=ORIENTED_EDGE('',*,*,#874,.F.);
#1181=ORIENTED_EDGE('',*,*,#875,.F.);
#1182=ORIENTED_EDGE('',*,*,#876,.F.);
#1183=ORIENTED_EDGE('',*,*,#728,.F.);
#1184=ORIENTED_EDGE('',*,*,#877,.F.);
#1185=ORIENTED_EDGE('',*,*,#878,.F.);
#1186=ORIENTED_EDGE('',*,*,#879,.F.);
#1187=ORIENTED_EDGE('',*,*,#872,.T.);
#1188=ORIENTED_EDGE('',*,*,#880,.T.);
#1189=ORIENTED_EDGE('',*,*,#881,.T.);
#1190=ORIENTED_EDGE('',*,*,#768,.T.);
#1191=ORIENTED_EDGE('',*,*,#882,.T.);
#1192=ORIENTED_EDGE('',*,*,#883,.T.);
#1193=ORIENTED_EDGE('',*,*,#884,.F.);
#1194=ORIENTED_EDGE('',*,*,#885,.T.);
#1195=ORIENTED_EDGE('',*,*,#886,.T.);
#1196=ORIENTED_EDGE('',*,*,#887,.T.);
#1197=ORIENTED_EDGE('',*,*,#888,.T.);
#1198=ORIENTED_EDGE('',*,*,#889,.T.);
#1199=ORIENTED_EDGE('',*,*,#890,.F.);
#1200=ORIENTED_EDGE('',*,*,#889,.F.);
#1201=ORIENTED_EDGE('',*,*,#891,.T.);
#1202=ORIENTED_EDGE('',*,*,#892,.F.);
#1203=ORIENTED_EDGE('',*,*,#893,.F.);
#1204=ORIENTED_EDGE('',*,*,#885,.F.);
#1205=ORIENTED_EDGE('',*,*,#894,.F.);
#1206=ORIENTED_EDGE('',*,*,#883,.F.);
#1207=ORIENTED_EDGE('',*,*,#895,.F.);
#1208=ORIENTED_EDGE('',*,*,#887,.F.);
#1209=ORIENTED_EDGE('',*,*,#896,.F.);
#1210=ORIENTED_EDGE('',*,*,#894,.T.);
#1211=ORIENTED_EDGE('',*,*,#884,.T.);
#1212=ORIENTED_EDGE('',*,*,#897,.T.);
#1213=ORIENTED_EDGE('',*,*,#898,.F.);
#1214=ORIENTED_EDGE('',*,*,#897,.F.);
#1215=ORIENTED_EDGE('',*,*,#890,.T.);
#1216=ORIENTED_EDGE('',*,*,#767,.T.);
#1217=ORIENTED_EDGE('',*,*,#787,.F.);
#1218=ORIENTED_EDGE('',*,*,#772,.F.);
#1219=ORIENTED_EDGE('',*,*,#776,.F.);
#1220=ORIENTED_EDGE('',*,*,#899,.F.);
#1221=ORIENTED_EDGE('',*,*,#744,.F.);
#1222=ORIENTED_EDGE('',*,*,#900,.F.);
#1223=ORIENTED_EDGE('',*,*,#901,.F.);
#1224=ORIENTED_EDGE('',*,*,#891,.F.);
#1225=ORIENTED_EDGE('',*,*,#888,.F.);
#1226=ORIENTED_EDGE('',*,*,#895,.T.);
#1227=ORIENTED_EDGE('',*,*,#882,.F.);
#1228=ORIENTED_EDGE('',*,*,#892,.T.);
#1229=ORIENTED_EDGE('',*,*,#901,.T.);
#1230=ORIENTED_EDGE('',*,*,#902,.F.);
#1231=ORIENTED_EDGE('',*,*,#903,.T.);
#1232=ORIENTED_EDGE('',*,*,#899,.T.);
#1233=ORIENTED_EDGE('',*,*,#775,.F.);
#1234=ORIENTED_EDGE('',*,*,#800,.F.);
#1235=ORIENTED_EDGE('',*,*,#801,.T.);
#1236=ORIENTED_EDGE('',*,*,#745,.T.);
#1237=ORIENTED_EDGE('',*,*,#738,.T.);
#1238=ORIENTED_EDGE('',*,*,#784,.T.);
#1239=ORIENTED_EDGE('',*,*,#859,.F.);
#1240=ORIENTED_EDGE('',*,*,#862,.F.);
#1241=ORIENTED_EDGE('',*,*,#857,.F.);
#1242=ORIENTED_EDGE('',*,*,#855,.F.);
#1243=ORIENTED_EDGE('',*,*,#853,.F.);
#1244=ORIENTED_EDGE('',*,*,#861,.F.);
#1245=ORIENTED_EDGE('',*,*,#838,.F.);
#1246=ORIENTED_EDGE('',*,*,#842,.T.);
#1247=ORIENTED_EDGE('',*,*,#870,.T.);
#1248=ORIENTED_EDGE('',*,*,#820,.T.);
#1249=ORIENTED_EDGE('',*,*,#904,.T.);
#1250=ORIENTED_EDGE('',*,*,#905,.T.);
#1251=ORIENTED_EDGE('',*,*,#817,.T.);
#1252=ORIENTED_EDGE('',*,*,#726,.F.);
#1253=ORIENTED_EDGE('',*,*,#850,.T.);
#1254=ORIENTED_EDGE('',*,*,#781,.T.);
#1255=ORIENTED_EDGE('',*,*,#906,.T.);
#1256=ORIENTED_EDGE('',*,*,#877,.T.);
#1257=ORIENTED_EDGE('',*,*,#727,.F.);
#1258=ORIENTED_EDGE('',*,*,#878,.T.);
#1259=ORIENTED_EDGE('',*,*,#906,.F.);
#1260=ORIENTED_EDGE('',*,*,#780,.F.);
#1261=ORIENTED_EDGE('',*,*,#907,.F.);
#1262=ORIENTED_EDGE('',*,*,#908,.T.);
#1263=ORIENTED_EDGE('',*,*,#900,.T.);
#1264=ORIENTED_EDGE('',*,*,#743,.T.);
#1265=ORIENTED_EDGE('',*,*,#909,.T.);
#1266=ORIENTED_EDGE('',*,*,#902,.T.);
#1267=ORIENTED_EDGE('',*,*,#898,.T.);
#1268=ORIENTED_EDGE('',*,*,#910,.F.);
#1269=ORIENTED_EDGE('',*,*,#910,.T.);
#1270=ORIENTED_EDGE('',*,*,#911,.T.);
#1271=ORIENTED_EDGE('',*,*,#912,.F.);
#1272=ORIENTED_EDGE('',*,*,#913,.F.);
#1273=ORIENTED_EDGE('',*,*,#914,.T.);
#1274=ORIENTED_EDGE('',*,*,#880,.F.);
#1275=ORIENTED_EDGE('',*,*,#914,.F.);
#1276=ORIENTED_EDGE('',*,*,#915,.F.);
#1277=ORIENTED_EDGE('',*,*,#911,.F.);
#1278=ORIENTED_EDGE('',*,*,#893,.T.);
#1279=ORIENTED_EDGE('',*,*,#903,.F.);
#1280=ORIENTED_EDGE('',*,*,#909,.F.);
#1281=ORIENTED_EDGE('',*,*,#742,.F.);
#1282=ORIENTED_EDGE('',*,*,#769,.F.);
#1283=ORIENTED_EDGE('',*,*,#881,.F.);
#1284=ORIENTED_EDGE('',*,*,#896,.T.);
#1285=ORIENTED_EDGE('',*,*,#886,.F.);
#1286=ORIENTED_EDGE('',*,*,#753,.T.);
#1287=ORIENTED_EDGE('',*,*,#916,.T.);
#1288=ORIENTED_EDGE('',*,*,#917,.T.);
#1289=ORIENTED_EDGE('',*,*,#918,.T.);
#1290=ORIENTED_EDGE('',*,*,#875,.T.);
#1291=ORIENTED_EDGE('',*,*,#919,.T.);
#1292=ORIENTED_EDGE('',*,*,#920,.T.);
#1293=ORIENTED_EDGE('',*,*,#752,.T.);
#1294=ORIENTED_EDGE('',*,*,#921,.F.);
#1295=ORIENTED_EDGE('',*,*,#922,.F.);
#1296=ORIENTED_EDGE('',*,*,#916,.F.);
#1297=ORIENTED_EDGE('',*,*,#751,.T.);
#1298=ORIENTED_EDGE('',*,*,#923,.F.);
#1299=ORIENTED_EDGE('',*,*,#794,.T.);
#1300=ORIENTED_EDGE('',*,*,#868,.T.);
#1301=ORIENTED_EDGE('',*,*,#924,.T.);
#1302=ORIENTED_EDGE('',*,*,#921,.T.);
#1303=ORIENTED_EDGE('',*,*,#925,.F.);
#1304=ORIENTED_EDGE('',*,*,#731,.F.);
#1305=ORIENTED_EDGE('',*,*,#729,.T.);
#1306=ORIENTED_EDGE('',*,*,#876,.T.);
#1307=ORIENTED_EDGE('',*,*,#918,.F.);
#1308=ORIENTED_EDGE('',*,*,#867,.T.);
#1309=ORIENTED_EDGE('',*,*,#732,.T.);
#1310=ORIENTED_EDGE('',*,*,#926,.T.);
#1311=ORIENTED_EDGE('',*,*,#924,.F.);
#1312=ORIENTED_EDGE('',*,*,#927,.T.);
#1313=ORIENTED_EDGE('',*,*,#873,.T.);
#1314=ORIENTED_EDGE('',*,*,#871,.T.);
#1315=ORIENTED_EDGE('',*,*,#879,.T.);
#1316=ORIENTED_EDGE('',*,*,#908,.F.);
#1317=ORIENTED_EDGE('',*,*,#928,.F.);
#1318=ORIENTED_EDGE('',*,*,#788,.F.);
#1319=ORIENTED_EDGE('',*,*,#750,.T.);
#1320=ORIENTED_EDGE('',*,*,#929,.T.);
#1321=ORIENTED_EDGE('',*,*,#795,.T.);
#1322=ORIENTED_EDGE('',*,*,#923,.T.);
#1323=ORIENTED_EDGE('',*,*,#749,.T.);
#1324=ORIENTED_EDGE('',*,*,#796,.T.);
#1325=ORIENTED_EDGE('',*,*,#929,.F.);
#1326=ORIENTED_EDGE('',*,*,#922,.T.);
#1327=ORIENTED_EDGE('',*,*,#926,.F.);
#1328=ORIENTED_EDGE('',*,*,#925,.T.);
#1329=ORIENTED_EDGE('',*,*,#917,.F.);
#1330=ORIENTED_EDGE('',*,*,#930,.F.);
#1331=ORIENTED_EDGE('',*,*,#931,.T.);
#1332=ORIENTED_EDGE('',*,*,#920,.F.);
#1333=ORIENTED_EDGE('',*,*,#931,.F.);
#1334=ORIENTED_EDGE('',*,*,#912,.T.);
#1335=ORIENTED_EDGE('',*,*,#915,.T.);
#1336=ORIENTED_EDGE('',*,*,#913,.T.);
#1337=ORIENTED_EDGE('',*,*,#930,.T.);
#1338=ORIENTED_EDGE('',*,*,#779,.T.);
#1339=ORIENTED_EDGE('',*,*,#864,.T.);
#1340=ORIENTED_EDGE('',*,*,#789,.T.);
#1341=ORIENTED_EDGE('',*,*,#928,.T.);
#1342=ORIENTED_EDGE('',*,*,#907,.T.);
#1343=ORIENTED_EDGE('',*,*,#764,.F.);
#1344=ORIENTED_EDGE('',*,*,#932,.T.);
#1345=ORIENTED_EDGE('',*,*,#866,.T.);
#1346=ORIENTED_EDGE('',*,*,#932,.F.);
#1347=ORIENTED_EDGE('',*,*,#765,.F.);
#1348=ORIENTED_EDGE('',*,*,#754,.F.);
#1349=ORIENTED_EDGE('',*,*,#919,.F.);
#1350=ORIENTED_EDGE('',*,*,#874,.T.);
#1351=ORIENTED_EDGE('',*,*,#927,.F.);
#1352=ORIENTED_EDGE('',*,*,#933,.F.);
#1353=ORIENTED_EDGE('',*,*,#806,.F.);
#1354=ORIENTED_EDGE('',*,*,#814,.F.);
#1355=ORIENTED_EDGE('',*,*,#812,.F.);
#1356=ORIENTED_EDGE('',*,*,#934,.F.);
#1357=ORIENTED_EDGE('',*,*,#935,.T.);
#1358=ORIENTED_EDGE('',*,*,#851,.T.);
#1359=ORIENTED_EDGE('',*,*,#935,.F.);
#1360=ORIENTED_EDGE('',*,*,#802,.F.);
#1361=ORIENTED_EDGE('',*,*,#933,.T.);
#1362=ORIENTED_EDGE('',*,*,#934,.T.);
#1363=ORIENTED_EDGE('',*,*,#811,.F.);
#1364=ORIENTED_EDGE('',*,*,#809,.F.);
#1365=ORIENTED_EDGE('',*,*,#808,.F.);
#1366=ORIENTED_EDGE('',*,*,#936,.T.);
#1367=ORIENTED_EDGE('',*,*,#904,.F.);
#1368=ORIENTED_EDGE('',*,*,#819,.F.);
#1369=ORIENTED_EDGE('',*,*,#810,.F.);
#1370=ORIENTED_EDGE('',*,*,#818,.T.);
#1371=ORIENTED_EDGE('',*,*,#905,.F.);
#1372=ORIENTED_EDGE('',*,*,#936,.F.);
#1373=CYLINDRICAL_SURFACE('',#1508,10.);
#1374=CYLINDRICAL_SURFACE('',#1511,5.25);
#1375=CYLINDRICAL_SURFACE('',#1513,2.);
#1376=CYLINDRICAL_SURFACE('',#1514,10.);
#1377=CYLINDRICAL_SURFACE('',#1547,1.);
#1378=CYLINDRICAL_SURFACE('',#1549,11.);
#1379=CYLINDRICAL_SURFACE('',#1551,1.);
#1380=CYLINDRICAL_SURFACE('',#1558,1.);
#1381=CYLINDRICAL_SURFACE('',#1563,3.75);
#1382=CYLINDRICAL_SURFACE('',#1571,3.25);
#1383=CYLINDRICAL_SURFACE('',#1573,3.);
#1384=CYLINDRICAL_SURFACE('',#1575,3.);
#1385=CYLINDRICAL_SURFACE('',#1578,3.);
#1386=CYLINDRICAL_SURFACE('',#1580,3.);
#1387=CYLINDRICAL_SURFACE('',#1582,3.);
#1388=CYLINDRICAL_SURFACE('',#1591,3.);
#1389=CYLINDRICAL_SURFACE('',#1594,3.);
#1390=CYLINDRICAL_SURFACE('',#1596,3.);
#1391=CYLINDRICAL_SURFACE('',#1604,3.);
#1392=CYLINDRICAL_SURFACE('',#1607,5.);
#1393=CYLINDRICAL_SURFACE('',#1612,3.5);
#1394=CYLINDRICAL_SURFACE('',#1614,3.5);
#1395=CYLINDRICAL_SURFACE('',#1620,0.799999999999997);
#1396=CYLINDRICAL_SURFACE('',#1622,12.);
#1397=CYLINDRICAL_SURFACE('',#1629,5.5);
#1398=CYLINDRICAL_SURFACE('',#1635,2.);
#1399=CYLINDRICAL_SURFACE('',#1641,2.);
#1400=CYLINDRICAL_SURFACE('',#1644,5.25000000000001);
#1401=CYLINDRICAL_SURFACE('',#1649,3.5);
#1402=CYLINDRICAL_SURFACE('',#1650,0.8);
#1403=CYLINDRICAL_SURFACE('',#1653,5.5);
#1404=CYLINDRICAL_SURFACE('',#1654,2.25);
#1405=CYLINDRICAL_SURFACE('',#1656,3.5);
#1406=CYLINDRICAL_SURFACE('',#1660,2.25000000001757);
#1407=ADVANCED_FACE('',(#92),#1373,.T.);
#1408=ADVANCED_FACE('',(#93),#1374,.F.);
#1409=ADVANCED_FACE('',(#94),#1375,.F.);
#1410=ADVANCED_FACE('',(#95),#1376,.T.);
#1411=ADVANCED_FACE('',(#96),#34,.T.);
#1412=ADVANCED_FACE('',(#97,#22),#35,.T.);
#1413=ADVANCED_FACE('',(#98,#23),#36,.F.);
#1414=ADVANCED_FACE('',(#99,#24),#37,.T.);
#1415=ADVANCED_FACE('',(#100),#38,.T.);
#1416=ADVANCED_FACE('',(#101),#39,.T.);
#1417=ADVANCED_FACE('',(#102),#40,.F.);
#1418=ADVANCED_FACE('',(#103),#41,.T.);
#1419=ADVANCED_FACE('',(#104),#42,.T.);
#1420=ADVANCED_FACE('',(#105),#1377,.T.);
#1421=ADVANCED_FACE('',(#106),#1378,.F.);
#1422=ADVANCED_FACE('',(#107),#1379,.F.);
#1423=ADVANCED_FACE('',(#108),#18,.F.);
#1424=ADVANCED_FACE('',(#109),#1380,.F.);
#1425=ADVANCED_FACE('',(#110),#19,.F.);
#1426=ADVANCED_FACE('',(#111),#1381,.F.);
#1427=ADVANCED_FACE('',(#112),#43,.T.);
#1428=ADVANCED_FACE('',(#113),#16,.F.);
#1429=ADVANCED_FACE('',(#114,#25),#44,.T.);
#1430=ADVANCED_FACE('',(#115),#1382,.F.);
#1431=ADVANCED_FACE('',(#116),#17,.F.);
#1432=ADVANCED_FACE('',(#117),#1383,.T.);
#1433=ADVANCED_FACE('',(#118),#1384,.T.);
#1434=ADVANCED_FACE('',(#119),#45,.T.);
#1435=ADVANCED_FACE('',(#120),#1385,.T.);
#1436=ADVANCED_FACE('',(#121),#1386,.T.);
#1437=ADVANCED_FACE('',(#122),#1387,.T.);
#1438=ADVANCED_FACE('',(#123),#46,.T.);
#1439=ADVANCED_FACE('',(#124,#26),#47,.F.);
#1440=ADVANCED_FACE('',(#125),#1388,.T.);
#1441=ADVANCED_FACE('',(#126),#48,.T.);
#1442=ADVANCED_FACE('',(#127),#1389,.T.);
#1443=ADVANCED_FACE('',(#128),#1390,.T.);
#1444=ADVANCED_FACE('',(#129),#49,.T.);
#1445=ADVANCED_FACE('',(#130),#50,.T.);
#1446=ADVANCED_FACE('',(#131),#51,.T.);
#1447=ADVANCED_FACE('',(#132,#27),#52,.F.);
#1448=ADVANCED_FACE('',(#133),#53,.T.);
#1449=ADVANCED_FACE('',(#134),#1391,.F.);
#1450=ADVANCED_FACE('',(#135),#1392,.F.);
#1451=ADVANCED_FACE('',(#136,#28),#54,.T.);
#1452=ADVANCED_FACE('',(#137),#1393,.F.);
#1453=ADVANCED_FACE('',(#138),#1394,.F.);
#1454=ADVANCED_FACE('',(#139),#55,.F.);
#1455=ADVANCED_FACE('',(#140),#56,.T.);
#1456=ADVANCED_FACE('',(#141),#1395,.F.);
#1457=ADVANCED_FACE('',(#142),#1396,.T.);
#1458=ADVANCED_FACE('',(#143),#57,.T.);
#1459=ADVANCED_FACE('',(#144),#58,.T.);
#1460=ADVANCED_FACE('',(#145,#29,#30),#59,.T.);
#1461=ADVANCED_FACE('',(#146),#1397,.F.);
#1462=ADVANCED_FACE('',(#147),#60,.T.);
#1463=ADVANCED_FACE('',(#148,#31),#61,.T.);
#1464=ADVANCED_FACE('',(#149),#62,.T.);
#1465=ADVANCED_FACE('',(#150),#1398,.F.);
#1466=ADVANCED_FACE('',(#151),#63,.T.);
#1467=ADVANCED_FACE('',(#152,#32),#64,.T.);
#1468=ADVANCED_FACE('',(#153),#65,.F.);
#1469=ADVANCED_FACE('',(#154),#1399,.F.);
#1470=ADVANCED_FACE('',(#155),#66,.F.);
#1471=ADVANCED_FACE('',(#156),#15,.T.);
#1472=ADVANCED_FACE('',(#157),#1400,.F.);
#1473=ADVANCED_FACE('',(#158),#20,.F.);
#1474=ADVANCED_FACE('',(#159),#21,.F.);
#1475=ADVANCED_FACE('',(#160),#1401,.F.);
#1476=ADVANCED_FACE('',(#161,#33),#1402,.F.);
#1477=ADVANCED_FACE('',(#162),#67,.F.);
#1478=ADVANCED_FACE('',(#163),#1403,.F.);
#1479=ADVANCED_FACE('',(#164),#1404,.F.);
#1480=ADVANCED_FACE('',(#165),#68,.T.);
#1481=ADVANCED_FACE('',(#166),#1405,.F.);
#1482=ADVANCED_FACE('',(#167),#69,.T.);
#1483=ADVANCED_FACE('',(#168),#1406,.F.);
#1484=ADVANCED_FACE('',(#169),#70,.T.);
#1485=CLOSED_SHELL('',(#1407,#1408,#1409,#1410,#1411,#1412,#1413,#1414,
#1415,#1416,#1417,#1418,#1419,#1420,#1421,#1422,#1423,#1424,#1425,#1426,
#1427,#1428,#1429,#1430,#1431,#1432,#1433,#1434,#1435,#1436,#1437,#1438,
#1439,#1440,#1441,#1442,#1443,#1444,#1445,#1446,#1447,#1448,#1449,#1450,
#1451,#1452,#1453,#1454,#1455,#1456,#1457,#1458,#1459,#1460,#1461,#1462,
#1463,#1464,#1465,#1466,#1467,#1468,#1469,#1470,#1471,#1472,#1473,#1474,
#1475,#1476,#1477,#1478,#1479,#1480,#1481,#1482,#1483,#1484));
#1486=DERIVED_UNIT_ELEMENT(#1489,1.);
#1487=DERIVED_UNIT_ELEMENT(#2748,-3.);
#1488=DIMENSIONAL_EXPONENTS(0.,1.,0.,0.,0.,0.,0.);
#1489=(
CONVERSION_BASED_UNIT('gram',#1491)
MASS_UNIT()
NAMED_UNIT(#1488)
);
#1490=(
MASS_UNIT()
NAMED_UNIT(*)
SI_UNIT(.KILO.,.GRAM.)
);
#1491=MASS_MEASURE_WITH_UNIT(MASS_MEASURE(0.001),#1490);
#1492=DERIVED_UNIT((#1486,#1487));
#1493=MEASURE_REPRESENTATION_ITEM('density measure',
POSITIVE_RATIO_MEASURE(1.),#1492);
#1494=PROPERTY_DEFINITION_REPRESENTATION(#1499,#1496);
#1495=PROPERTY_DEFINITION_REPRESENTATION(#1500,#1497);
#1496=REPRESENTATION('material name',(#1498),#2745);
#1497=REPRESENTATION('density',(#1493),#2745);
#1498=DESCRIPTIVE_REPRESENTATION_ITEM('Generic','Generic');
#1499=PROPERTY_DEFINITION('material property','material name',#2755);
#1500=PROPERTY_DEFINITION('material property','density of part',#2755);
#1501=DATE_TIME_ROLE('creation_date');
#1502=APPLIED_DATE_AND_TIME_ASSIGNMENT(#1503,#1501,(#2755));
#1503=DATE_AND_TIME(#1504,#1505);
#1504=CALENDAR_DATE(2022,21,11);
#1505=LOCAL_TIME(0,0,0.,#1506);
#1506=COORDINATED_UNIVERSAL_TIME_OFFSET(0,0,.BEHIND.);
#1507=AXIS2_PLACEMENT_3D('',#2092,#1662,#1663);
#1508=AXIS2_PLACEMENT_3D('',#2093,#1664,#1665);
#1509=AXIS2_PLACEMENT_3D('',#2096,#1666,#1667);
#1510=AXIS2_PLACEMENT_3D('',#2100,#1669,#1670);
#1511=AXIS2_PLACEMENT_3D('',#2102,#1672,#1673);
#1512=AXIS2_PLACEMENT_3D('',#2143,#1677,#1678);
#1513=AXIS2_PLACEMENT_3D('',#2144,#1679,#1680);
#1514=AXIS2_PLACEMENT_3D('',#2166,#1684,#1685);
#1515=AXIS2_PLACEMENT_3D('',#2168,#1686,#1687);
#1516=AXIS2_PLACEMENT_3D('',#2170,#1688,#1689);
#1517=AXIS2_PLACEMENT_3D('',#2174,#1691,#1692);
#1518=AXIS2_PLACEMENT_3D('',#2176,#1694,#1695);
#1519=AXIS2_PLACEMENT_3D('',#2177,#1696,#1697);
#1520=AXIS2_PLACEMENT_3D('',#2209,#1706,#1707);
#1521=AXIS2_PLACEMENT_3D('',#2215,#1711,#1712);
#1522=AXIS2_PLACEMENT_3D('',#2219,#1714,#1715);
#1523=AXIS2_PLACEMENT_3D('',#2223,#1717,#1718);
#1524=AXIS2_PLACEMENT_3D('',#2227,#1720,#1721);
#1525=AXIS2_PLACEMENT_3D('',#2231,#1723,#1724);
#1526=AXIS2_PLACEMENT_3D('',#2234,#1726,#1727);
#1527=AXIS2_PLACEMENT_3D('',#2235,#1728,#1729);
#1528=AXIS2_PLACEMENT_3D('',#2241,#1732,#1733);
#1529=AXIS2_PLACEMENT_3D('',#2246,#1736,#1737);
#1530=AXIS2_PLACEMENT_3D('',#2247,#1738,#1739);
#1531=AXIS2_PLACEMENT_3D('',#2251,#1741,#1742);
#1532=AXIS2_PLACEMENT_3D('',#2254,#1744,#1745);
#1533=AXIS2_PLACEMENT_3D('',#2255,#1746,#1747);
#1534=AXIS2_PLACEMENT_3D('',#2265,#1752,#1753);
#1535=AXIS2_PLACEMENT_3D('',#2269,#1755,#1756);
#1536=AXIS2_PLACEMENT_3D('',#2278,#1762,#1763);
#1537=AXIS2_PLACEMENT_3D('',#2283,#1766,#1767);
#1538=AXIS2_PLACEMENT_3D('',#2287,#1770,#1771);
#1539=AXIS2_PLACEMENT_3D('',#2289,#1772,#1773);
#1540=AXIS2_PLACEMENT_3D('',#2291,#1774,#1775);
#1541=AXIS2_PLACEMENT_3D('',#2295,#1777,#1778);
#1542=AXIS2_PLACEMENT_3D('',#2296,#1779,#1780);
#1543=AXIS2_PLACEMENT_3D('',#2297,#1781,#1782);
#1544=AXIS2_PLACEMENT_3D('',#2298,#1783,#1784);
#1545=AXIS2_PLACEMENT_3D('',#2300,#1785,#1786);
#1546=AXIS2_PLACEMENT_3D('',#2301,#1787,#1788);
#1547=AXIS2_PLACEMENT_3D('',#2302,#1789,#1790);
#1548=AXIS2_PLACEMENT_3D('',#2305,#1792,#1793);
#1549=AXIS2_PLACEMENT_3D('',#2306,#1794,#1795);
#1550=AXIS2_PLACEMENT_3D('',#2307,#1796,#1797);
#1551=AXIS2_PLACEMENT_3D('',#2308,#1798,#1799);
#1552=AXIS2_PLACEMENT_3D('',#2313,#1801,#1802);
#1553=AXIS2_PLACEMENT_3D('',#2317,#1804,#1805);
#1554=AXIS2_PLACEMENT_3D('',#2326,#1806,#1807);
#1555=AXIS2_PLACEMENT_3D('',#2329,#1808,#1809);
#1556=AXIS2_PLACEMENT_3D('',#2330,#1810,#1811);
#1557=AXIS2_PLACEMENT_3D('',#2331,#1812,#1813);
#1558=AXIS2_PLACEMENT_3D('',#2332,#1814,#1815);
#1559=AXIS2_PLACEMENT_3D('',#2346,#1818,#1819);
#1560=AXIS2_PLACEMENT_3D('',#2347,#1820,#1821);
#1561=AXIS2_PLACEMENT_3D('',#2348,#1822,#1823);
#1562=AXIS2_PLACEMENT_3D('',#2349,#1824,#1825);
#1563=AXIS2_PLACEMENT_3D('',#2350,#1826,#1827);
#1564=AXIS2_PLACEMENT_3D('',#2354,#1829,#1830);
#1565=AXIS2_PLACEMENT_3D('',#2356,#1832,#1833);
#1566=AXIS2_PLACEMENT_3D('',#2360,#1836,#1837);
#1567=AXIS2_PLACEMENT_3D('',#2362,#1838,#1839);
#1568=AXIS2_PLACEMENT_3D('',#2365,#1841,#1842);
#1569=AXIS2_PLACEMENT_3D('',#2366,#1843,#1844);
#1570=AXIS2_PLACEMENT_3D('',#2368,#1845,#1846);
#1571=AXIS2_PLACEMENT_3D('',#2369,#1847,#1848);
#1572=AXIS2_PLACEMENT_3D('',#2371,#1850,#1851);
#1573=AXIS2_PLACEMENT_3D('',#2373,#1853,#1854);
#1574=AXIS2_PLACEMENT_3D('',#2375,#1855,#1856);
#1575=AXIS2_PLACEMENT_3D('',#2377,#1858,#1859);
#1576=AXIS2_PLACEMENT_3D('',#2380,#1860,#1861);
#1577=AXIS2_PLACEMENT_3D('',#2383,#1864,#1865);
#1578=AXIS2_PLACEMENT_3D('',#2387,#1868,#1869);
#1579=AXIS2_PLACEMENT_3D('',#2389,#1870,#1871);
#1580=AXIS2_PLACEMENT_3D('',#2391,#1873,#1874);
#1581=AXIS2_PLACEMENT_3D('',#2394,#1876,#1877);
#1582=AXIS2_PLACEMENT_3D('',#2395,#1878,#1879);
#1583=AXIS2_PLACEMENT_3D('',#2398,#1880,#1881);
#1584=AXIS2_PLACEMENT_3D('',#2402,#1883,#1884);
#1585=AXIS2_PLACEMENT_3D('',#2404,#1886,#1887);
#1586=AXIS2_PLACEMENT_3D('',#2407,#1890,#1891);
#1587=AXIS2_PLACEMENT_3D('',#2411,#1893,#1894);
#1588=AXIS2_PLACEMENT_3D('',#2415,#1896,#1897);
#1589=AXIS2_PLACEMENT_3D('',#2418,#1899,#1900);
#1590=AXIS2_PLACEMENT_3D('',#2421,#1902,#1903);
#1591=AXIS2_PLACEMENT_3D('',#2422,#1904,#1905);
#1592=AXIS2_PLACEMENT_3D('',#2426,#1907,#1908);
#1593=AXIS2_PLACEMENT_3D('',#2428,#1910,#1911);
#1594=AXIS2_PLACEMENT_3D('',#2432,#1914,#1915);
#1595=AXIS2_PLACEMENT_3D('',#2434,#1916,#1917);
#1596=AXIS2_PLACEMENT_3D('',#2436,#1919,#1920);
#1597=AXIS2_PLACEMENT_3D('',#2438,#1921,#1922);
#1598=AXIS2_PLACEMENT_3D('',#2440,#1924,#1925);
#1599=AXIS2_PLACEMENT_3D('',#2442,#1927,#1928);
#1600=AXIS2_PLACEMENT_3D('',#2444,#1930,#1931);
#1601=AXIS2_PLACEMENT_3D('',#2446,#1933,#1934);
#1602=AXIS2_PLACEMENT_3D('',#2450,#1937,#1938);
#1603=AXIS2_PLACEMENT_3D('',#2451,#1939,#1940);
#1604=AXIS2_PLACEMENT_3D('',#2452,#1941,#1942);
#1605=AXIS2_PLACEMENT_3D('',#2454,#1943,#1944);
#1606=AXIS2_PLACEMENT_3D('',#2465,#1946,#1947);
#1607=AXIS2_PLACEMENT_3D('',#2466,#1948,#1949);
#1608=AXIS2_PLACEMENT_3D('',#2491,#1950,#1951);
#1609=AXIS2_PLACEMENT_3D('',#2492,#1952,#1953);
#1610=AXIS2_PLACEMENT_3D('',#2501,#1958,#1959);
#1611=AXIS2_PLACEMENT_3D('',#2506,#1962,#1963);
#1612=AXIS2_PLACEMENT_3D('',#2507,#1964,#1965);
#1613=AXIS2_PLACEMENT_3D('',#2509,#1966,#1967);
#1614=AXIS2_PLACEMENT_3D('',#2522,#1969,#1970);
#1615=AXIS2_PLACEMENT_3D('',#2553,#1972,#1973);
#1616=AXIS2_PLACEMENT_3D('',#2577,#1976,#1977);
#1617=AXIS2_PLACEMENT_3D('',#2579,#1978,#1979);
#1618=AXIS2_PLACEMENT_3D('',#2583,#1982,#1983);
#1619=AXIS2_PLACEMENT_3D('',#2584,#1984,#1985);
#1620=AXIS2_PLACEMENT_3D('',#2587,#1988,#1989);
#1621=AXIS2_PLACEMENT_3D('',#2590,#1991,#1992);
#1622=AXIS2_PLACEMENT_3D('',#2591,#1993,#1994);
#1623=AXIS2_PLACEMENT_3D('',#2592,#1995,#1996);
#1624=AXIS2_PLACEMENT_3D('',#2594,#1997,#1998);
#1625=AXIS2_PLACEMENT_3D('',#2596,#2000,#2001);
#1626=AXIS2_PLACEMENT_3D('',#2600,#2004,#2005);
#1627=AXIS2_PLACEMENT_3D('',#2601,#2006,#2007);
#1628=AXIS2_PLACEMENT_3D('',#2603,#2008,#2009);
#1629=AXIS2_PLACEMENT_3D('',#2605,#2011,#2012);
#1630=AXIS2_PLACEMENT_3D('',#2607,#2014,#2015);
#1631=AXIS2_PLACEMENT_3D('',#2610,#2017,#2018);
#1632=AXIS2_PLACEMENT_3D('',#2611,#2019,#2020);
#1633=AXIS2_PLACEMENT_3D('',#2613,#2022,#2023);
#1634=AXIS2_PLACEMENT_3D('',#2615,#2024,#2025);
#1635=AXIS2_PLACEMENT_3D('',#2616,#2026,#2027);
#1636=AXIS2_PLACEMENT_3D('',#2668,#2030,#2031);
#1637=AXIS2_PLACEMENT_3D('',#2669,#2032,#2033);
#1638=AXIS2_PLACEMENT_3D('',#2673,#2035,#2036);
#1639=AXIS2_PLACEMENT_3D('',#2677,#2039,#2040);
#1640=AXIS2_PLACEMENT_3D('',#2678,#2041,#2042);
#1641=AXIS2_PLACEMENT_3D('',#2682,#2045,#2046);
#1642=AXIS2_PLACEMENT_3D('',#2701,#2047,#2048);
#1643=AXIS2_PLACEMENT_3D('',#2712,#2050,#2051);
#1644=AXIS2_PLACEMENT_3D('',#2713,#2052,#2053);
#1645=AXIS2_PLACEMENT_3D('',#2714,#2054,#2055);
#1646=AXIS2_PLACEMENT_3D('',#2721,#2056,#2057);
#1647=AXIS2_PLACEMENT_3D('',#2722,#2058,#2059);
#1648=AXIS2_PLACEMENT_3D('',#2723,#2060,#2061);
#1649=AXIS2_PLACEMENT_3D('',#2724,#2062,#2063);
#1650=AXIS2_PLACEMENT_3D('',#2725,#2064,#2065);
#1651=AXIS2_PLACEMENT_3D('',#2727,#2066,#2067);
#1652=AXIS2_PLACEMENT_3D('',#2729,#2069,#2070);
#1653=AXIS2_PLACEMENT_3D('',#2730,#2071,#2072);
#1654=AXIS2_PLACEMENT_3D('',#2731,#2073,#2074);
#1655=AXIS2_PLACEMENT_3D('',#2733,#2076,#2077);
#1656=AXIS2_PLACEMENT_3D('',#2734,#2078,#2079);
#1657=AXIS2_PLACEMENT_3D('',#2736,#2080,#2081);
#1658=AXIS2_PLACEMENT_3D('',#2737,#2082,#2083);
#1659=AXIS2_PLACEMENT_3D('',#2739,#2085,#2086);
#1660=AXIS2_PLACEMENT_3D('',#2740,#2087,#2088);
#1661=AXIS2_PLACEMENT_3D('',#2742,#2090,#2091);
#1662=DIRECTION('axis',(0.,0.,1.));
#1663=DIRECTION('refdir',(1.,0.,0.));
#1664=DIRECTION('center_axis',(0.,1.,0.));
#1665=DIRECTION('ref_axis',(1.,0.,1.22464679914735E-16));
#1666=DIRECTION('center_axis',(0.,1.,0.));
#1667=DIRECTION('ref_axis',(-1.,0.,0.));
#1668=DIRECTION('',(0.,-1.,0.));
#1669=DIRECTION('center_axis',(1.986619485697E-12,1.,0.));
#1670=DIRECTION('ref_axis',(-1.,0.,0.));
#1671=DIRECTION('',(0.,-1.,0.));
#1672=DIRECTION('center_axis',(-1.,0.,-2.39331298999875E-13));
#1673=DIRECTION('ref_axis',(-6.09036630651515E-14,-0.968857475202484,0.247619047620067));
#1674=DIRECTION('',(1.,0.,-1.23001171854514E-16));
#1675=DIRECTION('',(1.,0.,-1.23001171854514E-16));
#1676=DIRECTION('',(1.,0.,2.39331298999875E-13));
#1677=DIRECTION('center_axis',(1.,0.,0.));
#1678=DIRECTION('ref_axis',(-6.09036630651515E-14,-0.968857475202484,0.247619047620067));
#1679=DIRECTION('center_axis',(0.,0.,-1.));
#1680=DIRECTION('ref_axis',(-0.707106781186541,-0.707106781186554,0.));
#1681=DIRECTION('',(0.,0.,1.));
#1682=DIRECTION('',(0.,0.,1.));
#1683=DIRECTION('',(0.,0.,1.));
#1684=DIRECTION('center_axis',(0.,-1.,0.));
#1685=DIRECTION('ref_axis',(1.,0.,-1.22464679914735E-16));
#1686=DIRECTION('center_axis',(0.,1.,0.));
#1687=DIRECTION('ref_axis',(-1.,0.,0.));
#1688=DIRECTION('center_axis',(0.,-1.,0.));
#1689=DIRECTION('ref_axis',(-1.,0.,0.));
#1690=DIRECTION('',(0.,1.,0.));
#1691=DIRECTION('center_axis',(0.,-1.,0.));
#1692=DIRECTION('ref_axis',(-1.,0.,0.));
#1693=DIRECTION('',(0.,1.,0.));
#1694=DIRECTION('center_axis',(0.,-1.,0.));
#1695=DIRECTION('ref_axis',(-1.,0.,0.));
#1696=DIRECTION('center_axis',(-2.66834718364746E-15,0.,-1.));
#1697=DIRECTION('ref_axis',(-1.,0.,2.66834718364746E-15));
#1698=DIRECTION('',(-1.,1.986619485697E-12,2.66834718364746E-15));
#1699=DIRECTION('',(0.,-1.,0.));
#1700=DIRECTION('',(-1.,0.,0.));
#1701=DIRECTION('',(-1.98673321802726E-12,-1.,0.));
#1702=DIRECTION('',(1.,0.,0.));
#1703=DIRECTION('',(0.,1.,0.));
#1704=DIRECTION('',(1.,0.,0.));
#1705=DIRECTION('',(1.,0.,0.));
#1706=DIRECTION('center_axis',(0.,0.,1.));
#1707=DIRECTION('ref_axis',(-0.707106781186541,-0.707106781186554,0.));
#1708=DIRECTION('',(0.,-1.,0.));
#1709=DIRECTION('',(-1.,0.,0.));
#1710=DIRECTION('',(0.,1.,0.));
#1711=DIRECTION('center_axis',(0.,1.,0.));
#1712=DIRECTION('ref_axis',(0.,0.,1.));
#1713=DIRECTION('',(-1.,0.,0.));
#1714=DIRECTION('center_axis',(0.,-1.,0.));
#1715=DIRECTION('ref_axis',(-0.382683432365089,0.,-0.923879532511287));
#1716=DIRECTION('',(-0.707106781186548,0.,0.707106781186547));
#1717=DIRECTION('center_axis',(0.,-1.,0.));
#1718=DIRECTION('ref_axis',(-0.923879532511287,0.,-0.38268343236509));
#1719=DIRECTION('',(0.,0.,1.));
#1720=DIRECTION('center_axis',(0.,-1.,0.));
#1721=DIRECTION('ref_axis',(-0.923879532511287,0.,0.382683432365089));
#1722=DIRECTION('',(0.707106781186548,0.,0.707106781186547));
#1723=DIRECTION('center_axis',(0.,-1.,0.));
#1724=DIRECTION('ref_axis',(-0.38268343236509,0.,0.923879532511287));
#1725=DIRECTION('',(1.,0.,0.));
#1726=DIRECTION('center_axis',(0.,-1.,0.));
#1727=DIRECTION('ref_axis',(-1.,0.,0.));
#1728=DIRECTION('center_axis',(1.986619485697E-12,1.,0.));
#1729=DIRECTION('ref_axis',(0.,0.,1.));
#1730=DIRECTION('',(2.16758684775756E-12,-4.30617026869571E-24,-1.));
#1731=DIRECTION('',(-1.,0.,1.23001171854514E-16));
#1732=DIRECTION('center_axis',(0.,1.,0.));
#1733=DIRECTION('ref_axis',(-1.,1.98673321802726E-12,1.29189588320018E-14));
#1734=DIRECTION('',(1.,-1.986619485697E-12,2.73250903172887E-14));
#1735=DIRECTION('',(-2.7328566760049E-14,5.42914632416847E-26,1.));
#1736=DIRECTION('center_axis',(-1.986619485697E-12,-1.,0.));
#1737=DIRECTION('ref_axis',(-1.,1.986619485697E-12,2.66834718364745E-15));
#1738=DIRECTION('center_axis',(1.986619485697E-12,1.,0.));
#1739=DIRECTION('ref_axis',(0.,0.,1.));
#1740=DIRECTION('',(-1.,1.986619485697E-12,0.));
#1741=DIRECTION('center_axis',(1.986619485697E-12,1.,0.));
#1742=DIRECTION('ref_axis',(-1.,1.98673321802726E-12,1.29189588320018E-14));
#1743=DIRECTION('',(1.,-1.986619485697E-12,0.));
#1744=DIRECTION('center_axis',(1.986619485697E-12,1.,0.));
#1745=DIRECTION('ref_axis',(-1.,0.,0.));
#1746=DIRECTION('center_axis',(0.,0.,1.));
#1747=DIRECTION('ref_axis',(1.,0.,0.));
#1748=DIRECTION('',(1.,0.,0.));
#1749=DIRECTION('',(1.98673321802726E-12,1.,0.));
#1750=DIRECTION('',(0.,1.,0.));
#1751=DIRECTION('',(1.,0.,0.));
#1752=DIRECTION('center_axis',(0.,0.,1.));
#1753=DIRECTION('ref_axis',(0.707106781186548,0.707106781186548,0.));
#1754=DIRECTION('',(0.,-1.,0.));
#1755=DIRECTION('center_axis',(0.,0.,1.));
#1756=DIRECTION('ref_axis',(0.707106781186545,-0.70710678118655,0.));
#1757=DIRECTION('',(-1.,0.,0.));
#1758=DIRECTION('',(0.,1.,0.));
#1759=DIRECTION('',(-1.,0.,2.15675769959415E-15));
#1760=DIRECTION('',(-1.,0.,0.));
#1761=DIRECTION('',(0.,1.,0.));
#1762=DIRECTION('center_axis',(-1.23001171854514E-16,0.,-1.));
#1763=DIRECTION('ref_axis',(-1.,0.,1.23001171854514E-16));
#1764=DIRECTION('',(-1.98673321802726E-12,-1.,0.));
#1765=DIRECTION('',(-1.,0.,1.23001171854514E-16));
#1766=DIRECTION('center_axis',(-1.23001171854514E-16,0.,-1.));
#1767=DIRECTION('ref_axis',(0.707106781186548,0.707106781186548,0.));
#1768=DIRECTION('',(1.,0.,0.));
#1769=DIRECTION('',(0.,-1.,0.));
#1770=DIRECTION('center_axis',(0.,-1.,0.));
#1771=DIRECTION('ref_axis',(0.,0.,-1.));
#1772=DIRECTION('center_axis',(0.,-1.,0.));
#1773=DIRECTION('ref_axis',(1.,0.,0.));
#1774=DIRECTION('center_axis',(0.,-1.,0.));
#1775=DIRECTION('ref_axis',(1.,0.,0.));
#1776=DIRECTION('',(0.,0.,-1.));
#1777=DIRECTION('center_axis',(0.,1.,0.));
#1778=DIRECTION('ref_axis',(0.586946683272484,0.,-0.809625586919923));
#1779=DIRECTION('center_axis',(0.,-1.,0.));
#1780=DIRECTION('ref_axis',(-0.35554890270703,0.,0.934657679465496));
#1781=DIRECTION('center_axis',(0.,-1.,0.));
#1782=DIRECTION('ref_axis',(0.,0.,-1.));
#1783=DIRECTION('center_axis',(0.,-1.,0.));
#1784=DIRECTION('ref_axis',(0.,0.,-1.));
#1785=DIRECTION('center_axis',(0.,1.,0.));
#1786=DIRECTION('ref_axis',(0.41659779045053,0.,-0.90909090909091));
#1787=DIRECTION('center_axis',(0.,-1.,0.));
#1788=DIRECTION('ref_axis',(-0.661437827766138,0.,0.750000000000008));
#1789=DIRECTION('center_axis',(0.,-1.,0.));
#1790=DIRECTION('ref_axis',(-0.661437827766138,0.,0.750000000000008));
#1791=DIRECTION('',(0.,-1.,0.));
#1792=DIRECTION('center_axis',(0.,-1.,0.));
#1793=DIRECTION('ref_axis',(-0.661437827766138,0.,0.750000000000008));
#1794=DIRECTION('center_axis',(0.,1.,0.));
#1795=DIRECTION('ref_axis',(0.41659779045053,0.,-0.90909090909091));
#1796=DIRECTION('center_axis',(0.,-1.,0.));
#1797=DIRECTION('ref_axis',(0.661437827766137,0.,-0.750000000000009));
#1798=DIRECTION('center_axis',(0.994243636219782,0.,-0.107142857141602));
#1799=DIRECTION('ref_axis',(0.0757614408405403,0.707106781186541,0.703036417322584));
#1800=DIRECTION('',(0.994243636219782,0.,-0.107142857141602));
#1801=DIRECTION('center_axis',(0.994243636219782,0.,-0.1071428571416));
#1802=DIRECTION('ref_axis',(0.,1.,0.));
#1803=DIRECTION('',(-0.994243636219782,0.,0.107142857141602));
#1804=DIRECTION('center_axis',(-0.994243636219782,0.,0.1071428571416));
#1805=DIRECTION('ref_axis',(0.1071428571416,0.,0.994243636219782));
#1806=DIRECTION('center_axis',(0.,1.,0.));
#1807=DIRECTION('ref_axis',(0.,0.,1.));
#1808=DIRECTION('center_axis',(-0.994243636213324,0.,-0.107142857201535));
#1809=DIRECTION('ref_axis',(0.,1.,0.));
#1810=DIRECTION('center_axis',(0.,-1.,0.));
#1811=DIRECTION('ref_axis',(1.,0.,3.20790307894963E-11));
#1812=DIRECTION('center_axis',(0.,1.,0.));
#1813=DIRECTION('ref_axis',(1.,0.,3.20790307894963E-11));
#1814=DIRECTION('center_axis',(-0.994243636219782,0.,-0.107142857141602));
#1815=DIRECTION('ref_axis',(0.0757614408405153,0.707106781186542,-0.703036417322586));
#1816=DIRECTION('',(0.994243636219782,0.,0.107142857141602));
#1817=DIRECTION('',(-0.994243636219782,0.,-0.107142857141602));
#1818=DIRECTION('center_axis',(-0.994243636219782,0.,-0.1071428571416));
#1819=DIRECTION('ref_axis',(0.,1.,0.));
#1820=DIRECTION('center_axis',(0.,1.,0.));
#1821=DIRECTION('ref_axis',(-1.,0.,0.));
#1822=DIRECTION('center_axis',(0.,1.,0.));
#1823=DIRECTION('ref_axis',(-1.,0.,0.));
#1824=DIRECTION('center_axis',(0.,-1.,0.));
#1825=DIRECTION('ref_axis',(-1.,0.,0.));
#1826=DIRECTION('center_axis',(0.,-1.,0.));
#1827=DIRECTION('ref_axis',(-0.107142857142859,0.,-0.994243636219647));
#1828=DIRECTION('',(0.,-1.,0.));
#1829=DIRECTION('center_axis',(0.,1.,0.));
#1830=DIRECTION('ref_axis',(-0.107142857142859,0.,-0.994243636219647));
#1831=DIRECTION('',(0.,-1.,0.));
#1832=DIRECTION('center_axis',(-0.107142857141602,0.,-0.994243636219782));
#1833=DIRECTION('ref_axis',(0.994243636219782,0.,-0.107142857141602));
#1834=DIRECTION('',(0.,-1.,0.));
#1835=DIRECTION('',(0.994243636219782,0.,-0.107142857141602));
#1836=DIRECTION('center_axis',(-1.9895196601352E-12,-1.,0.));
#1837=DIRECTION('ref_axis',(-1.,1.03009899258307E-12,0.));
#1838=DIRECTION('center_axis',(1.986619485697E-12,1.,0.));
#1839=DIRECTION('ref_axis',(-1.,0.,0.));
#1840=DIRECTION('',(0.124034734560899,-0.992277876717206,-1.51898740665515E-17));
#1841=DIRECTION('center_axis',(-1.986619485697E-12,-1.,0.));
#1842=DIRECTION('ref_axis',(-1.,1.986619485697E-12,0.));
#1843=DIRECTION('center_axis',(-1.986619485697E-12,-1.,0.));
#1844=DIRECTION('ref_axis',(0.,0.,-1.));
#1845=DIRECTION('center_axis',(1.986619485697E-12,1.,0.));
#1846=DIRECTION('ref_axis',(1.,-1.986619485697E-12,-2.66834718364745E-15));
#1847=DIRECTION('center_axis',(0.,-1.,0.));
#1848=DIRECTION('ref_axis',(-1.,0.,0.));
#1849=DIRECTION('',(0.,1.,0.));
#1850=DIRECTION('center_axis',(-1.98951966012853E-12,-1.,0.));
#1851=DIRECTION('ref_axis',(-1.,1.98802425768716E-12,2.66834718364745E-15));
#1852=DIRECTION('',(-0.31622776601503,0.948683298051117,8.05078736696953E-16));
#1853=DIRECTION('center_axis',(0.,-1.,0.));
#1854=DIRECTION('ref_axis',(-0.382683432365089,0.,-0.923879532511287));
#1855=DIRECTION('center_axis',(0.,1.,0.));
#1856=DIRECTION('ref_axis',(-0.382683432365089,0.,-0.923879532511287));
#1857=DIRECTION('',(0.,1.,0.));
#1858=DIRECTION('center_axis',(0.,-1.,0.));
#1859=DIRECTION('ref_axis',(-0.923879532511287,0.,-0.38268343236509));
#1860=DIRECTION('center_axis',(0.,1.,0.));
#1861=DIRECTION('ref_axis',(-0.923879532511287,0.,-0.38268343236509));
#1862=DIRECTION('',(0.,1.,0.));
#1863=DIRECTION('',(0.,-1.,0.));
#1864=DIRECTION('center_axis',(-1.,0.,0.));
#1865=DIRECTION('ref_axis',(0.,0.,-1.));
#1866=DIRECTION('',(0.,0.,-1.));
#1867=DIRECTION('',(0.,-1.,0.));
#1868=DIRECTION('center_axis',(0.,-1.,0.));
#1869=DIRECTION('ref_axis',(-0.923879532511287,0.,0.382683432365089));
#1870=DIRECTION('center_axis',(0.,1.,0.));
#1871=DIRECTION('ref_axis',(-0.923879532511287,0.,0.382683432365089));
#1872=DIRECTION('',(0.,1.,0.));
#1873=DIRECTION('center_axis',(0.,-1.,0.));
#1874=DIRECTION('ref_axis',(-0.38268343236509,0.,0.923879532511287));
#1875=DIRECTION('',(0.,-1.,0.));
#1876=DIRECTION('center_axis',(0.,1.,0.));
#1877=DIRECTION('ref_axis',(-0.38268343236509,0.,0.923879532511287));
#1878=DIRECTION('center_axis',(0.,-1.,0.));
#1879=DIRECTION('ref_axis',(-0.382683432365088,0.,-0.923879532511287));
#1880=DIRECTION('center_axis',(0.,1.,0.));
#1881=DIRECTION('ref_axis',(-0.382683432365088,0.,-0.923879532511287));
#1882=DIRECTION('',(0.,1.,0.));
#1883=DIRECTION('center_axis',(0.,-1.,0.));
#1884=DIRECTION('ref_axis',(-0.382683432365088,0.,-0.923879532511287));
#1885=DIRECTION('',(0.,-1.,0.));
#1886=DIRECTION('center_axis',(-1.23001171854514E-16,0.,-1.));
#1887=DIRECTION('ref_axis',(-1.,0.,1.23001171854514E-16));
#1888=DIRECTION('',(1.,0.,0.));
#1889=DIRECTION('',(1.,0.,-1.23001171854514E-16));
#1890=DIRECTION('center_axis',(0.,-1.,0.));
#1891=DIRECTION('ref_axis',(0.,0.,-1.));
#1892=DIRECTION('',(-0.707106781186548,0.,0.707106781186547));
#1893=DIRECTION('center_axis',(0.,-1.,0.));
#1894=DIRECTION('ref_axis',(-0.923879532511287,0.,-0.382683432365089));
#1895=DIRECTION('',(0.,0.,1.));
#1896=DIRECTION('center_axis',(0.,-1.,0.));
#1897=DIRECTION('ref_axis',(-0.923879532511287,0.,0.382683432365089));
#1898=DIRECTION('',(0.707106781186548,0.,0.707106781186547));
#1899=DIRECTION('center_axis',(0.,-1.,0.));
#1900=DIRECTION('ref_axis',(-0.38268343236509,0.,0.923879532511287));
#1901=DIRECTION('',(0.,0.,1.));
#1902=DIRECTION('center_axis',(0.,1.,0.));
#1903=DIRECTION('ref_axis',(-1.,0.,0.));
#1904=DIRECTION('center_axis',(0.,1.,0.));
#1905=DIRECTION('ref_axis',(-0.923879532511287,0.,-0.382683432365089));
#1906=DIRECTION('',(0.,-1.,0.));
#1907=DIRECTION('center_axis',(0.,1.,0.));
#1908=DIRECTION('ref_axis',(-0.923879532511287,0.,-0.382683432365089));
#1909=DIRECTION('',(0.,1.,0.));
#1910=DIRECTION('center_axis',(-1.,0.,0.));
#1911=DIRECTION('ref_axis',(0.,0.,1.));
#1912=DIRECTION('',(0.,0.,1.));
#1913=DIRECTION('',(0.,-1.,0.));
#1914=DIRECTION('center_axis',(0.,-1.,0.));
#1915=DIRECTION('ref_axis',(-0.923879532511287,0.,0.382683432365089));
#1916=DIRECTION('center_axis',(0.,1.,0.));
#1917=DIRECTION('ref_axis',(-0.923879532511287,0.,0.382683432365089));
#1918=DIRECTION('',(0.,1.,0.));
#1919=DIRECTION('center_axis',(0.,-1.,0.));
#1920=DIRECTION('ref_axis',(-0.38268343236509,0.,0.923879532511287));
#1921=DIRECTION('center_axis',(0.,1.,0.));
#1922=DIRECTION('ref_axis',(-0.38268343236509,0.,0.923879532511287));
#1923=DIRECTION('',(0.,-1.,0.));
#1924=DIRECTION('center_axis',(-0.707106781186547,0.,-0.707106781186548));
#1925=DIRECTION('ref_axis',(-0.707106781186548,0.,0.707106781186547));
#1926=DIRECTION('',(-0.707106781186548,0.,0.707106781186547));
#1927=DIRECTION('center_axis',(-0.707106781186547,0.,0.707106781186548));
#1928=DIRECTION('ref_axis',(0.707106781186548,0.,0.707106781186547));
#1929=DIRECTION('',(0.707106781186548,0.,0.707106781186547));
#1930=DIRECTION('center_axis',(-0.707106781186547,0.,-0.707106781186548));
#1931=DIRECTION('ref_axis',(0.707106781186548,0.,-0.707106781186547));
#1932=DIRECTION('',(0.707106781186548,0.,-0.707106781186547));
#1933=DIRECTION('center_axis',(0.,1.,0.));
#1934=DIRECTION('ref_axis',(0.,0.,1.));
#1935=DIRECTION('',(0.,0.,-1.));
#1936=DIRECTION('',(-0.707106781186548,0.,-0.707106781186547));
#1937=DIRECTION('center_axis',(0.,-1.,0.));
#1938=DIRECTION('ref_axis',(-1.,0.,0.));
#1939=DIRECTION('center_axis',(-0.707106781186547,0.,0.707106781186548));
#1940=DIRECTION('ref_axis',(-0.707106781186548,0.,-0.707106781186547));
#1941=DIRECTION('center_axis',(0.,1.,0.));
#1942=DIRECTION('ref_axis',(-1.,0.,0.));
#1943=DIRECTION('center_axis',(0.,-1.,0.));
#1944=DIRECTION('ref_axis',(1.,0.,0.));
#1945=DIRECTION('',(0.,-1.,0.));
#1946=DIRECTION('center_axis',(0.,1.,0.));
#1947=DIRECTION('ref_axis',(1.,0.,0.));
#1948=DIRECTION('center_axis',(2.39808173319034E-13,0.,-1.));
#1949=DIRECTION('ref_axis',(-1.,0.,-2.39808173319034E-13));
#1950=DIRECTION('center_axis',(2.39331298999875E-13,0.,-1.));
#1951=DIRECTION('ref_axis',(-1.,0.,-2.39331298999875E-13));
#1952=DIRECTION('center_axis',(2.39331298999875E-13,0.,-1.));
#1953=DIRECTION('ref_axis',(-1.,0.,-2.39331298999875E-13));
#1954=DIRECTION('',(-1.,0.,-2.39331298999875E-13));
#1955=DIRECTION('',(0.,1.,0.));
#1956=DIRECTION('',(1.,0.,2.39331298999875E-13));
#1957=DIRECTION('',(0.,1.,0.));
#1958=DIRECTION('center_axis',(2.39331298999875E-13,0.,-1.));
#1959=DIRECTION('ref_axis',(0.707106781186545,-0.70710678118655,0.));
#1960=DIRECTION('',(0.,-1.,0.));
#1961=DIRECTION('',(-1.,0.,-2.39331298999875E-13));
#1962=DIRECTION('center_axis',(-2.39331298999875E-13,0.,1.));
#1963=DIRECTION('ref_axis',(-1.,0.,-2.39061107358538E-13));
#1964=DIRECTION('center_axis',(-1.,1.986619485697E-12,-2.73250903172887E-14));
#1965=DIRECTION('ref_axis',(1.38527014640443E-12,0.707106781186549,0.707106781186546));
#1966=DIRECTION('center_axis',(-1.,0.,-2.7328566760049E-14));
#1967=DIRECTION('ref_axis',(1.38527014640443E-12,0.707106781186549,0.707106781186546));
#1968=DIRECTION('',(-1.,1.986619485697E-12,-2.73250903172887E-14));
#1969=DIRECTION('center_axis',(1.,0.,2.73250903172887E-14));
#1970=DIRECTION('ref_axis',(-2.15326965762346E-14,-0.707106781186549,0.707106781186546));
#1971=DIRECTION('',(-1.,0.,-2.73250903172887E-14));
#1972=DIRECTION('center_axis',(-1.,0.,-2.7328566760049E-14));
#1973=DIRECTION('ref_axis',(-2.15326965762346E-14,-0.707106781186549,0.707106781186546));
#1974=DIRECTION('',(1.,0.,2.73250903172887E-14));
#1975=DIRECTION('',(-1.,0.,-2.73250903172887E-14));
#1976=DIRECTION('center_axis',(0.,-1.,0.));
#1977=DIRECTION('ref_axis',(2.7328566760049E-14,0.,-1.));
#1978=DIRECTION('center_axis',(0.,1.,0.));
#1979=DIRECTION('ref_axis',(-1.,1.98673321802726E-12,1.29189588320018E-14));
#1980=DIRECTION('',(1.,0.,-1.23001171854514E-16));
#1981=DIRECTION('',(2.7328566760049E-14,0.,-1.));
#1982=DIRECTION('center_axis',(0.,1.,0.));
#1983=DIRECTION('ref_axis',(-1.,0.,0.));
#1984=DIRECTION('center_axis',(2.73250903172887E-14,0.,-1.));
#1985=DIRECTION('ref_axis',(0.,1.,0.));
#1986=DIRECTION('',(1.98673321802726E-12,1.,0.));
#1987=DIRECTION('',(0.,-1.,0.));
#1988=DIRECTION('center_axis',(0.,1.,0.));
#1989=DIRECTION('ref_axis',(-1.,0.,0.));
#1990=DIRECTION('',(0.,-1.,0.));
#1991=DIRECTION('center_axis',(0.,1.,0.));
#1992=DIRECTION('ref_axis',(-1.,0.,0.));
#1993=DIRECTION('center_axis',(-1.98673321802726E-12,-1.,0.));
#1994=DIRECTION('ref_axis',(1.,-1.98673321802726E-12,2.81252783585332E-16));
#1995=DIRECTION('center_axis',(0.,-1.,0.));
#1996=DIRECTION('ref_axis',(-1.,1.98673321802726E-12,1.29189588320018E-14));
#1997=DIRECTION('center_axis',(0.,-1.,0.));
#1998=DIRECTION('ref_axis',(-1.,1.98673321802726E-12,1.29189588320018E-14));
#1999=DIRECTION('',(-1.98673321802726E-12,-1.,0.));
#2000=DIRECTION('center_axis',(-1.23001171854514E-16,0.,-1.));
#2001=DIRECTION('ref_axis',(-1.,0.,1.23001171854514E-16));
#2002=DIRECTION('',(1.,0.,0.));
#2003=DIRECTION('',(0.,1.,0.));
#2004=DIRECTION('center_axis',(0.,-1.,0.));
#2005=DIRECTION('ref_axis',(-1.,0.,0.));
#2006=DIRECTION('center_axis',(0.,-1.,0.));
#2007=DIRECTION('ref_axis',(0.,0.,-1.));
#2008=DIRECTION('center_axis',(0.,1.,0.));
#2009=DIRECTION('ref_axis',(-0.107142857201536,0.,0.994243636213323));
#2010=DIRECTION('',(-0.994243636219782,0.,-0.107142857141602));
#2011=DIRECTION('center_axis',(0.,0.,-1.));
#2012=DIRECTION('ref_axis',(0.707106781186545,-0.70710678118655,0.));
#2013=DIRECTION('',(0.,0.,-1.));
#2014=DIRECTION('center_axis',(-1.,0.,0.));
#2015=DIRECTION('ref_axis',(0.,0.,-1.));
#2016=DIRECTION('',(0.,0.,1.));
#2017=DIRECTION('center_axis',(-1.,0.,0.));
#2018=DIRECTION('ref_axis',(-6.09036630651514E-14,0.968857475202315,0.247619047620724));
#2019=DIRECTION('center_axis',(0.,-1.,0.));
#2020=DIRECTION('ref_axis',(0.,0.,-1.));
#2021=DIRECTION('',(2.7328566760049E-14,0.,-1.));
#2022=DIRECTION('center_axis',(2.39331298999875E-13,0.,-1.));
#2023=DIRECTION('ref_axis',(-1.,0.,-2.39331298999875E-13));
#2024=DIRECTION('center_axis',(-2.39331298999875E-13,0.,1.));
#2025=DIRECTION('ref_axis',(-1.,0.,-2.39331298999875E-13));
#2026=DIRECTION('center_axis',(2.39061107358538E-13,0.,-1.));
#2027=DIRECTION('ref_axis',(-1.,0.,-2.39061107358538E-13));
#2028=DIRECTION('',(2.39061107358538E-13,0.,-1.));
#2029=DIRECTION('',(2.39061107358538E-13,0.,-1.));
#2030=DIRECTION('center_axis',(-1.,0.,-2.7328566760049E-14));
#2031=DIRECTION('ref_axis',(-2.7328566760049E-14,0.,1.));
#2032=DIRECTION('center_axis',(0.,-1.,0.));
#2033=DIRECTION('ref_axis',(0.,0.,-1.));
#2034=DIRECTION('',(0.,0.,-1.));
#2035=DIRECTION('center_axis',(0.,-1.,0.));
#2036=DIRECTION('ref_axis',(-0.214285714295436,0.,0.976771023653392));
#2037=DIRECTION('',(0.,0.,-1.));
#2038=DIRECTION('',(-2.16758684775756E-12,0.,1.));
#2039=DIRECTION('center_axis',(0.,1.,0.));
#2040=DIRECTION('ref_axis',(-1.,0.,0.));
#2041=DIRECTION('center_axis',(-1.,0.,0.));
#2042=DIRECTION('ref_axis',(0.,0.,-1.));
#2043=DIRECTION('',(0.,0.,1.));
#2044=DIRECTION('',(0.,-1.,0.));
#2045=DIRECTION('center_axis',(0.,0.,-1.));
#2046=DIRECTION('ref_axis',(-0.707106781186541,-0.707106781186554,0.));
#2047=DIRECTION('center_axis',(-1.,0.,0.));
#2048=DIRECTION('ref_axis',(0.,0.,-1.));
#2049=DIRECTION('',(0.,1.,0.));
#2050=DIRECTION('center_axis',(0.,1.,0.));
#2051=DIRECTION('ref_axis',(-1.,0.,0.));
#2052=DIRECTION('center_axis',(1.,0.,2.39331298999875E-13));
#2053=DIRECTION('ref_axis',(-6.09036630651514E-14,0.968857475202315,0.247619047620724));
#2054=DIRECTION('center_axis',(1.,0.,2.16758684775756E-12));
#2055=DIRECTION('ref_axis',(-6.09036630651514E-14,0.968857475202315,0.247619047620724));
#2056=DIRECTION('center_axis',(0.,-1.,0.));
#2057=DIRECTION('ref_axis',(0.,0.,-1.));
#2058=DIRECTION('center_axis',(0.747169955567655,0.,0.664633024681312));
#2059=DIRECTION('ref_axis',(-0.664633024681311,0.,0.747169955567655));
#2060=DIRECTION('center_axis',(0.,1.,0.));
#2061=DIRECTION('ref_axis',(0.,0.,1.));
#2062=DIRECTION('center_axis',(0.,-1.,0.));
#2063=DIRECTION('ref_axis',(0.731707317077748,0.,-0.681618956701532));
#2064=DIRECTION('center_axis',(0.,1.,0.));
#2065=DIRECTION('ref_axis',(-1.,0.,0.));
#2066=DIRECTION('center_axis',(-1.986619485697E-12,-1.,0.));
#2067=DIRECTION('ref_axis',(-1.,0.,0.));
#2068=DIRECTION('',(0.,-1.,0.));
#2069=DIRECTION('center_axis',(1.986619485697E-12,1.,0.));
#2070=DIRECTION('ref_axis',(0.,0.,1.));
#2071=DIRECTION('center_axis',(0.,0.,1.));
#2072=DIRECTION('ref_axis',(0.707106781186548,0.707106781186548,0.));
#2073=DIRECTION('center_axis',(0.,1.,0.));
#2074=DIRECTION('ref_axis',(-1.,0.,0.));
#2075=DIRECTION('',(0.,-1.,0.));
#2076=DIRECTION('center_axis',(1.,0.,2.16758684775756E-12));
#2077=DIRECTION('ref_axis',(2.16758684775756E-12,0.,-1.));
#2078=DIRECTION('center_axis',(0.,-1.,0.));
#2079=DIRECTION('ref_axis',(-1.,0.,0.));
#2080=DIRECTION('center_axis',(0.,1.,0.));
#2081=DIRECTION('ref_axis',(-1.,0.,0.));
#2082=DIRECTION('center_axis',(0.,1.,0.));
#2083=DIRECTION('ref_axis',(-1.,0.,0.));
#2084=DIRECTION('',(0.,1.,0.));
#2085=DIRECTION('center_axis',(0.,-1.,0.));
#2086=DIRECTION('ref_axis',(0.,0.,-1.));
#2087=DIRECTION('center_axis',(0.,-1.,0.));
#2088=DIRECTION('ref_axis',(-0.107142857201536,0.,0.994243636213323));
#2089=DIRECTION('',(0.,-1.,0.));
#2090=DIRECTION('center_axis',(-0.107142857141602,0.,0.994243636219782));
#2091=DIRECTION('ref_axis',(-0.994243636219782,0.,-0.107142857141602));
#2092=CARTESIAN_POINT('',(0.,0.,0.));
#2093=CARTESIAN_POINT('Origin',(109.682397472732,-148.800454322812,28.8745787906647));
#2094=CARTESIAN_POINT('',(109.682397472732,-104.610454322812,38.8745787906647));
#2095=CARTESIAN_POINT('',(109.682397472732,-104.610454322812,18.8745787906647));
#2096=CARTESIAN_POINT('Origin',(109.682397472732,-104.610454322812,28.8745787906647));
#2097=CARTESIAN_POINT('',(109.682397472732,-109.100454322883,38.8745787906647));
#2098=CARTESIAN_POINT('',(109.682397472732,-148.800454322812,38.8745787906647));
#2099=CARTESIAN_POINT('',(109.682397472732,-109.100454322883,18.8745787906647));
#2100=CARTESIAN_POINT('Origin',(109.682397472732,-109.100454322897,28.8745787906647));
#2101=CARTESIAN_POINT('',(109.682397472732,-148.800454322812,18.8745787906647));
#2102=CARTESIAN_POINT('Origin',(117.766005422048,-139.463952577999,17.5745787906593));
#2103=CARTESIAN_POINT('',(110.332397472732,-144.550454322812,18.8745787906629));
#2104=CARTESIAN_POINT('',(108.332397472736,-142.550454322812,21.8214608209549));
#2105=CARTESIAN_POINT('Ctrl Pts',(108.332397472732,-142.550454322812,21.8214608209548));
#2106=CARTESIAN_POINT('Ctrl Pts',(108.332397472732,-142.872208115737,21.5876201735862));
#2107=CARTESIAN_POINT('Ctrl Pts',(108.412089511809,-143.182499986275,21.3026900496805));
#2108=CARTESIAN_POINT('Ctrl Pts',(108.676428035394,-143.710122914104,20.6884899849999));
#2109=CARTESIAN_POINT('Ctrl Pts',(108.860013792718,-143.92798624676,20.359221349571));
#2110=CARTESIAN_POINT('Ctrl Pts',(109.252364710671,-144.252723850037,19.7533637654312));
#2111=CARTESIAN_POINT('Ctrl Pts',(109.511854640262,-144.398687556139,19.3864818708692));
#2112=CARTESIAN_POINT('Ctrl Pts',(109.871347466677,-144.498001134334,19.0663236298498));
#2113=CARTESIAN_POINT('Ctrl Pts',(109.954872608531,-144.516633716918,19.0012590859928));
#2114=CARTESIAN_POINT('Ctrl Pts',(110.13613303506,-144.542906742485,18.9047020934795));
#2115=CARTESIAN_POINT('Ctrl Pts',(110.234607769034,-144.550454322812,18.8745787906629));
#2116=CARTESIAN_POINT('Ctrl Pts',(110.332397472732,-144.550454322812,18.874578790663));
#2117=CARTESIAN_POINT('',(109.682397472732,-144.550454322812,18.8745787906647));
#2118=CARTESIAN_POINT('',(117.766005422048,-144.550454322812,18.8745787906647));
#2119=CARTESIAN_POINT('',(98.3131847582556,-144.550454322812,18.87457879066));
#2120=CARTESIAN_POINT('',(117.766005422048,-144.550454322812,18.8745787906647));
#2121=CARTESIAN_POINT('',(102.922957004701,-142.050454309137,22.1432228855226));
#2122=CARTESIAN_POINT('Ctrl Pts',(98.3131847582556,-144.550454322812,18.8745787906602));
#2123=CARTESIAN_POINT('Ctrl Pts',(98.5752929134844,-144.550454322812,18.8745787906602));
#2124=CARTESIAN_POINT('Ctrl Pts',(98.7957741819259,-144.53322768736,18.943465847666));
#2125=CARTESIAN_POINT('Ctrl Pts',(99.2105611170545,-144.480778338912,19.1246931443882));
#2126=CARTESIAN_POINT('Ctrl Pts',(99.4037532830047,-144.444824303983,19.2393603559689));
#2127=CARTESIAN_POINT('Ctrl Pts',(99.9772209736177,-144.307419170746,19.6179344163678));
#2128=CARTESIAN_POINT('Ctrl Pts',(100.345355387153,-144.177509376996,19.9133252690623));
#2129=CARTESIAN_POINT('Ctrl Pts',(101.446580296628,-143.643653230328,20.829116214345));
#2130=CARTESIAN_POINT('Ctrl Pts',(102.151454740435,-143.097373693161,21.4667908259634));
#2131=CARTESIAN_POINT('Ctrl Pts',(102.781759549344,-142.259281011339,22.0200424134631));
#2132=CARTESIAN_POINT('Ctrl Pts',(102.853472935259,-142.157222874332,22.082776698866));
#2133=CARTESIAN_POINT('Ctrl Pts',(102.922956999588,-142.050454303319,22.1432228810743));
#2134=CARTESIAN_POINT('',(103.797619021966,-139.463952577999,22.8245787906584));
#2135=CARTESIAN_POINT('Ctrl Pts',(102.922956999588,-142.050454303319,22.1432228810743));
#2136=CARTESIAN_POINT('Ctrl Pts',(103.174914800096,-141.66329827588,22.3624082045799));
#2137=CARTESIAN_POINT('Ctrl Pts',(103.395955102291,-141.212269118546,22.5499462936904));
#2138=CARTESIAN_POINT('Ctrl Pts',(103.681234838655,-140.32184368986,22.7709356592497));
#2139=CARTESIAN_POINT('Ctrl Pts',(103.765432715673,-139.890855663644,22.8245787906551));
#2140=CARTESIAN_POINT('Ctrl Pts',(103.797619021965,-139.46395257801,22.824578790656));
#2141=CARTESIAN_POINT('',(108.332397472732,-139.463952577999,22.8245787906571));
#2142=CARTESIAN_POINT('',(117.766005422047,-139.463952577999,22.8245787906593));
#2143=CARTESIAN_POINT('Origin',(108.332397472736,-139.463952577999,17.5745787906571));
#2144=CARTESIAN_POINT('Origin',(110.332397472732,-142.550454322812,32.1245787906647));
#2145=CARTESIAN_POINT('',(110.332397472732,-144.550454322812,18.8957261512076));
#2146=CARTESIAN_POINT('',(110.332397472732,-144.550454322812,32.1245787906647));
#2147=CARTESIAN_POINT('',(108.332397472732,-142.550454322812,26.8429538252735));
#2148=CARTESIAN_POINT('',(108.332397472732,-142.550454322812,32.1245787906647));
#2149=CARTESIAN_POINT('',(108.832397472732,-143.873329978345,27.0097731707674));
#2150=CARTESIAN_POINT('Ctrl Pts',(108.832397472732,-143.873329978345,27.0097731707675));
#2151=CARTESIAN_POINT('Ctrl Pts',(108.678313698705,-143.698615400996,26.9560654534326));
#2152=CARTESIAN_POINT('Ctrl Pts',(108.55434881603,-143.496473596643,26.9150494632934));
#2153=CARTESIAN_POINT('Ctrl Pts',(108.378801372423,-143.044892421396,26.8576426482999));
#2154=CARTESIAN_POINT('Ctrl Pts',(108.332397472732,-142.799113517726,26.8429538252735));
#2155=CARTESIAN_POINT('Ctrl Pts',(108.332397472732,-142.550454322812,26.8429538252735));
#2156=CARTESIAN_POINT('',(110.332397472732,-144.550454322812,25.9975143145015));
#2157=CARTESIAN_POINT('Ctrl Pts',(108.832397472732,-143.873329978345,27.0097731707674));
#2158=CARTESIAN_POINT('Ctrl Pts',(108.843342509679,-143.88574048371,26.9959803997935));
#2159=CARTESIAN_POINT('Ctrl Pts',(108.85441593307,-143.897985988231,26.9822753611713));
#2160=CARTESIAN_POINT('Ctrl Pts',(109.027499557888,-144.084714701355,26.7718777241149));
#2161=CARTESIAN_POINT('Ctrl Pts',(109.240549352149,-144.248975763981,26.5675781366791));
#2162=CARTESIAN_POINT('Ctrl Pts',(109.744577045596,-144.482182676052,26.2239751333353));
#2163=CARTESIAN_POINT('Ctrl Pts',(110.036121628126,-144.550454322812,26.08504605736));
#2164=CARTESIAN_POINT('Ctrl Pts',(110.332397472732,-144.550454322812,25.9975143145015));
#2165=CARTESIAN_POINT('',(110.332397472732,-144.550454322812,32.1245787906647));
#2166=CARTESIAN_POINT('Origin',(109.682397472732,-148.800454322812,28.8745787906647));
#2167=CARTESIAN_POINT('',(117.44834879889,-144.550454322812,35.1745787906442));
#2168=CARTESIAN_POINT('Origin',(109.682397472732,-144.550454322812,28.8745787906647));
#2169=CARTESIAN_POINT('',(109.682397472732,-144.550454322812,38.8745787906647));
#2170=CARTESIAN_POINT('Origin',(109.682397472732,-144.550454322812,28.8745787906647));
#2171=CARTESIAN_POINT('',(109.682397472732,-148.800454322812,38.8745787906646));
#2172=CARTESIAN_POINT('',(109.682397472732,-148.800454322812,38.8745787906647));
#2173=CARTESIAN_POINT('',(109.682397472732,-148.800454322812,18.8745787906647));
#2174=CARTESIAN_POINT('Origin',(109.682397472732,-148.800454322812,28.8745787906647));
#2175=CARTESIAN_POINT('',(109.682397472732,-148.800454322812,18.8745787906647));
#2176=CARTESIAN_POINT('Origin',(109.682397472732,-144.550454322812,28.8745787906647));
#2177=CARTESIAN_POINT('Origin',(136.982397472714,-133.550454322812,35.1745787906442));
#2178=CARTESIAN_POINT('',(136.982397472714,-112.600454322937,35.1745787906442));
#2179=CARTESIAN_POINT('',(113.682397472705,-112.600454322891,35.1745787906443));
#2180=CARTESIAN_POINT('',(131.157397472731,-112.600454322926,35.1745787906442));
#2181=CARTESIAN_POINT('',(136.982397472714,-133.550454322812,35.1745787906442));
#2182=CARTESIAN_POINT('',(136.982397472714,-125.325454322875,35.1745787906442));
#2183=CARTESIAN_POINT('',(140.895624191025,-133.550454322812,35.1745787906442));
#2184=CARTESIAN_POINT('',(149.160918255421,-133.550454322812,35.1745787906442));
#2185=CARTESIAN_POINT('',(140.895624191009,-142.050454322812,35.1745787906442));
#2186=CARTESIAN_POINT('',(140.895624191074,-109.100454322945,35.1745787906442));
#2187=CARTESIAN_POINT('',(121.665191697091,-142.050454322812,35.1745787906442));
#2188=CARTESIAN_POINT('',(146.07165786405,-142.050454322812,35.1745787906442));
#2189=CARTESIAN_POINT('',(121.665191697091,-144.550454322812,35.1745787906442));
#2190=CARTESIAN_POINT('',(121.665191697091,-148.800454322812,35.1745787906442));
#2191=CARTESIAN_POINT('',(105.699912042868,-144.550454322812,35.1745787906442));
#2192=CARTESIAN_POINT('',(111.395557140749,-144.550454322812,35.1745787906442));
#2193=CARTESIAN_POINT('',(105.699912042868,-144.550454322812,35.1745787906442));
#2194=CARTESIAN_POINT('',(110.697887505938,-144.501020540518,35.1745787906442));
#2195=CARTESIAN_POINT('Ctrl Pts',(110.697887505938,-144.501020540518,35.1745787906442));
#2196=CARTESIAN_POINT('Ctrl Pts',(110.934266465752,-144.536614117034,35.1745787906442));
#2197=CARTESIAN_POINT('Ctrl Pts',(111.176764284403,-144.550454322812,35.1745787906442));
#2198=CARTESIAN_POINT('Ctrl Pts',(111.395557140749,-144.550454322812,35.1745787906442));
#2199=CARTESIAN_POINT('',(108.685280438102,-143.684916959585,35.174578790644));
#2200=CARTESIAN_POINT('Ctrl Pts',(108.685280438102,-143.684916959584,35.1745787906442));
#2201=CARTESIAN_POINT('Ctrl Pts',(108.746967565002,-143.731829849715,35.1745787906442));
#2202=CARTESIAN_POINT('Ctrl Pts',(108.80913098285,-143.775496498209,35.1745787906442));
#2203=CARTESIAN_POINT('Ctrl Pts',(109.209986040524,-144.040109671564,35.1745787906442));
#2204=CARTESIAN_POINT('Ctrl Pts',(109.657001603352,-144.238841985976,35.1745787906442));
#2205=CARTESIAN_POINT('Ctrl Pts',(110.247869007344,-144.415128909264,35.1745787906442));
#2206=CARTESIAN_POINT('Ctrl Pts',(110.471710740745,-144.466963194618,35.1745787906442));
#2207=CARTESIAN_POINT('Ctrl Pts',(110.697887505938,-144.501020540518,35.1745787906442));
#2208=CARTESIAN_POINT('',(108.332397472732,-142.550454322812,35.1745787906442));
#2209=CARTESIAN_POINT('Origin',(110.332397472732,-142.550454322812,35.1745787906442));
#2210=CARTESIAN_POINT('',(108.332397472732,-133.550454322812,35.1745787906442));
#2211=CARTESIAN_POINT('',(108.332397472732,-141.175454322812,35.1745787906442));
#2212=CARTESIAN_POINT('',(113.682397472705,-133.550454322812,35.1745787906443));
#2213=CARTESIAN_POINT('',(123.498794584898,-133.550454322812,35.1745787906442));
#2214=CARTESIAN_POINT('',(113.682397472705,-133.550454322812,35.1745787906443));
#2215=CARTESIAN_POINT('Origin',(89.7346323886454,-104.610454322812,28.8745787906647));
#2216=CARTESIAN_POINT('',(73.7829025361204,-104.610454322812,18.8745787906647));
#2217=CARTESIAN_POINT('',(91.259920269698,-104.610454322812,18.8745787906647));
#2218=CARTESIAN_POINT('',(71.6615821925607,-104.610454322812,19.753258447105));
#2219=CARTESIAN_POINT('Origin',(73.7829025361204,-104.610454322812,21.8745787906647));
#2220=CARTESIAN_POINT('',(67.5610771291724,-104.610454322812,23.8537635104934));
#2221=CARTESIAN_POINT('',(72.5402618490011,-104.610454322812,18.8745787906647));
#2222=CARTESIAN_POINT('',(66.6823974727321,-104.610454322812,25.975083854053));
#2223=CARTESIAN_POINT('Origin',(69.682397472732,-104.610454322812,25.975083854053));
#2224=CARTESIAN_POINT('',(66.6823974727321,-104.610454322812,31.7740737272763));
#2225=CARTESIAN_POINT('',(66.6823974727321,-104.610454322812,24.7324431669337));
#2226=CARTESIAN_POINT('',(67.5610771291724,-104.610454322812,33.895394070836));
#2227=CARTESIAN_POINT('Origin',(69.682397472732,-104.610454322812,31.7740737272763));
#2228=CARTESIAN_POINT('',(71.6615821925607,-104.610454322812,37.9958991342243));
#2229=CARTESIAN_POINT('',(66.6823974727321,-104.610454322812,33.0167144143956));
#2230=CARTESIAN_POINT('',(73.7829025361204,-104.610454322812,38.8745787906647));
#2231=CARTESIAN_POINT('Origin',(73.7829025361204,-104.610454322812,35.8745787906647));
#2232=CARTESIAN_POINT('',(72.5402618490011,-104.610454322812,38.8745787906647));
#2233=CARTESIAN_POINT('',(78.932397472732,-104.610454322812,28.8745787906647));
#2234=CARTESIAN_POINT('Origin',(76.6823974727321,-104.610454322812,28.8745787906647));
#2235=CARTESIAN_POINT('Origin',(116.891109625254,-112.600454322897,28.64957879065));
#2236=CARTESIAN_POINT('',(113.682397472741,-112.600454322851,18.8745787906671));
#2237=CARTESIAN_POINT('',(113.68239747271,-112.600454322891,32.8995787906327));
#2238=CARTESIAN_POINT('',(137.315647053436,-112.600454322937,18.8745787906645));
#2239=CARTESIAN_POINT('',(103.326432288711,-112.600454322851,18.8745787906647));
#2240=CARTESIAN_POINT('',(142.661963408099,-112.600454322925,28.1745787906444));
#2241=CARTESIAN_POINT('Origin',(130.682397472725,-112.600454322925,28.8745787906646));
#2242=CARTESIAN_POINT('',(136.982397472714,-112.600454322937,28.1745787906442));
#2243=CARTESIAN_POINT('',(126.936753548993,-112.600454322917,28.1745787906439));
#2244=CARTESIAN_POINT('',(136.982397472714,-112.600454322937,31.0370787906474));
#2245=CARTESIAN_POINT('',(134.807397472725,-112.600454322933,28.8745787906646));
#2246=CARTESIAN_POINT('Origin',(130.682397472725,-112.600454322925,28.8745787906646));
#2247=CARTESIAN_POINT('Origin',(116.713770506135,-109.100454322897,28.8745787906647));
#2248=CARTESIAN_POINT('',(137.315647053443,-109.100454322938,38.8745787906647));
#2249=CARTESIAN_POINT('',(134.697195825833,-109.100454322933,38.8745787906647));
#2250=CARTESIAN_POINT('',(137.315647053443,-109.100454322938,18.8745787906645));
#2251=CARTESIAN_POINT('Origin',(130.682397472732,-109.100454322925,28.8745787906646));
#2252=CARTESIAN_POINT('',(128.825088652068,-109.100454322921,18.8745787906645));
#2253=CARTESIAN_POINT('',(133.932397472732,-109.100454322914,28.8745787906646));
#2254=CARTESIAN_POINT('Origin',(130.682397472732,-109.100454322914,28.8745787906646));
#2255=CARTESIAN_POINT('Origin',(76.6823974727321,-108.610454322812,38.8745787906647));
#2256=CARTESIAN_POINT('',(122.745143539538,-142.050454322812,38.8745787906647));
#2257=CARTESIAN_POINT('',(137.315647053377,-142.050454322812,38.8745787906647));
#2258=CARTESIAN_POINT('',(127.535553406872,-142.050454322812,38.8745787906647));
#2259=CARTESIAN_POINT('',(137.315647053443,-109.100454322938,38.8745787906647));
#2260=CARTESIAN_POINT('',(73.7829025361204,-108.610454322812,38.8745787906647));
#2261=CARTESIAN_POINT('',(73.7829025361204,-106.610454322812,38.8745787906647));
#2262=CARTESIAN_POINT('',(98.3131847582556,-108.610454322812,38.8745787906647));
#2263=CARTESIAN_POINT('',(76.6823974727321,-108.610454322812,38.8745787906647));
#2264=CARTESIAN_POINT('',(103.813184758256,-114.110454322812,38.8745787906646));
#2265=CARTESIAN_POINT('Origin',(98.3131847582556,-114.110454322812,38.8745787906647));
#2266=CARTESIAN_POINT('',(103.813184758256,-139.050454322812,38.8745787906646));
#2267=CARTESIAN_POINT('',(103.813184758256,-108.610454322812,38.8745787906646));
#2268=CARTESIAN_POINT('',(98.3131847582556,-144.550454322812,38.8745787906647));
#2269=CARTESIAN_POINT('Origin',(98.3131847582556,-139.050454322812,38.8745787906647));
#2270=CARTESIAN_POINT('',(73.7829025361204,-144.550454322812,38.8745787906647));
#2271=CARTESIAN_POINT('',(139.482397472732,-144.550454322812,38.8745787906647));
#2272=CARTESIAN_POINT('',(73.7829025361204,-148.800454322812,38.8745787906647));
#2273=CARTESIAN_POINT('',(73.7829025361204,-106.610454322812,38.8745787906647));
#2274=CARTESIAN_POINT('',(126.099821777776,-148.800454322812,38.8745787906646));
#2275=CARTESIAN_POINT('',(122.745143539538,-144.550454322812,38.8745787906647));
#2276=CARTESIAN_POINT('',(96.6980839894336,-144.550454322812,38.8745787906647));
#2277=CARTESIAN_POINT('',(122.745143539538,-148.800454322812,38.8745787906647));
#2278=CARTESIAN_POINT('Origin',(112.786867304559,-108.610454322812,18.8745787906647));
#2279=CARTESIAN_POINT('',(137.315647053443,-109.100454322938,18.8745787906647));
#2280=CARTESIAN_POINT('',(103.601842432951,-112.600454322851,18.8745787906647));
#2281=CARTESIAN_POINT('',(103.326432288711,-112.600454322851,18.8745787906647));
#2282=CARTESIAN_POINT('',(98.3131847582556,-108.610454322812,18.8745787906647));
#2283=CARTESIAN_POINT('Origin',(98.3131847582556,-114.110454322812,18.8745787906647));
#2284=CARTESIAN_POINT('',(73.7829025361204,-108.610454322812,18.8745787906647));
#2285=CARTESIAN_POINT('',(91.259920269698,-108.610454322812,18.8745787906647));
#2286=CARTESIAN_POINT('',(73.7829025361204,-106.610454322812,18.8745787906647));
#2287=CARTESIAN_POINT('Origin',(89.7346323886454,-144.550454322812,28.8745787906647));
#2288=CARTESIAN_POINT('',(114.182397472732,-144.550454322812,28.8745787906647));
#2289=CARTESIAN_POINT('Origin',(111.182397472732,-144.550454322812,28.8745787906647));
#2290=CARTESIAN_POINT('',(110.332397472732,-144.550454322812,31.7516432668278));
#2291=CARTESIAN_POINT('Origin',(111.182397472732,-144.550454322812,28.8745787906647));
#2292=CARTESIAN_POINT('',(110.332397472732,-144.550454322812,34.3053480155154));
#2293=CARTESIAN_POINT('',(110.332397472732,-144.550454322812,32.1245787906647));
#2294=CARTESIAN_POINT('',(110.991600736479,-144.550454322812,34.8443910129331));
#2295=CARTESIAN_POINT('Origin',(104.179112233495,-144.550454322812,42.5028830575015));
#2296=CARTESIAN_POINT('Origin',(115.145557140737,-144.550454322812,30.1745787906353));
#2297=CARTESIAN_POINT('Origin',(116.713770506135,-144.550454322812,28.8745787906647));
#2298=CARTESIAN_POINT('Origin',(116.713770506135,-144.550454322812,28.8745787906647));
#2299=CARTESIAN_POINT('',(123.406581367304,-144.550454322812,37.1245787906647));
#2300=CARTESIAN_POINT('Origin',(130.682397472732,-144.550454322812,28.8745787906646));
#2301=CARTESIAN_POINT('Origin',(122.745143539538,-144.550454322812,37.8745787906647));
#2302=CARTESIAN_POINT('Origin',(122.745143539538,-148.800454322812,37.8745787906647));
#2303=CARTESIAN_POINT('',(123.406581367304,-142.050454322812,37.1245787906647));
#2304=CARTESIAN_POINT('',(123.406581367304,-148.800454322812,37.1245787906647));
#2305=CARTESIAN_POINT('Origin',(122.745143539538,-142.050454322812,37.8745787906647));
#2306=CARTESIAN_POINT('Origin',(130.682397472732,-148.800454322812,28.8745787906646));
#2307=CARTESIAN_POINT('Origin',(130.682397472732,-142.050454322812,28.8745787906646));
#2308=CARTESIAN_POINT('Origin',(80.0661666053892,-147.800454322812,31.2758547156451));
#2309=CARTESIAN_POINT('',(79.1296409461648,-146.800454322812,31.3767776999724));
#2310=CARTESIAN_POINT('',(90.8163260441523,-146.800454322812,30.1173833359578));
#2311=CARTESIAN_POINT('',(80.0661666053892,-146.800454322812,31.2758547156451));
#2312=CARTESIAN_POINT('',(90.9234689012939,-147.800454322812,31.1116269721776));
#2313=CARTESIAN_POINT('Origin',(90.8163260441523,-147.800454322812,30.1173833359578));
#2314=CARTESIAN_POINT('',(77.0841831870178,-147.800454322812,32.6029924264883));
#2315=CARTESIAN_POINT('',(80.1733094625308,-147.800454322812,32.2700983518649));
#2316=CARTESIAN_POINT('',(77.0573974727324,-147.139016495046,32.3544315174334));
#2317=CARTESIAN_POINT('Origin',(76.9770403298762,-147.800454322812,31.6087487902686));
#2318=CARTESIAN_POINT('Ctrl Pts',(77.0573974727277,-147.139016495046,32.3544315174339));
#2319=CARTESIAN_POINT('Ctrl Pts',(77.5388437797034,-147.139016495046,32.3025493318101));
#2320=CARTESIAN_POINT('Ctrl Pts',(78.0054209493184,-147.009214536319,32.1498284190298));
#2321=CARTESIAN_POINT('Ctrl Pts',(78.6267336945568,-146.861925420014,31.794591128426));
#2322=CARTESIAN_POINT('Ctrl Pts',(78.8206253327682,-146.821050563559,31.6555300399148));
#2323=CARTESIAN_POINT('Ctrl Pts',(79.0427489039735,-146.802513664567,31.4596049472577));
#2324=CARTESIAN_POINT('Ctrl Pts',(79.0867661015768,-146.800454322812,31.4187108904962));
#2325=CARTESIAN_POINT('Ctrl Pts',(79.1296409461648,-146.800454322812,31.3767776999724));
#2326=CARTESIAN_POINT('Origin',(90.6823974727321,-147.800454322812,28.8745787906647));
#2327=CARTESIAN_POINT('',(90.8163260442359,-146.800454322812,27.6317742453805));
#2328=CARTESIAN_POINT('',(90.9234689014374,-147.800454322812,26.6375306091672));
#2329=CARTESIAN_POINT('Origin',(90.8163260442359,-147.800454322812,27.6317742453805));
#2330=CARTESIAN_POINT('Origin',(90.6823974727321,-147.800454322812,28.8745787906647));
#2331=CARTESIAN_POINT('Origin',(90.6823974727321,-146.800454322812,28.8745787906647));
#2332=CARTESIAN_POINT('Origin',(86.985809462599,-147.800454322812,27.2189855928474));
#2333=CARTESIAN_POINT('',(77.0841831870178,-147.800454322812,25.146165154841));
#2334=CARTESIAN_POINT('',(87.0929523197406,-147.800454322812,26.2247419566276));
#2335=CARTESIAN_POINT('',(79.1296409461648,-146.800454322812,26.372379881357));
#2336=CARTESIAN_POINT('',(86.985809462599,-146.800454322812,27.2189855928474));
#2337=CARTESIAN_POINT('',(77.0573974727324,-147.139016495046,25.3947260638959));
#2338=CARTESIAN_POINT('Ctrl Pts',(79.1296409461648,-146.800454322812,26.372379881357));
#2339=CARTESIAN_POINT('Ctrl Pts',(79.0867661015768,-146.800454322812,26.3304466908332));
#2340=CARTESIAN_POINT('Ctrl Pts',(79.0427489039735,-146.802513664567,26.2895526340717));
#2341=CARTESIAN_POINT('Ctrl Pts',(78.8206253327682,-146.821050563559,26.0936275414145));
#2342=CARTESIAN_POINT('Ctrl Pts',(78.6267336945568,-146.861925420014,25.9545664529034));
#2343=CARTESIAN_POINT('Ctrl Pts',(78.0054209493184,-147.009214536319,25.5993291622996));
#2344=CARTESIAN_POINT('Ctrl Pts',(77.5388437797034,-147.139016495046,25.4466082495193));
#2345=CARTESIAN_POINT('Ctrl Pts',(77.0573974727277,-147.139016495046,25.3947260638954));
#2346=CARTESIAN_POINT('Origin',(76.9770403298762,-147.800454322812,26.1404087910608));
#2347=CARTESIAN_POINT('Origin',(76.6823974727321,-147.800454322812,28.8745787906647));
#2348=CARTESIAN_POINT('Origin',(76.6823974727321,-147.139016495046,28.8745787906647));
#2349=CARTESIAN_POINT('Origin',(76.6823974727321,-147.800454322812,28.8745787906647));
#2350=CARTESIAN_POINT('Origin',(76.6823974727321,-144.550454322812,28.8745787906647));
#2351=CARTESIAN_POINT('',(77.0841831870178,-148.800454322812,32.6029924264883));
#2352=CARTESIAN_POINT('',(77.0841831870178,-144.550454322812,32.6029924264883));
#2353=CARTESIAN_POINT('',(77.0841831870178,-148.800454322812,25.146165154841));
#2354=CARTESIAN_POINT('Origin',(76.6823974727321,-148.800454322812,28.8745787906647));
#2355=CARTESIAN_POINT('',(77.0841831870178,-144.550454322812,25.146165154841));
#2356=CARTESIAN_POINT('Origin',(77.0841831870178,-144.550454322812,32.6029924264883));
#2357=CARTESIAN_POINT('',(90.9234689012939,-148.800454322812,31.1116269721776));
#2358=CARTESIAN_POINT('',(90.9234689012939,-144.550454322812,31.1116269721776));
#2359=CARTESIAN_POINT('',(77.0841831870178,-148.800454322812,32.6029924264883));
#2360=CARTESIAN_POINT('Origin',(130.68239747273,-110.850454322928,28.8745787906646));
#2361=CARTESIAN_POINT('',(133.932397472732,-109.850454322932,28.8745787906646));
#2362=CARTESIAN_POINT('Origin',(130.682397472732,-109.850454322932,28.8745787906646));
#2363=CARTESIAN_POINT('',(134.182397472724,-111.850454322932,28.8745787906646));
#2364=CARTESIAN_POINT('',(134.057397472728,-110.850454322932,28.8745787906646));
#2365=CARTESIAN_POINT('Origin',(130.682397472728,-111.850454322925,28.8745787906646));
#2366=CARTESIAN_POINT('Origin',(130.682397472727,-111.850454322925,28.8745787906646));
#2367=CARTESIAN_POINT('',(134.557397472727,-111.850454322932,28.8745787906646));
#2368=CARTESIAN_POINT('Origin',(130.682397472727,-111.850454322925,28.8745787906646));
#2369=CARTESIAN_POINT('Origin',(130.682397472732,-133.550454322812,28.8745787906646));
#2370=CARTESIAN_POINT('',(133.932397472732,-133.550454322812,28.8745787906646));
#2371=CARTESIAN_POINT('Origin',(130.682397472726,-112.225454322925,28.8745787906646));
#2372=CARTESIAN_POINT('',(134.682397472726,-112.225454322933,28.8745787906646));
#2373=CARTESIAN_POINT('Origin',(73.7829025361204,-106.610454322812,21.8745787906647));
#2374=CARTESIAN_POINT('',(71.6615821925607,-108.610454322812,19.753258447105));
#2375=CARTESIAN_POINT('Origin',(73.7829025361204,-108.610454322812,21.8745787906647));
#2376=CARTESIAN_POINT('',(71.6615821925607,-106.610454322812,19.753258447105));
#2377=CARTESIAN_POINT('Origin',(69.682397472732,-104.610454322812,25.975083854053));
#2378=CARTESIAN_POINT('',(67.5610771291724,-108.610454322812,23.8537635104934));
#2379=CARTESIAN_POINT('',(66.6823974727321,-108.610454322812,25.975083854053));
#2380=CARTESIAN_POINT('Origin',(69.682397472732,-108.610454322812,25.975083854053));
#2381=CARTESIAN_POINT('',(66.6823974727321,-104.610454322812,25.975083854053));
#2382=CARTESIAN_POINT('',(67.5610771291724,-104.610454322812,23.8537635104934));
#2383=CARTESIAN_POINT('Origin',(66.6823974727321,-104.610454322812,33.0167144143956));
#2384=CARTESIAN_POINT('',(66.6823974727321,-108.610454322812,31.7740737272763));
#2385=CARTESIAN_POINT('',(66.6823974727321,-108.610454322812,24.7324431669337));
#2386=CARTESIAN_POINT('',(66.6823974727321,-104.610454322812,31.7740737272763));
#2387=CARTESIAN_POINT('Origin',(69.682397472732,-104.610454322812,31.7740737272763));
#2388=CARTESIAN_POINT('',(67.5610771291724,-108.610454322812,33.895394070836));
#2389=CARTESIAN_POINT('Origin',(69.682397472732,-108.610454322812,31.7740737272763));
#2390=CARTESIAN_POINT('',(67.5610771291724,-104.610454322812,33.895394070836));
#2391=CARTESIAN_POINT('Origin',(73.7829025361204,-106.610454322812,35.8745787906647));
#2392=CARTESIAN_POINT('',(71.6615821925607,-108.610454322812,37.9958991342243));
#2393=CARTESIAN_POINT('',(71.6615821925607,-106.610454322812,37.9958991342243));
#2394=CARTESIAN_POINT('Origin',(73.7829025361204,-108.610454322812,35.8745787906647));
#2395=CARTESIAN_POINT('Origin',(73.7829025361204,-106.610454322812,21.8745787906647));
#2396=CARTESIAN_POINT('',(73.7829025361204,-148.800454322812,18.8745787906647));
#2397=CARTESIAN_POINT('',(71.6615821925607,-148.800454322812,19.753258447105));
#2398=CARTESIAN_POINT('Origin',(73.7829025361204,-148.800454322812,21.8745787906647));
#2399=CARTESIAN_POINT('',(71.6615821925607,-144.550454322812,19.753258447105));
#2400=CARTESIAN_POINT('',(71.6615821925607,-106.610454322812,19.753258447105));
#2401=CARTESIAN_POINT('',(73.7829025361204,-144.550454322812,18.8745787906647));
#2402=CARTESIAN_POINT('Origin',(73.7829025361204,-144.550454322812,21.8745787906647));
#2403=CARTESIAN_POINT('',(73.7829025361204,-106.610454322812,18.8745787906647));
#2404=CARTESIAN_POINT('Origin',(112.786867304559,-108.610454322812,18.8745787906647));
#2405=CARTESIAN_POINT('',(76.6823974727321,-148.800454322812,18.8745787906647));
#2406=CARTESIAN_POINT('',(117.766005422048,-144.550454322812,18.8745787906647));
#2407=CARTESIAN_POINT('Origin',(89.7346323886454,-144.550454322812,28.8745787906647));
#2408=CARTESIAN_POINT('',(67.5610771291724,-144.550454322812,23.8537635104934));
#2409=CARTESIAN_POINT('',(68.3613296607708,-144.550454322812,23.053510978895));
#2410=CARTESIAN_POINT('',(66.6823974727321,-144.550454322812,25.975083854053));
#2411=CARTESIAN_POINT('Origin',(69.682397472732,-144.550454322812,25.975083854053));
#2412=CARTESIAN_POINT('',(66.6823974727321,-144.550454322812,31.7740737272763));
#2413=CARTESIAN_POINT('',(66.6823974727321,-144.550454322812,28.8745787906647));
#2414=CARTESIAN_POINT('',(67.5610771291724,-144.550454322812,33.895394070836));
#2415=CARTESIAN_POINT('Origin',(69.682397472732,-144.550454322812,31.7740737272763));
#2416=CARTESIAN_POINT('',(71.6615821925607,-144.550454322812,37.9958991342243));
#2417=CARTESIAN_POINT('',(68.3613296608666,-144.550454322812,34.6956466025301));
#2418=CARTESIAN_POINT('Origin',(73.7829025361204,-144.550454322812,35.8745787906647));
#2419=CARTESIAN_POINT('',(98.3131847582556,-144.550454322812,33.8745787906646));
#2420=CARTESIAN_POINT('',(80.1823974727321,-144.550454322812,28.8745787906647));
#2421=CARTESIAN_POINT('Origin',(76.6823974727321,-144.550454322812,28.8745787906647));
#2422=CARTESIAN_POINT('Origin',(69.682397472732,-104.610454322812,25.975083854053));
#2423=CARTESIAN_POINT('',(67.5610771291724,-148.800454322812,23.8537635104934));
#2424=CARTESIAN_POINT('',(67.5610771291724,-104.610454322812,23.8537635104934));
#2425=CARTESIAN_POINT('',(66.6823974727321,-148.800454322812,25.975083854053));
#2426=CARTESIAN_POINT('Origin',(69.682397472732,-148.800454322812,25.975083854053));
#2427=CARTESIAN_POINT('',(66.6823974727321,-104.610454322812,25.975083854053));
#2428=CARTESIAN_POINT('Origin',(66.6823974727321,-104.610454322812,24.7324431669337));
#2429=CARTESIAN_POINT('',(66.6823974727321,-148.800454322812,31.7740737272763));
#2430=CARTESIAN_POINT('',(66.6823974727321,-148.800454322812,26.8035109787992));
#2431=CARTESIAN_POINT('',(66.6823974727321,-104.610454322812,31.7740737272763));
#2432=CARTESIAN_POINT('Origin',(69.682397472732,-104.610454322812,31.7740737272763));
#2433=CARTESIAN_POINT('',(67.5610771291724,-148.800454322812,33.895394070836));
#2434=CARTESIAN_POINT('Origin',(69.682397472732,-148.800454322812,31.7740737272763));
#2435=CARTESIAN_POINT('',(67.5610771291724,-104.610454322812,33.895394070836));
#2436=CARTESIAN_POINT('Origin',(73.7829025361204,-106.610454322812,35.8745787906647));
#2437=CARTESIAN_POINT('',(71.6615821925607,-148.800454322812,37.9958991342243));
#2438=CARTESIAN_POINT('Origin',(73.7829025361204,-148.800454322812,35.8745787906647));
#2439=CARTESIAN_POINT('',(71.6615821925607,-106.610454322812,37.9958991342243));
#2440=CARTESIAN_POINT('Origin',(72.5402618490011,-104.610454322812,18.8745787906647));
#2441=CARTESIAN_POINT('',(69.8257957549338,-148.800454322812,21.5890448847319));
#2442=CARTESIAN_POINT('Origin',(66.6823974727321,-104.610454322812,33.0167144143956));
#2443=CARTESIAN_POINT('',(66.8968635667993,-148.800454322812,33.2311805084629));
#2444=CARTESIAN_POINT('Origin',(69.611329660675,-104.610454322812,21.8035109789908));
#2445=CARTESIAN_POINT('',(72.5402618490011,-108.610454322812,18.8745787906647));
#2446=CARTESIAN_POINT('Origin',(89.7346323886454,-108.610454322812,28.8745787906647));
#2447=CARTESIAN_POINT('',(98.3131847582556,-108.610454322812,33.8745787906646));
#2448=CARTESIAN_POINT('',(66.6823974727321,-108.610454322812,33.0167144143956));
#2449=CARTESIAN_POINT('',(78.932397472732,-108.610454322812,28.8745787906647));
#2450=CARTESIAN_POINT('Origin',(76.6823974727321,-108.610454322812,28.8745787906647));
#2451=CARTESIAN_POINT('Origin',(72.5402618490011,-104.610454322812,38.8745787906647));
#2452=CARTESIAN_POINT('Origin',(111.182397472732,-148.800454322812,28.8745787906647));
#2453=CARTESIAN_POINT('',(108.832397472732,-143.873329978345,30.7393844105618));
#2454=CARTESIAN_POINT('Origin',(111.182397472732,-143.873329978345,28.8745787906646));
#2455=CARTESIAN_POINT('Ctrl Pts',(110.332397472732,-144.550454322812,31.7516432668278));
#2456=CARTESIAN_POINT('Ctrl Pts',(110.036121628126,-144.550454322812,31.6641115239694));
#2457=CARTESIAN_POINT('Ctrl Pts',(109.744577045596,-144.482182676052,31.525182447994));
#2458=CARTESIAN_POINT('Ctrl Pts',(109.240549352149,-144.248975763981,31.1815794446503));
#2459=CARTESIAN_POINT('Ctrl Pts',(109.027499557888,-144.084714701355,30.9772798572144));
#2460=CARTESIAN_POINT('Ctrl Pts',(108.85441593307,-143.897985988231,30.766882220158));
#2461=CARTESIAN_POINT('Ctrl Pts',(108.843342509679,-143.88574048371,30.7531771815357));
#2462=CARTESIAN_POINT('Ctrl Pts',(108.832397472732,-143.873329978345,30.7393844105618));
#2463=CARTESIAN_POINT('',(114.182397472732,-148.800454322812,28.8745787906647));
#2464=CARTESIAN_POINT('',(114.182397472732,-148.800454322812,28.8745787906647));
#2465=CARTESIAN_POINT('Origin',(111.182397472732,-148.800454322812,28.8745787906647));
#2466=CARTESIAN_POINT('Origin',(108.747791115484,-118.600454322852,22.8245787906572));
#2467=CARTESIAN_POINT('',(113.663634983811,-117.686956067664,22.8245787906583));
#2468=CARTESIAN_POINT('',(103.831947247157,-117.686956067664,22.824578790656));
#2469=CARTESIAN_POINT('Ctrl Pts',(113.663634983811,-117.686956067664,22.8245787906583));
#2470=CARTESIAN_POINT('Ctrl Pts',(113.639979396183,-117.559657329293,22.8245787906583));
#2471=CARTESIAN_POINT('Ctrl Pts',(113.611583593543,-117.434497380826,22.8199306739826));
#2472=CARTESIAN_POINT('Ctrl Pts',(113.436886159295,-116.779169379187,22.773074019907));
#2473=CARTESIAN_POINT('Ctrl Pts',(113.195521538863,-116.24820663885,22.6480766930503));
#2474=CARTESIAN_POINT('Ctrl Pts',(112.562894359722,-115.320155532896,22.2871827411329));
#2475=CARTESIAN_POINT('Ctrl Pts',(112.172086412361,-114.921935322419,22.0534039226697));
#2476=CARTESIAN_POINT('Ctrl Pts',(111.368661428939,-114.31304501484,21.6141771723884));
#2477=CARTESIAN_POINT('Ctrl Pts',(110.891352100974,-114.050181396212,21.3697760743039));
#2478=CARTESIAN_POINT('Ctrl Pts',(109.855719865786,-113.694099177176,20.9931684618192));
#2479=CARTESIAN_POINT('Ctrl Pts',(109.294104699461,-113.600454322852,20.8704858721227));
#2480=CARTESIAN_POINT('Ctrl Pts',(108.201477531508,-113.600454322852,20.8704858721225));
#2481=CARTESIAN_POINT('Ctrl Pts',(107.639862365183,-113.694099177176,20.9931684618187));
#2482=CARTESIAN_POINT('Ctrl Pts',(106.604230129995,-114.050181396212,21.3697760743029));
#2483=CARTESIAN_POINT('Ctrl Pts',(106.126920802029,-114.31304501484,21.6141771723872));
#2484=CARTESIAN_POINT('Ctrl Pts',(105.323495818607,-114.921935322419,22.053403922668));
#2485=CARTESIAN_POINT('Ctrl Pts',(104.932687871246,-115.320155532896,22.287182741131));
#2486=CARTESIAN_POINT('Ctrl Pts',(104.300060692105,-116.24820663885,22.6480766930482));
#2487=CARTESIAN_POINT('Ctrl Pts',(104.058696071672,-116.779169379187,22.7730740199048));
#2488=CARTESIAN_POINT('Ctrl Pts',(103.883998637425,-117.434497380826,22.8199306739803));
#2489=CARTESIAN_POINT('Ctrl Pts',(103.855602834784,-117.559657329293,22.824578790656));
#2490=CARTESIAN_POINT('Ctrl Pts',(103.831947247157,-117.686956067664,22.824578790656));
#2491=CARTESIAN_POINT('Origin',(108.747791115484,-118.600454322852,22.8245787906572));
#2492=CARTESIAN_POINT('Origin',(140.232397472714,-133.550454322812,22.8245787906647));
#2493=CARTESIAN_POINT('',(113.682397472732,-117.686956067664,22.8245787906646));
#2494=CARTESIAN_POINT('',(103.32643228871,-117.686956067664,22.8245787906559));
#2495=CARTESIAN_POINT('',(113.682397472732,-133.550454322812,22.8245787906646));
#2496=CARTESIAN_POINT('',(113.682397472732,-133.550454322812,22.8245787906646));
#2497=CARTESIAN_POINT('',(108.332397472732,-133.550454322812,22.8245787906571));
#2498=CARTESIAN_POINT('',(110.432397472732,-133.550454322812,22.8245787906576));
#2499=CARTESIAN_POINT('',(108.332397472732,-131.062954322822,22.8245787906571));
#2500=CARTESIAN_POINT('',(103.813184758256,-139.050454322812,22.824578790656));
#2501=CARTESIAN_POINT('Origin',(98.3131847582556,-139.050454322812,22.824578790657));
#2502=CARTESIAN_POINT('',(103.813184758256,-117.686956067664,22.824578790656));
#2503=CARTESIAN_POINT('',(103.813184758256,-118.592954322822,22.824578790656));
#2504=CARTESIAN_POINT('',(103.32643228871,-117.686956067664,22.8245787906559));
#2505=CARTESIAN_POINT('',(110.747791115484,-118.600454322852,22.8245787906576));
#2506=CARTESIAN_POINT('Origin',(108.747791115484,-118.600454322852,22.8245787906572));
#2507=CARTESIAN_POINT('Origin',(126.936753548986,-116.100454322917,28.1745787906439));
#2508=CARTESIAN_POINT('',(136.982397472714,-116.100454322937,31.6745787906442));
#2509=CARTESIAN_POINT('Origin',(136.982397472749,-116.100454322937,28.1745787906442));
#2510=CARTESIAN_POINT('',(142.351159189375,-116.100454322948,31.6745787906444));
#2511=CARTESIAN_POINT('Ctrl Pts',(142.661963408099,-112.600454322948,28.1745787906444));
#2512=CARTESIAN_POINT('Ctrl Pts',(142.687631467693,-112.600454322948,28.6138533796896));
#2513=CARTESIAN_POINT('Ctrl Pts',(142.688341215613,-112.688299632823,29.0825218573231));
#2514=CARTESIAN_POINT('Ctrl Pts',(142.642453679676,-113.044732631663,29.9436816919677));
#2515=CARTESIAN_POINT('Ctrl Pts',(142.597160738861,-113.313241803006,30.3362745515243));
#2516=CARTESIAN_POINT('Ctrl Pts',(142.504470303939,-113.932555158924,30.9572608093703));
#2517=CARTESIAN_POINT('Ctrl Pts',(142.450965462418,-114.325549111364,31.2271247155753));
#2518=CARTESIAN_POINT('Ctrl Pts',(142.373539602946,-115.188469495129,31.5858260180471));
#2519=CARTESIAN_POINT('Ctrl Pts',(142.351159189376,-115.658568636045,31.6745787906444));
#2520=CARTESIAN_POINT('Ctrl Pts',(142.351159189375,-116.100454322948,31.6745787906444));
#2521=CARTESIAN_POINT('',(126.936753548986,-116.100454322917,31.6745787906439));
#2522=CARTESIAN_POINT('Origin',(136.982397472714,-118.100454322937,28.1745787906442));
#2523=CARTESIAN_POINT('',(139.095099138148,-121.600454322937,28.1745787906443));
#2524=CARTESIAN_POINT('',(140.282397472732,-121.529739962829,28.8745787906647));
#2525=CARTESIAN_POINT('Ctrl Pts',(140.282397472732,-121.529739962829,28.8745787906647));
#2526=CARTESIAN_POINT('Ctrl Pts',(140.282397472732,-121.508725701914,28.9775272237891));
#2527=CARTESIAN_POINT('Ctrl Pts',(140.261409621251,-121.481276251673,29.0860444279792));
#2528=CARTESIAN_POINT('Ctrl Pts',(140.177852476146,-121.421465316979,29.2843591737558));
#2529=CARTESIAN_POINT('Ctrl Pts',(140.115334964297,-121.389317035919,29.3742427641438));
#2530=CARTESIAN_POINT('Ctrl Pts',(139.973483206186,-121.335020483412,29.5135924692001));
#2531=CARTESIAN_POINT('Ctrl Pts',(139.885268950642,-121.3089296914,29.573734524952));
#2532=CARTESIAN_POINT('Ctrl Pts',(139.690301304872,-121.272598669342,29.6542582468679));
#2533=CARTESIAN_POINT('Ctrl Pts',(139.583453258064,-121.262731983096,29.6745787906647));
#2534=CARTESIAN_POINT('Ctrl Pts',(139.482397472732,-121.262731983096,29.6745787906647));
#2535=CARTESIAN_POINT('Ctrl Pts',(139.3813416874,-121.262731983096,29.6745787906647));
#2536=CARTESIAN_POINT('Ctrl Pts',(139.274493640592,-121.272598669342,29.6542582468679));
#2537=CARTESIAN_POINT('Ctrl Pts',(139.079525994822,-121.3089296914,29.573734524952));
#2538=CARTESIAN_POINT('Ctrl Pts',(138.991311739278,-121.335020483412,29.5135924692));
#2539=CARTESIAN_POINT('Ctrl Pts',(138.849459981167,-121.389317035919,29.3742427641438));
#2540=CARTESIAN_POINT('Ctrl Pts',(138.786942469318,-121.421465316979,29.2843591737558));
#2541=CARTESIAN_POINT('Ctrl Pts',(138.703385324213,-121.481276251673,29.0860444279792));
#2542=CARTESIAN_POINT('Ctrl Pts',(138.682397472732,-121.508725701914,28.9775272237891));
#2543=CARTESIAN_POINT('Ctrl Pts',(138.682397472732,-121.549974364841,28.7754508703112));
#2544=CARTESIAN_POINT('Ctrl Pts',(138.702005545996,-121.566819212719,28.6687228397489));
#2545=CARTESIAN_POINT('Ctrl Pts',(138.783252740387,-121.589262776812,28.4713606291482));
#2546=CARTESIAN_POINT('Ctrl Pts',(138.844920065373,-121.595109407117,28.380766332743));
#2547=CARTESIAN_POINT('Ctrl Pts',(138.967463155867,-121.599832088317,28.2580846997062));
#2548=CARTESIAN_POINT('Ctrl Pts',(139.028196636709,-121.600454322937,28.2115948297671));
#2549=CARTESIAN_POINT('Ctrl Pts',(139.095099138148,-121.600454322937,28.1745787906443));
#2550=CARTESIAN_POINT('',(136.982397472714,-121.600454322937,28.1745787906442));
#2551=CARTESIAN_POINT('',(136.982397472714,-121.600454322937,28.1745787906442));
#2552=CARTESIAN_POINT('',(136.982397472714,-118.100454322937,31.6745787906442));
#2553=CARTESIAN_POINT('Origin',(136.982397472714,-118.100454322937,28.1745787906442));
#2554=CARTESIAN_POINT('',(142.351159189371,-118.100454322937,31.6745787906444));
#2555=CARTESIAN_POINT('',(136.982397472714,-118.100454322937,31.6745787906442));
#2556=CARTESIAN_POINT('',(142.661963408081,-121.600454322925,28.1745787906444));
#2557=CARTESIAN_POINT('Ctrl Pts',(142.351159189371,-118.100454322937,31.6745787906444));
#2558=CARTESIAN_POINT('Ctrl Pts',(142.35115918937,-118.54234000984,31.6745787906444));
#2559=CARTESIAN_POINT('Ctrl Pts',(142.373539602938,-119.012439150756,31.5858260180471));
#2560=CARTESIAN_POINT('Ctrl Pts',(142.450965462407,-119.875359534521,31.2271247155754));
#2561=CARTESIAN_POINT('Ctrl Pts',(142.504470303926,-120.268353486961,30.9572608093704));
#2562=CARTESIAN_POINT('Ctrl Pts',(142.597160738846,-120.887666842879,30.3362745515244));
#2563=CARTESIAN_POINT('Ctrl Pts',(142.64245367966,-121.156176014222,29.9436816919678));
#2564=CARTESIAN_POINT('Ctrl Pts',(142.688341215595,-121.512609013062,29.0825218573231));
#2565=CARTESIAN_POINT('Ctrl Pts',(142.687631467675,-121.600454322937,28.6138533796896));
#2566=CARTESIAN_POINT('Ctrl Pts',(142.661963408081,-121.600454322937,28.1745787906444));
#2567=CARTESIAN_POINT('',(139.869695807316,-121.600454322937,28.1745787906443));
#2568=CARTESIAN_POINT('',(136.982397472714,-121.600454322937,28.1745787906442));
#2569=CARTESIAN_POINT('Ctrl Pts',(139.869695807316,-121.600454322937,28.1745787906443));
#2570=CARTESIAN_POINT('Ctrl Pts',(139.936598308755,-121.600454322937,28.2115948297672));
#2571=CARTESIAN_POINT('Ctrl Pts',(139.997331789597,-121.599832088317,28.2580846997062));
#2572=CARTESIAN_POINT('Ctrl Pts',(140.119874880091,-121.595109407117,28.380766332743));
#2573=CARTESIAN_POINT('Ctrl Pts',(140.181542205077,-121.589262776812,28.4713606291482));
#2574=CARTESIAN_POINT('Ctrl Pts',(140.262789399468,-121.566819212719,28.6687228397489));
#2575=CARTESIAN_POINT('Ctrl Pts',(140.282397472732,-121.549974364841,28.7754508703113));
#2576=CARTESIAN_POINT('Ctrl Pts',(140.282397472732,-121.529739962829,28.8745787906647));
#2577=CARTESIAN_POINT('Origin',(136.982397472714,-121.600454322937,35.1745787906442));
#2578=CARTESIAN_POINT('',(137.315647053418,-121.600454322937,18.8745787906645));
#2579=CARTESIAN_POINT('Origin',(130.682397472707,-121.600454322925,28.8745787906646));
#2580=CARTESIAN_POINT('',(136.982397472714,-121.600454322937,18.8745787906645));
#2581=CARTESIAN_POINT('',(124.884632388636,-121.600454322937,18.8745787906647));
#2582=CARTESIAN_POINT('',(136.982397472714,-121.600454322937,27.2495787906544));
#2583=CARTESIAN_POINT('Origin',(139.482397472732,-121.600454322937,28.8745787906647));
#2584=CARTESIAN_POINT('Origin',(136.982397472714,-121.600454322937,31.6745787906442));
#2585=CARTESIAN_POINT('',(142.351159189389,-109.100454322948,31.6745787906444));
#2586=CARTESIAN_POINT('',(136.982397472714,-112.600454322937,31.6745787906442));
#2587=CARTESIAN_POINT('Origin',(139.482397472732,-133.550454322812,28.8745787906647));
#2588=CARTESIAN_POINT('',(140.282397472732,-133.550454322812,28.8745787906647));
#2589=CARTESIAN_POINT('',(140.282397472732,-133.550454322812,28.8745787906647));
#2590=CARTESIAN_POINT('Origin',(139.482397472732,-133.550454322812,28.8745787906647));
#2591=CARTESIAN_POINT('Origin',(130.682397472732,-109.100454322925,28.8745787906646));
#2592=CARTESIAN_POINT('Origin',(130.682397472667,-142.050454322788,28.8745787906646));
#2593=CARTESIAN_POINT('',(137.315647053394,-133.550454322812,18.8745787906645));
#2594=CARTESIAN_POINT('Origin',(130.682397472683,-133.550454322823,28.8745787906646));
#2595=CARTESIAN_POINT('',(137.315647053443,-109.100454322938,18.8745787906647));
#2596=CARTESIAN_POINT('Origin',(112.786867304559,-108.610454322812,18.8745787906647));
#2597=CARTESIAN_POINT('',(136.982397472714,-133.550454322812,18.8745787906645));
#2598=CARTESIAN_POINT('',(117.92685635282,-133.550454322812,18.8745787906645));
#2599=CARTESIAN_POINT('',(136.982397472714,-133.550454322812,18.8745787906645));
#2600=CARTESIAN_POINT('Origin',(142.98239747268,-142.050454322812,38.8745787906647));
#2601=CARTESIAN_POINT('Origin',(89.7346323886454,-148.800454322812,28.8745787906647));
#2602=CARTESIAN_POINT('',(90.9234689014374,-148.800454322812,26.6375306091672));
#2603=CARTESIAN_POINT('Origin',(90.6823974727321,-148.800454322812,28.8745787906647));
#2604=CARTESIAN_POINT('',(90.9234689014374,-148.800454322812,26.6375306091672));
#2605=CARTESIAN_POINT('Origin',(98.3131847582556,-139.050454322812,33.8745787906646));
#2606=CARTESIAN_POINT('',(103.813184758256,-139.050454322812,33.8745787906646));
#2607=CARTESIAN_POINT('Origin',(103.813184758256,-108.610454322812,38.8745787906646));
#2608=CARTESIAN_POINT('',(103.81318475826,-114.110454322812,21.4179022572764));
#2609=CARTESIAN_POINT('',(103.813184758256,-114.110454322812,33.8745787906646));
#2610=CARTESIAN_POINT('Origin',(103.813184758261,-117.686956067664,17.574578790656));
#2611=CARTESIAN_POINT('Origin',(125.332397472706,-133.550454322812,30.6245787906464));
#2612=CARTESIAN_POINT('',(136.982397472714,-133.550454322812,35.1745787906442));
#2613=CARTESIAN_POINT('Origin',(108.747791115482,-118.600454322852,31.6745787906572));
#2614=CARTESIAN_POINT('',(110.747791115482,-118.600454322852,31.6745787906576));
#2615=CARTESIAN_POINT('Origin',(108.747791115482,-118.600454322852,31.6745787906572));
#2616=CARTESIAN_POINT('Origin',(108.747791115484,-118.600454322852,22.8245787906572));
#2617=CARTESIAN_POINT('',(110.747791115482,-118.600454322852,29.5462314644761));
#2618=CARTESIAN_POINT('',(110.747791115484,-118.600454322852,22.8245787906576));
#2619=CARTESIAN_POINT('',(110.382397472732,-119.752870071113,28.8745787906645));
#2620=CARTESIAN_POINT('Ctrl Pts',(110.382397472732,-119.752870071113,28.8745787906645));
#2621=CARTESIAN_POINT('Ctrl Pts',(110.382397472732,-119.752870071113,28.9167417049484));
#2622=CARTESIAN_POINT('Ctrl Pts',(110.385803479039,-119.7480859855,28.9594913656883));
#2623=CARTESIAN_POINT('Ctrl Pts',(110.399126557032,-119.728826012413,29.0427015371384));
#2624=CARTESIAN_POINT('Ctrl Pts',(110.409042763619,-119.714341168759,29.0831601130953));
#2625=CARTESIAN_POINT('Ctrl Pts',(110.445817611857,-119.658145682035,29.1967334443954));
#2626=CARTESIAN_POINT('Ctrl Pts',(110.479880431873,-119.602719800731,29.261808718899));
#2627=CARTESIAN_POINT('Ctrl Pts',(110.550783853398,-119.469922621361,29.3706600761351));
#2628=CARTESIAN_POINT('Ctrl Pts',(110.596664926485,-119.369204955138,29.4213572696569));
#2629=CARTESIAN_POINT('Ctrl Pts',(110.700583205349,-119.08079650095,29.5207722294213));
#2630=CARTESIAN_POINT('Ctrl Pts',(110.747791115482,-118.821284712452,29.5462314644761));
#2631=CARTESIAN_POINT('Ctrl Pts',(110.747791115482,-118.600454322852,29.5462314644761));
#2632=CARTESIAN_POINT('',(110.747791115483,-118.600454322852,28.202926116853));
#2633=CARTESIAN_POINT('Ctrl Pts',(110.747791115483,-118.600454322852,28.202926116853));
#2634=CARTESIAN_POINT('Ctrl Pts',(110.747791115483,-118.821284712452,28.202926116853));
#2635=CARTESIAN_POINT('Ctrl Pts',(110.700583205349,-119.08079650095,28.2283853519078));
#2636=CARTESIAN_POINT('Ctrl Pts',(110.596664926485,-119.369204955138,28.3278003116722));
#2637=CARTESIAN_POINT('Ctrl Pts',(110.550783853399,-119.469922621361,28.3784975051939));
#2638=CARTESIAN_POINT('Ctrl Pts',(110.479880431874,-119.602719800731,28.48734886243));
#2639=CARTESIAN_POINT('Ctrl Pts',(110.445817611857,-119.658145682035,28.5524241369336));
#2640=CARTESIAN_POINT('Ctrl Pts',(110.409042763619,-119.714341168759,28.6659974682337));
#2641=CARTESIAN_POINT('Ctrl Pts',(110.399126557032,-119.728826012413,28.7064560441905));
#2642=CARTESIAN_POINT('Ctrl Pts',(110.385803479039,-119.7480859855,28.7896662156407));
#2643=CARTESIAN_POINT('Ctrl Pts',(110.382397472732,-119.752870071113,28.8324158763806));
#2644=CARTESIAN_POINT('Ctrl Pts',(110.382397472732,-119.752870071113,28.8745787906645));
#2645=CARTESIAN_POINT('',(110.747791115484,-118.600454322852,22.8245787906576));
#2646=CARTESIAN_POINT('Ctrl Pts',(110.747791115482,-118.600454322852,29.5462314644761));
#2647=CARTESIAN_POINT('Ctrl Pts',(110.747791115482,-118.379623933252,29.5462314644761));
#2648=CARTESIAN_POINT('Ctrl Pts',(110.700583205349,-118.120112144754,29.5207722294213));
#2649=CARTESIAN_POINT('Ctrl Pts',(110.596664926485,-117.831703690567,29.4213572696569));
#2650=CARTESIAN_POINT('Ctrl Pts',(110.550783853398,-117.730986024344,29.3706600761351));
#2651=CARTESIAN_POINT('Ctrl Pts',(110.479880431873,-117.598188844974,29.261808718899));
#2652=CARTESIAN_POINT('Ctrl Pts',(110.445817611857,-117.54276296367,29.1967334443954));
#2653=CARTESIAN_POINT('Ctrl Pts',(110.409042763619,-117.486567476945,29.0831601130953));
#2654=CARTESIAN_POINT('Ctrl Pts',(110.399126557032,-117.472082633291,29.0427015371384));
#2655=CARTESIAN_POINT('Ctrl Pts',(110.385803479039,-117.452822660204,28.9594913656883));
#2656=CARTESIAN_POINT('Ctrl Pts',(110.382397472732,-117.448038574592,28.9167417049484));
#2657=CARTESIAN_POINT('Ctrl Pts',(110.382397472732,-117.448038574592,28.8324158763806));
#2658=CARTESIAN_POINT('Ctrl Pts',(110.385803479039,-117.452822660204,28.7896662156407));
#2659=CARTESIAN_POINT('Ctrl Pts',(110.399126557032,-117.472082633291,28.7064560441905));
#2660=CARTESIAN_POINT('Ctrl Pts',(110.409042763619,-117.486567476945,28.6659974682337));
#2661=CARTESIAN_POINT('Ctrl Pts',(110.445817611857,-117.54276296367,28.5524241369336));
#2662=CARTESIAN_POINT('Ctrl Pts',(110.479880431874,-117.598188844974,28.48734886243));
#2663=CARTESIAN_POINT('Ctrl Pts',(110.550783853399,-117.730986024344,28.3784975051939));
#2664=CARTESIAN_POINT('Ctrl Pts',(110.596664926485,-117.831703690567,28.3278003116722));
#2665=CARTESIAN_POINT('Ctrl Pts',(110.700583205349,-118.120112144754,28.2283853519078));
#2666=CARTESIAN_POINT('Ctrl Pts',(110.747791115483,-118.379623933252,28.202926116853));
#2667=CARTESIAN_POINT('Ctrl Pts',(110.747791115483,-118.600454322852,28.202926116853));
#2668=CARTESIAN_POINT('Origin',(136.982397472714,-133.550454322812,22.8245787906646));
#2669=CARTESIAN_POINT('Origin',(125.332397472706,-133.550454322812,30.6245787906464));
#2670=CARTESIAN_POINT('',(108.332397472732,-133.550454322812,30.9062037560557));
#2671=CARTESIAN_POINT('',(108.332397472732,-133.550454322812,35.3745787906647));
#2672=CARTESIAN_POINT('',(108.332397472732,-133.550454322812,26.8429538252735));
#2673=CARTESIAN_POINT('Origin',(111.182397472732,-133.550454322812,28.8745787906646));
#2674=CARTESIAN_POINT('',(108.332397472732,-133.550454322812,35.3745787906647));
#2675=CARTESIAN_POINT('',(113.682397472732,-133.550454322812,22.8245787906646));
#2676=CARTESIAN_POINT('',(111.982397472732,-133.550454322812,28.8745787906647));
#2677=CARTESIAN_POINT('Origin',(111.182397472732,-133.550454322812,28.8745787906647));
#2678=CARTESIAN_POINT('Origin',(108.332397472732,-133.550454322812,35.3745787906647));
#2679=CARTESIAN_POINT('',(108.332397472732,-142.550454322812,30.9062037560557));
#2680=CARTESIAN_POINT('',(108.332397472732,-142.550454322812,32.1245787906647));
#2681=CARTESIAN_POINT('',(108.332397472732,-108.610454322812,30.9062037560557));
#2682=CARTESIAN_POINT('Origin',(110.332397472732,-142.550454322812,32.1245787906647));
#2683=CARTESIAN_POINT('Ctrl Pts',(110.332397472732,-144.550454322812,34.3053480155154));
#2684=CARTESIAN_POINT('Ctrl Pts',(110.330254512571,-144.550454322812,34.3064189589733));
#2685=CARTESIAN_POINT('Ctrl Pts',(110.328111636519,-144.550450878603,34.3074900702679));
#2686=CARTESIAN_POINT('Ctrl Pts',(110.16319859503,-144.549920794262,34.3899376131313));
#2687=CARTESIAN_POINT('Ctrl Pts',(110.001102339443,-144.529529701028,34.4722072742217));
#2688=CARTESIAN_POINT('Ctrl Pts',(109.686496567359,-144.45017890007,34.6343403188875));
#2689=CARTESIAN_POINT('Ctrl Pts',(109.53414089777,-144.391530149653,34.7141091664071));
#2690=CARTESIAN_POINT('Ctrl Pts',(109.166523159922,-144.195093640684,34.9093896408164));
#2691=CARTESIAN_POINT('Ctrl Pts',(108.963420634861,-144.032037667552,35.0201250303659));
#2692=CARTESIAN_POINT('Ctrl Pts',(108.756503802696,-143.783422308294,35.134839473913));
#2693=CARTESIAN_POINT('Ctrl Pts',(108.71982047495,-143.735065356918,35.1552700019201));
#2694=CARTESIAN_POINT('Ctrl Pts',(108.685280438102,-143.684916959585,35.1745787906438));
#2695=CARTESIAN_POINT('Ctrl Pts',(108.832397472732,-143.873329978345,30.7393844105617));
#2696=CARTESIAN_POINT('Ctrl Pts',(108.678313698705,-143.698615400996,30.7930921278966));
#2697=CARTESIAN_POINT('Ctrl Pts',(108.55434881603,-143.496473596643,30.8341081180358));
#2698=CARTESIAN_POINT('Ctrl Pts',(108.378801372423,-143.044892421396,30.8915149330292));
#2699=CARTESIAN_POINT('Ctrl Pts',(108.332397472732,-142.799113517726,30.9062037560556));
#2700=CARTESIAN_POINT('Ctrl Pts',(108.332397472732,-142.550454322812,30.9062037560556));
#2701=CARTESIAN_POINT('Origin',(108.332397472732,-133.550454322812,35.3745787906647));
#2702=CARTESIAN_POINT('',(108.332397472732,-108.610454322812,26.8429538252735));
#2703=CARTESIAN_POINT('Ctrl Pts',(108.832397472732,-143.873329978345,27.0097731707675));
#2704=CARTESIAN_POINT('Ctrl Pts',(107.35261023869,-143.873329978345,28.8745787906646));
#2705=CARTESIAN_POINT('Ctrl Pts',(108.832397472732,-143.873329978345,30.7393844105617));
#2706=CARTESIAN_POINT('Ctrl Pts',(108.440730806065,-143.306383268831,26.6989722341178));
#2707=CARTESIAN_POINT('Ctrl Pts',(106.714312366349,-143.306383268831,28.8745787906646));
#2708=CARTESIAN_POINT('Ctrl Pts',(108.440730806065,-143.306383268831,31.0501853472113));
#2709=CARTESIAN_POINT('Ctrl Pts',(108.440730806065,-142.550454322812,26.6989722341178));
#2710=CARTESIAN_POINT('Ctrl Pts',(106.714312366349,-142.550454322812,28.8745787906646));
#2711=CARTESIAN_POINT('Ctrl Pts',(108.440730806065,-142.550454322812,31.0501853472113));
#2712=CARTESIAN_POINT('Origin',(111.182397472732,-142.550454322812,28.8745787906646));
#2713=CARTESIAN_POINT('Origin',(103.326432288712,-117.686956067664,17.5745787906559));
#2714=CARTESIAN_POINT('Origin',(113.68239747271,-117.686956067664,17.5745787906583));
#2715=CARTESIAN_POINT('Ctrl Pts',(103.813184758256,-114.110454322814,21.4179022572777));
#2716=CARTESIAN_POINT('Ctrl Pts',(103.813184758256,-113.686653378594,21.0235235822493));
#2717=CARTESIAN_POINT('Ctrl Pts',(103.763699539272,-113.322773400059,20.5514038265013));
#2718=CARTESIAN_POINT('Ctrl Pts',(103.671296528028,-112.853541030746,19.6656886756438));
#2719=CARTESIAN_POINT('Ctrl Pts',(103.631066204548,-112.702808312218,19.275058594893));
#2720=CARTESIAN_POINT('Ctrl Pts',(103.601842432951,-112.600454322851,18.8745787906647));
#2721=CARTESIAN_POINT('Origin',(104.179112233495,-142.550454322812,42.5028830575015));
#2722=CARTESIAN_POINT('Origin',(110.991600736479,-142.550454322812,34.8443910129331));
#2723=CARTESIAN_POINT('Origin',(115.145557140737,-142.550454322812,30.1745787906353));
#2724=CARTESIAN_POINT('Origin',(111.182397472732,-108.610454322812,28.8745787906646));
#2725=CARTESIAN_POINT('Origin',(111.182397472732,-133.550454322812,28.8745787906647));
#2726=CARTESIAN_POINT('',(111.982397472732,-112.600454322897,28.8745787906647));
#2727=CARTESIAN_POINT('Origin',(111.182397472732,-112.600454322897,28.8745787906647));
#2728=CARTESIAN_POINT('',(111.982397472732,-133.550454322812,28.8745787906647));
#2729=CARTESIAN_POINT('Origin',(116.891109625254,-112.600454322897,28.64957879065));
#2730=CARTESIAN_POINT('Origin',(98.3131847582556,-114.110454322812,33.8745787906646));
#2731=CARTESIAN_POINT('Origin',(76.6823974727321,-108.610454322812,28.8745787906647));
#2732=CARTESIAN_POINT('',(78.932397472732,-108.610454322812,28.8745787906647));
#2733=CARTESIAN_POINT('Origin',(113.682397472705,-133.550454322812,35.1745787906443));
#2734=CARTESIAN_POINT('Origin',(76.6823974727321,-144.550454322812,28.8745787906647));
#2735=CARTESIAN_POINT('',(80.1823974727321,-146.800454322812,28.8745787906647));
#2736=CARTESIAN_POINT('Origin',(76.6823974727321,-146.800454322812,28.8745787906647));
#2737=CARTESIAN_POINT('Origin',(76.6823974727321,-146.800454322812,28.8745787906647));
#2738=CARTESIAN_POINT('',(80.1823974727321,-144.550454322812,28.8745787906647));
#2739=CARTESIAN_POINT('Origin',(82.9323974727409,-146.800454322812,28.8745787906647));
#2740=CARTESIAN_POINT('Origin',(90.6823974727321,-144.550454322812,28.8745787906647));
#2741=CARTESIAN_POINT('',(90.9234689014374,-144.550454322812,26.6375306091672));
#2742=CARTESIAN_POINT('Origin',(90.9234689014374,-144.550454322812,26.6375306091672));
#2743=UNCERTAINTY_MEASURE_WITH_UNIT(LENGTH_MEASURE(0.01),#2747,
'DISTANCE_ACCURACY_VALUE',
'Maximum model space distance between geometric entities at asserted c
onnectivities');
#2744=UNCERTAINTY_MEASURE_WITH_UNIT(LENGTH_MEASURE(0.01),#2747,
'DISTANCE_ACCURACY_VALUE',
'Maximum model space distance between geometric entities at asserted c
onnectivities');
#2745=(
GEOMETRIC_REPRESENTATION_CONTEXT(3)
GLOBAL_UNCERTAINTY_ASSIGNED_CONTEXT((#2743))
GLOBAL_UNIT_ASSIGNED_CONTEXT((#2747,#2749,#2750))
REPRESENTATION_CONTEXT('','3D')
);
#2746=(
GEOMETRIC_REPRESENTATION_CONTEXT(3)
GLOBAL_UNCERTAINTY_ASSIGNED_CONTEXT((#2744))
GLOBAL_UNIT_ASSIGNED_CONTEXT((#2747,#2749,#2750))
REPRESENTATION_CONTEXT('','3D')
);
#2747=(
LENGTH_UNIT()
NAMED_UNIT(*)
SI_UNIT(.MILLI.,.METRE.)
);
#2748=(
LENGTH_UNIT()
NAMED_UNIT(*)
SI_UNIT(.CENTI.,.METRE.)
);
#2749=(
NAMED_UNIT(*)
PLANE_ANGLE_UNIT()
SI_UNIT($,.RADIAN.)
);
#2750=(
NAMED_UNIT(*)
SI_UNIT($,.STERADIAN.)
SOLID_ANGLE_UNIT()
);
#2751=SHAPE_DEFINITION_REPRESENTATION(#2752,#2753);
#2752=PRODUCT_DEFINITION_SHAPE('',$,#2755);
#2753=SHAPE_REPRESENTATION('',(#1507),#2745);
#2754=PRODUCT_DEFINITION_CONTEXT('part definition',#2759,'design');
#2755=PRODUCT_DEFINITION('body_d_L_Screws','body_d_L_Screws',#2756,#2754);
#2756=PRODUCT_DEFINITION_FORMATION('',$,#2761);
#2757=PRODUCT_RELATED_PRODUCT_CATEGORY('body_d_L_Screws',
'body_d_L_Screws',(#2761));
#2758=APPLICATION_PROTOCOL_DEFINITION('international standard',
'automotive_design',2009,#2759);
#2759=APPLICATION_CONTEXT(
'Core Data for Automotive Mechanical Design Process');
#2760=PRODUCT_CONTEXT('part definition',#2759,'mechanical');
#2761=PRODUCT('body_d_L_Screws','body_d_L_Screws',$,(#2760));
#2762=PRESENTATION_STYLE_ASSIGNMENT((#2768));
#2763=PRESENTATION_STYLE_ASSIGNMENT((#2769));
#2764=PRESENTATION_STYLE_ASSIGNMENT((#2770));
#2765=PRESENTATION_STYLE_ASSIGNMENT((#2771));
#2766=PRESENTATION_STYLE_ASSIGNMENT((#2772));
#2767=PRESENTATION_STYLE_ASSIGNMENT((#2773));
#2768=SURFACE_STYLE_USAGE(.BOTH.,#2786);
#2769=SURFACE_STYLE_USAGE(.BOTH.,#2787);
#2770=SURFACE_STYLE_USAGE(.BOTH.,#2788);
#2771=SURFACE_STYLE_USAGE(.BOTH.,#2789);
#2772=SURFACE_STYLE_USAGE(.BOTH.,#2790);
#2773=SURFACE_STYLE_USAGE(.BOTH.,#2791);
#2774=SURFACE_STYLE_RENDERING_WITH_PROPERTIES($,#2810,(#2780));
#2775=SURFACE_STYLE_RENDERING_WITH_PROPERTIES($,#2811,(#2781));
#2776=SURFACE_STYLE_RENDERING_WITH_PROPERTIES($,#2812,(#2782));
#2777=SURFACE_STYLE_RENDERING_WITH_PROPERTIES($,#2813,(#2783));
#2778=SURFACE_STYLE_RENDERING_WITH_PROPERTIES($,#2814,(#2784));
#2779=SURFACE_STYLE_RENDERING_WITH_PROPERTIES($,#2815,(#2785));
#2780=SURFACE_STYLE_TRANSPARENT(0.);
#2781=SURFACE_STYLE_TRANSPARENT(0.);
#2782=SURFACE_STYLE_TRANSPARENT(0.);
#2783=SURFACE_STYLE_TRANSPARENT(0.);
#2784=SURFACE_STYLE_TRANSPARENT(0.);
#2785=SURFACE_STYLE_TRANSPARENT(0.);
#2786=SURFACE_SIDE_STYLE('',(#2792,#2774));
#2787=SURFACE_SIDE_STYLE('',(#2793,#2775));
#2788=SURFACE_SIDE_STYLE('',(#2794,#2776));
#2789=SURFACE_SIDE_STYLE('',(#2795,#2777));
#2790=SURFACE_SIDE_STYLE('',(#2796,#2778));
#2791=SURFACE_SIDE_STYLE('',(#2797,#2779));
#2792=SURFACE_STYLE_FILL_AREA(#2798);
#2793=SURFACE_STYLE_FILL_AREA(#2799);
#2794=SURFACE_STYLE_FILL_AREA(#2800);
#2795=SURFACE_STYLE_FILL_AREA(#2801);
#2796=SURFACE_STYLE_FILL_AREA(#2802);
#2797=SURFACE_STYLE_FILL_AREA(#2803);
#2798=FILL_AREA_STYLE('',(#2804));
#2799=FILL_AREA_STYLE('',(#2805));
#2800=FILL_AREA_STYLE('',(#2806));
#2801=FILL_AREA_STYLE('',(#2807));
#2802=FILL_AREA_STYLE('',(#2808));
#2803=FILL_AREA_STYLE('',(#2809));
#2804=FILL_AREA_STYLE_COLOUR('',#2810);
#2805=FILL_AREA_STYLE_COLOUR('',#2811);
#2806=FILL_AREA_STYLE_COLOUR('',#2812);
#2807=FILL_AREA_STYLE_COLOUR('',#2813);
#2808=FILL_AREA_STYLE_COLOUR('',#2814);
#2809=FILL_AREA_STYLE_COLOUR('',#2815);
#2810=COLOUR_RGB('',0.749019607843137,0.749019607843137,0.749019607843137);
#2811=COLOUR_RGB('',0.419607843137255,0.419607843137255,0.419607843137255);
#2812=COLOUR_RGB('',0.701960784313725,0.552941176470588,0.00392156862745098);
#2813=COLOUR_RGB('',0.949019607843137,0.949019607843137,1.);
#2814=COLOUR_RGB('',0.996078431372549,0.835294117647059,0.);
#2815=COLOUR_RGB('',0.,0.,0.);
ENDSEC;
END-ISO-10303-21;
