ISO-10303-21;
HEADER;
/* Generated by software containing ST-Developer
 * from STEP Tools, Inc. (www.steptools.com) 
 */

FILE_DESCRIPTION(
/* description */ (''),
/* implementation_level */ '2;1');

FILE_NAME(
/* name */ 'placa central.stp',
/* time_stamp */ '2026-02-22T22:23:46-03:00',
/* author */ ('Gir'),
/* organization */ (''),
/* preprocessor_version */ 'ST-DEVELOPER v20.1',
/* originating_system */ 'Autodesk Inventor 2026',
/* authorisation */ '');

FILE_SCHEMA (('AUTOMOTIVE_DESIGN { 1 0 10303 214 3 1 1 }'));
ENDSEC;

DATA;
#10=MECHANICAL_DESIGN_GEOMETRIC_PRESENTATION_REPRESENTATION('',(#13),#9472);
#11=SHAPE_REPRESENTATION_RELATIONSHIP('SRR','None',#9479,#12);
#12=ADVANCED_BREP_SHAPE_REPRESENTATION('',(#14),#9471);
#13=STYLED_ITEM('',(#9491),#14);
#14=MANIFOLD_SOLID_BREP('Solid18',#5223);
#15=SPHERICAL_SURFACE('',#5528,2.);
#16=SPHERICAL_SURFACE('',#5537,2.);
#17=SPHERICAL_SURFACE('',#5543,2.);
#18=SPHERICAL_SURFACE('',#5549,1.99999999999999);
#19=ELLIPSE('',#5502,11.7236702633793,3.);
#20=ELLIPSE('',#5509,11.7236702633793,3.);
#21=ELLIPSE('',#5513,15.6315603511724,4.);
#22=ELLIPSE('',#5516,15.6315603511705,4.0000000000074);
#23=ELLIPSE('',#5561,7.81578017558621,2.);
#24=ELLIPSE('',#5568,7.81578017558527,2.0000000000037);
#25=B_SPLINE_SURFACE_WITH_KNOTS('',3,3,((#7907,#7908,#7909,#7910,#7911,
#7912,#7913,#7914,#7915,#7916),(#7917,#7918,#7919,#7920,#7921,#7922,#7923,
#7924,#7925,#7926),(#7927,#7928,#7929,#7930,#7931,#7932,#7933,#7934,#7935,
#7936),(#7937,#7938,#7939,#7940,#7941,#7942,#7943,#7944,#7945,#7946),(#7947,
#7948,#7949,#7950,#7951,#7952,#7953,#7954,#7955,#7956)),.UNSPECIFIED.,.F.,
 .F.,.F.,(4,1,4),(4,2,1,1,1,1,4),(0.,0.571428571428571,1.),(-0.00131163625335887,
0.,0.15281281689769,0.30562563379538,0.45843845069307,0.61125126759076,
0.76406408448845),.UNSPECIFIED.);
#26=B_SPLINE_SURFACE_WITH_KNOTS('',3,3,((#7999,#8000,#8001,#8002,#8003,
#8004,#8005,#8006,#8007,#8008,#8009,#8010),(#8011,#8012,#8013,#8014,#8015,
#8016,#8017,#8018,#8019,#8020,#8021,#8022),(#8023,#8024,#8025,#8026,#8027,
#8028,#8029,#8030,#8031,#8032,#8033,#8034),(#8035,#8036,#8037,#8038,#8039,
#8040,#8041,#8042,#8043,#8044,#8045,#8046),(#8047,#8048,#8049,#8050,#8051,
#8052,#8053,#8054,#8055,#8056,#8057,#8058)),.UNSPECIFIED.,.F.,.F.,.F.,(4,
1,4),(4,1,1,1,1,1,1,2,4),(0.,0.571428571428571,1.),(1.75901491506876,1.91182773197375,
1.98823414042625,2.06464054887874,2.14104695733124,2.21745336578373,2.37026618268873,
2.52307899959372,2.52439063584672),.UNSPECIFIED.);
#27=B_SPLINE_SURFACE_WITH_KNOTS('',3,3,((#8106,#8107,#8108,#8109,#8110,
#8111,#8112,#8113,#8114,#8115),(#8116,#8117,#8118,#8119,#8120,#8121,#8122,
#8123,#8124,#8125),(#8126,#8127,#8128,#8129,#8130,#8131,#8132,#8133,#8134,
#8135),(#8136,#8137,#8138,#8139,#8140,#8141,#8142,#8143,#8144,#8145),(#8146,
#8147,#8148,#8149,#8150,#8151,#8152,#8153,#8154,#8155)),.UNSPECIFIED.,.F.,
 .F.,.F.,(4,1,4),(4,2,1,1,1,1,4),(0.,0.571428571428571,1.),(-0.00131163625356207,
0.,0.15281281689765,0.3056256337953,0.45843845069295,0.6112512675906,0.76406408448825),
 .UNSPECIFIED.);
#28=B_SPLINE_SURFACE_WITH_KNOTS('',3,3,((#8198,#8199,#8200,#8201,#8202,
#8203,#8204,#8205,#8206,#8207,#8208,#8209),(#8210,#8211,#8212,#8213,#8214,
#8215,#8216,#8217,#8218,#8219,#8220,#8221),(#8222,#8223,#8224,#8225,#8226,
#8227,#8228,#8229,#8230,#8231,#8232,#8233),(#8234,#8235,#8236,#8237,#8238,
#8239,#8240,#8241,#8242,#8243,#8244,#8245),(#8246,#8247,#8248,#8249,#8250,
#8251,#8252,#8253,#8254,#8255,#8256,#8257)),.UNSPECIFIED.,.F.,.F.,.F.,(4,
1,4),(4,1,1,1,1,1,1,2,4),(0.,0.571428571428571,1.),(1.75901491506856,1.91182773197348,
2.06464054887839,2.2174533657833,2.29385977423576,2.37026618268821,2.44667259114067,
2.52307899959313,2.52439063584652),.UNSPECIFIED.);
#29=TOROIDAL_SURFACE('',#5408,7.49999999570814,3.);
#30=TOROIDAL_SURFACE('',#5416,7.49999999570814,3.);
#31=TOROIDAL_SURFACE('',#5424,7.49999999570814,3.);
#32=TOROIDAL_SURFACE('',#5432,7.49999999570814,3.);
#33=TOROIDAL_SURFACE('',#5533,4.,2.);
#34=TOROIDAL_SURFACE('',#5558,4.,2.);
#35=TOROIDAL_SURFACE('',#5731,12.5,8.5);
#36=TOROIDAL_SURFACE('',#5735,12.5,8.5);
#37=TOROIDAL_SURFACE('',#5737,12.5,8.5);
#38=TOROIDAL_SURFACE('',#5741,12.5,8.5);
#39=FACE_BOUND('',#579,.T.);
#40=FACE_BOUND('',#581,.T.);
#41=FACE_BOUND('',#584,.T.);
#42=FACE_BOUND('',#587,.T.);
#43=FACE_BOUND('',#588,.T.);
#44=FACE_BOUND('',#589,.T.);
#45=FACE_BOUND('',#590,.T.);
#46=FACE_BOUND('',#591,.T.);
#47=FACE_BOUND('',#592,.T.);
#48=FACE_BOUND('',#593,.T.);
#49=FACE_BOUND('',#594,.T.);
#50=FACE_BOUND('',#595,.T.);
#51=FACE_BOUND('',#596,.T.);
#52=FACE_BOUND('',#597,.T.);
#53=FACE_BOUND('',#598,.T.);
#54=FACE_BOUND('',#599,.T.);
#55=FACE_BOUND('',#600,.T.);
#56=FACE_BOUND('',#601,.T.);
#57=FACE_BOUND('',#602,.T.);
#58=FACE_BOUND('',#603,.T.);
#59=FACE_BOUND('',#604,.T.);
#60=FACE_BOUND('',#605,.T.);
#61=FACE_BOUND('',#606,.T.);
#62=FACE_BOUND('',#607,.T.);
#63=FACE_BOUND('',#608,.T.);
#64=FACE_BOUND('',#609,.T.);
#65=FACE_BOUND('',#610,.T.);
#66=FACE_BOUND('',#611,.T.);
#67=FACE_BOUND('',#612,.T.);
#68=FACE_BOUND('',#613,.T.);
#69=FACE_BOUND('',#614,.T.);
#70=FACE_BOUND('',#615,.T.);
#71=FACE_BOUND('',#616,.T.);
#72=FACE_BOUND('',#617,.T.);
#73=FACE_BOUND('',#618,.T.);
#74=FACE_BOUND('',#619,.T.);
#75=FACE_BOUND('',#620,.T.);
#76=FACE_BOUND('',#621,.T.);
#77=FACE_BOUND('',#622,.T.);
#78=FACE_BOUND('',#623,.T.);
#79=FACE_BOUND('',#624,.T.);
#80=FACE_BOUND('',#625,.T.);
#81=FACE_BOUND('',#626,.T.);
#82=FACE_BOUND('',#627,.T.);
#83=FACE_BOUND('',#628,.T.);
#84=FACE_BOUND('',#629,.T.);
#85=FACE_BOUND('',#630,.T.);
#86=FACE_BOUND('',#631,.T.);
#87=FACE_BOUND('',#632,.T.);
#88=FACE_BOUND('',#633,.T.);
#89=FACE_BOUND('',#634,.T.);
#90=FACE_BOUND('',#635,.T.);
#91=FACE_BOUND('',#636,.T.);
#92=FACE_BOUND('',#637,.T.);
#93=FACE_BOUND('',#638,.T.);
#94=FACE_BOUND('',#639,.T.);
#95=FACE_BOUND('',#640,.T.);
#96=FACE_BOUND('',#641,.T.);
#97=FACE_BOUND('',#642,.T.);
#98=FACE_BOUND('',#643,.T.);
#99=FACE_BOUND('',#644,.T.);
#100=FACE_BOUND('',#645,.T.);
#101=FACE_BOUND('',#646,.T.);
#102=FACE_BOUND('',#647,.T.);
#103=FACE_BOUND('',#648,.T.);
#104=FACE_BOUND('',#649,.T.);
#105=FACE_BOUND('',#650,.T.);
#106=FACE_BOUND('',#651,.T.);
#107=FACE_BOUND('',#652,.T.);
#108=FACE_BOUND('',#653,.T.);
#109=FACE_BOUND('',#654,.T.);
#110=FACE_BOUND('',#655,.T.);
#111=FACE_BOUND('',#656,.T.);
#112=FACE_BOUND('',#657,.T.);
#113=FACE_BOUND('',#658,.T.);
#114=FACE_BOUND('',#659,.T.);
#115=FACE_BOUND('',#660,.T.);
#116=FACE_BOUND('',#680,.T.);
#117=FACE_BOUND('',#681,.T.);
#118=FACE_BOUND('',#683,.T.);
#119=FACE_BOUND('',#684,.T.);
#120=FACE_BOUND('',#688,.T.);
#121=FACE_BOUND('',#690,.T.);
#122=FACE_BOUND('',#705,.T.);
#123=FACE_BOUND('',#706,.T.);
#124=FACE_BOUND('',#718,.T.);
#125=FACE_BOUND('',#821,.T.);
#126=FACE_BOUND('',#822,.T.);
#127=FACE_BOUND('',#823,.T.);
#128=FACE_BOUND('',#824,.T.);
#129=FACE_BOUND('',#825,.T.);
#130=FACE_BOUND('',#826,.T.);
#131=FACE_BOUND('',#827,.T.);
#132=FACE_BOUND('',#828,.T.);
#133=FACE_BOUND('',#829,.T.);
#134=FACE_BOUND('',#830,.T.);
#135=FACE_BOUND('',#831,.T.);
#136=FACE_BOUND('',#832,.T.);
#137=FACE_BOUND('',#833,.T.);
#138=FACE_BOUND('',#834,.T.);
#139=FACE_BOUND('',#835,.T.);
#140=FACE_BOUND('',#836,.T.);
#141=FACE_BOUND('',#837,.T.);
#142=FACE_BOUND('',#838,.T.);
#143=FACE_BOUND('',#839,.T.);
#144=FACE_BOUND('',#840,.T.);
#145=FACE_BOUND('',#841,.T.);
#146=FACE_BOUND('',#842,.T.);
#147=FACE_BOUND('',#843,.T.);
#148=FACE_BOUND('',#844,.T.);
#149=FACE_BOUND('',#845,.T.);
#150=FACE_BOUND('',#846,.T.);
#151=FACE_BOUND('',#847,.T.);
#152=FACE_BOUND('',#848,.T.);
#153=FACE_BOUND('',#849,.T.);
#154=FACE_BOUND('',#850,.T.);
#155=FACE_BOUND('',#851,.T.);
#156=FACE_BOUND('',#852,.T.);
#157=FACE_BOUND('',#853,.T.);
#158=FACE_BOUND('',#854,.T.);
#159=FACE_BOUND('',#855,.T.);
#160=FACE_BOUND('',#856,.T.);
#161=FACE_BOUND('',#857,.T.);
#162=FACE_BOUND('',#858,.T.);
#163=FACE_BOUND('',#859,.T.);
#164=FACE_BOUND('',#860,.T.);
#165=FACE_BOUND('',#888,.T.);
#166=FACE_BOUND('',#889,.T.);
#167=FACE_BOUND('',#895,.T.);
#168=FACE_BOUND('',#897,.T.);
#169=FACE_BOUND('',#899,.T.);
#170=FACE_BOUND('',#901,.T.);
#171=FACE_BOUND('',#903,.T.);
#172=FACE_BOUND('',#905,.T.);
#173=B_SPLINE_CURVE_WITH_KNOTS('',3,(#7426,#7427,#7428,#7429,#7430,#7431,
#7432,#7433),.UNSPECIFIED.,.F.,.F.,(4,2,2,4),(0.342154729505034,0.451268667511446,
0.59029505277408,0.660730961216594),.UNSPECIFIED.);
#174=B_SPLINE_CURVE_WITH_KNOTS('',3,(#7454,#7455,#7456,#7457,#7458,#7459,
#7460,#7461,#7462,#7463,#7464,#7465),.UNSPECIFIED.,.F.,.F.,(4,2,2,2,2,4),
(0.31269391534132,0.343328691428199,0.524548803341803,0.615158859298604,
0.705768915255406,0.732157823946804),.UNSPECIFIED.);
#175=B_SPLINE_CURVE_WITH_KNOTS('',3,(#7475,#7476,#7477,#7478,#7479,#7480,
#7481,#7482,#7483,#7484,#7485,#7486,#7487,#7488,#7489,#7490,#7491,#7492),
 .UNSPECIFIED.,.F.,.F.,(4,2,2,2,2,2,2,2,4),(0.312685367796095,0.343342476259578,
0.524598994411191,0.615227253486997,0.705855512562803,0.79648377163861,
0.887112030714416,1.06836854886603,1.09902565732951),.UNSPECIFIED.);
#176=B_SPLINE_CURVE_WITH_KNOTS('',3,(#7528,#7529,#7530,#7531,#7532,#7533,
#7534,#7535,#7536,#7537,#7538,#7539),.UNSPECIFIED.,.F.,.F.,(4,2,2,2,2,4),
(0.64055039179482,0.716874942611826,0.809849411673135,0.902823880734443,
1.08877281885706,1.12206030048296),.UNSPECIFIED.);
#177=B_SPLINE_CURVE_WITH_KNOTS('',3,(#7546,#7547,#7548,#7549,#7550,#7551,
#7552,#7553,#7554,#7555),.UNSPECIFIED.,.F.,.F.,(4,2,2,2,4),(0.,0.117562819132908,
0.235125638265816,0.311588864828486,0.388052091391156),.UNSPECIFIED.);
#178=B_SPLINE_CURVE_WITH_KNOTS('',3,(#7885,#7886,#7887,#7888,#7889,#7890,
#7891,#7892,#7893,#7894,#7895,#7896),.UNSPECIFIED.,.F.,.F.,(4,2,2,2,2,4),
(-0.000870571206960502,0.,0.147221276257911,0.290450952756583,0.390941063264489,
0.475739707193293),.UNSPECIFIED.);
#179=B_SPLINE_CURVE_WITH_KNOTS('',3,(#7897,#7898,#7899,#7900),
 .UNSPECIFIED.,.F.,.F.,(4,4),(1.2862480049145,1.33354404505615),
 .UNSPECIFIED.);
#180=B_SPLINE_CURVE_WITH_KNOTS('',3,(#7957,#7958,#7959,#7960,#7961,#7962,
#7963,#7964,#7965,#7966),.UNSPECIFIED.,.F.,.F.,(4,2,1,1,1,1,4),(-0.00131163625335887,
0.,0.15281281689769,0.30562563379538,0.45843845069307,0.61125126759076,
0.76406408448845),.UNSPECIFIED.);
#181=B_SPLINE_CURVE_WITH_KNOTS('',3,(#7975,#7976,#7977,#7978,#7979,#7980,
#7981,#7982,#7983,#7984,#7985,#7986),.UNSPECIFIED.,.F.,.F.,(4,2,2,2,2,4),
(-0.474651114968671,-0.473784122419365,-0.327168016756724,-0.184527102920054,
-0.0844500689929845,0.),.UNSPECIFIED.);
#182=B_SPLINE_CURVE_WITH_KNOTS('',3,(#7995,#7996,#7997,#7998),
 .UNSPECIFIED.,.F.,.F.,(4,4),(0.44442194035719,0.491717980537813),
 .UNSPECIFIED.);
#183=B_SPLINE_CURVE_WITH_KNOTS('',3,(#8059,#8060,#8061,#8062,#8063,#8064,
#8065,#8066,#8067,#8068,#8069,#8070),.UNSPECIFIED.,.F.,.F.,(4,1,1,1,1,1,
1,2,4),(1.75901491506876,1.91182773197375,1.98823414042625,2.06464054887874,
2.14104695733124,2.21745336578373,2.37026618268873,2.52307899959372,2.52439063584672),
 .UNSPECIFIED.);
#184=B_SPLINE_CURVE_WITH_KNOTS('',3,(#8084,#8085,#8086,#8087,#8088,#8089,
#8090,#8091,#8092,#8093,#8094,#8095),.UNSPECIFIED.,.F.,.F.,(4,2,2,2,2,4),
(-0.000870571206975041,0.,0.147221276230617,0.290450952693325,0.390941063175975,
0.475739707083472),.UNSPECIFIED.);
#185=B_SPLINE_CURVE_WITH_KNOTS('',3,(#8096,#8097,#8098,#8099),
 .UNSPECIFIED.,.F.,.F.,(4,4),(1.2862480049145,1.33354404505615),
 .UNSPECIFIED.);
#186=B_SPLINE_CURVE_WITH_KNOTS('',3,(#8156,#8157,#8158,#8159,#8160,#8161,
#8162,#8163,#8164,#8165),.UNSPECIFIED.,.F.,.F.,(4,2,1,1,1,1,4),(-0.00131163625356207,
0.,0.15281281689765,0.3056256337953,0.45843845069295,0.6112512675906,0.76406408448825),
 .UNSPECIFIED.);
#187=B_SPLINE_CURVE_WITH_KNOTS('',3,(#8174,#8175,#8176,#8177,#8178,#8179,
#8180,#8181,#8182,#8183,#8184,#8185),.UNSPECIFIED.,.F.,.F.,(4,2,2,2,2,4),
(-0.474651114963752,-0.473784122414264,-0.327168016756729,-0.184527102920059,
-0.0844500689929856,0.),.UNSPECIFIED.);
#188=B_SPLINE_CURVE_WITH_KNOTS('',3,(#8194,#8195,#8196,#8197),
 .UNSPECIFIED.,.F.,.F.,(4,4),(0.444421940357189,0.491717980537812),
 .UNSPECIFIED.);
#189=B_SPLINE_CURVE_WITH_KNOTS('',3,(#8258,#8259,#8260,#8261,#8262,#8263,
#8264,#8265,#8266,#8267,#8268,#8269),.UNSPECIFIED.,.F.,.F.,(4,1,1,1,1,1,
1,2,4),(1.75901491506856,1.91182773197348,2.06464054887839,2.2174533657833,
2.29385977423576,2.37026618268821,2.44667259114067,2.52307899959313,2.52439063584652),
 .UNSPECIFIED.);
#190=B_SPLINE_CURVE_WITH_KNOTS('',3,(#8287,#8288,#8289,#8290,#8291,#8292,
#8293,#8294,#8295,#8296,#8297,#8298,#8299,#8300,#8301,#8302,#8303,#8304),
 .UNSPECIFIED.,.F.,.F.,(4,2,2,2,2,2,2,2,4),(0.306062058090956,0.356268916675149,
0.406475775259342,0.456602467471063,0.506729159682784,0.556855851894504,
0.606982544106225,0.657189402690418,0.707396261274611),.UNSPECIFIED.);
#191=B_SPLINE_CURVE_WITH_KNOTS('',3,(#8322,#8323,#8324,#8325,#8326,#8327,
#8328,#8329,#8330,#8331,#8332,#8333,#8334,#8335,#8336,#8337,#8338,#8339),
 .UNSPECIFIED.,.F.,.F.,(4,2,2,2,2,2,2,2,4),(0.306062058090956,0.356268916675149,
0.406475775259342,0.456602467471062,0.506729159682783,0.556855851894503,
0.606982544106223,0.657189402690416,0.707396261274609),.UNSPECIFIED.);
#192=B_SPLINE_CURVE_WITH_KNOTS('',3,(#8534,#8535,#8536,#8537,#8538,#8539,
#8540,#8541),.UNSPECIFIED.,.F.,.F.,(4,2,2,4),(-0.20285033927549,-0.114348162914845,
0.,0.000713891480577365),.UNSPECIFIED.);
#193=B_SPLINE_CURVE_WITH_KNOTS('',3,(#8551,#8552,#8553,#8554,#8555,#8556,
#8557,#8558,#8559,#8560,#8561,#8562,#8563,#8564,#8565,#8566,#8567,#8568),
 .UNSPECIFIED.,.F.,.F.,(4,2,2,2,2,2,2,2,4),(-2.24291106826468,-2.23001601773402,
-2.11588048229217,-2.06123619780347,-2.04590551850634,-2.03394732152061,
-2.02344215044069,-2.00635687178788,-1.99444842768769),.UNSPECIFIED.);
#194=B_SPLINE_CURVE_WITH_KNOTS('',3,(#8572,#8573,#8574,#8575),
 .UNSPECIFIED.,.F.,.F.,(4,4),(0.79703000350749,0.797583746599315),
 .UNSPECIFIED.);
#195=B_SPLINE_CURVE_WITH_KNOTS('',3,(#8584,#8585,#8586,#8587,#8588,#8589,
#8590,#8591,#8592,#8593),.UNSPECIFIED.,.F.,.F.,(4,2,2,2,4),(1.01106448007702,
1.08752770663969,1.16399093320236,1.28155375233527,1.36924782375514),
 .UNSPECIFIED.);
#196=B_SPLINE_CURVE_WITH_KNOTS('',3,(#8625,#8626,#8627,#8628,#8629,#8630,
#8631,#8632,#8633,#8634,#8635,#8636,#8637,#8638,#8639,#8640,#8641,#8642),
 .UNSPECIFIED.,.F.,.F.,(4,2,2,2,2,2,2,2,4),(0.311681640727215,0.344990334564808,
0.530980845569851,0.623976101072372,0.716971356574893,0.809966612077414,
0.902961867579936,1.08895237858498,1.12226107242257),.UNSPECIFIED.);
#197=B_SPLINE_CURVE_WITH_KNOTS('',3,(#8730,#8731,#8732,#8733),
 .UNSPECIFIED.,.F.,.F.,(4,4),(0.939158241600864,1.0033487608137),
 .UNSPECIFIED.);
#198=B_SPLINE_CURVE_WITH_KNOTS('',3,(#8737,#8738,#8739,#8740),
 .UNSPECIFIED.,.F.,.F.,(4,4),(0.239411843400943,0.303602362623639),
 .UNSPECIFIED.);
#199=B_SPLINE_CURVE_WITH_KNOTS('',3,(#8744,#8745,#8746,#8747),
 .UNSPECIFIED.,.F.,.F.,(4,4),(0.939158241600864,1.0033487608137),
 .UNSPECIFIED.);
#200=B_SPLINE_CURVE_WITH_KNOTS('',3,(#8751,#8752,#8753,#8754),
 .UNSPECIFIED.,.F.,.F.,(4,4),(0.239411843400943,0.303602362623639),
 .UNSPECIFIED.);
#201=B_SPLINE_CURVE_WITH_KNOTS('',3,(#8758,#8759,#8760,#8761),
 .UNSPECIFIED.,.F.,.F.,(4,4),(0.939158241600864,1.00334876081369),
 .UNSPECIFIED.);
#202=B_SPLINE_CURVE_WITH_KNOTS('',3,(#8765,#8766,#8767,#8768),
 .UNSPECIFIED.,.F.,.F.,(4,4),(0.239411843400943,0.303602362623639),
 .UNSPECIFIED.);
#203=B_SPLINE_CURVE_WITH_KNOTS('',3,(#8772,#8773,#8774,#8775),
 .UNSPECIFIED.,.F.,.F.,(4,4),(0.939158241600864,1.0033487608137),
 .UNSPECIFIED.);
#204=B_SPLINE_CURVE_WITH_KNOTS('',3,(#8779,#8780,#8781,#8782),
 .UNSPECIFIED.,.F.,.F.,(4,4),(0.239411843400943,0.303602362623639),
 .UNSPECIFIED.);
#205=B_SPLINE_CURVE_WITH_KNOTS('',3,(#8786,#8787,#8788,#8789,#8790,#8791,
#8792,#8793),.UNSPECIFIED.,.F.,.F.,(4,2,2,4),(0.557037164798439,0.583937745868245,
0.72095880568882,0.822543909210042),.UNSPECIFIED.);
#206=B_SPLINE_CURVE_WITH_KNOTS('',3,(#8829,#8830,#8831,#8832,#8833,#8834,
#8835,#8836,#8837,#8838,#8839,#8840,#8841,#8842,#8843,#8844,#8845,#8846),
 .UNSPECIFIED.,.F.,.F.,(4,2,2,2,2,2,2,2,4),(2.56253385328608,2.71324378404644,
2.86395371480679,3.03030822993076,3.19666274505473,3.36423081762086,3.53179889018699,
3.69492028089867,3.85804167161035),.UNSPECIFIED.);
#207=B_SPLINE_CURVE_WITH_KNOTS('',3,(#8849,#8850,#8851,#8852,#8853,#8854,
#8855,#8856,#8857,#8858,#8859,#8860,#8861,#8862,#8863,#8864,#8865,#8866),
 .UNSPECIFIED.,.F.,.F.,(4,2,2,2,2,2,2,2,4),(1.26702603496181,1.43014742567349,
1.59326881638517,1.7608368889513,1.92840496151743,2.0947594766414,2.26111399176537,
2.41182392252572,2.56253385328608),.UNSPECIFIED.);
#208=B_SPLINE_CURVE_WITH_KNOTS('',3,(#8872,#8873,#8874,#8875,#8876,#8877,
#8878,#8879,#8880,#8881,#8882,#8883,#8884,#8885,#8886,#8887,#8888,#8889),
 .UNSPECIFIED.,.F.,.F.,(4,2,2,2,2,2,2,2,4),(2.56250899392306,2.71322277652731,
2.86393655913155,3.03028545571695,3.19663435230235,3.36419670969298,3.53175906708361,
3.69487753290819,3.85799599873277),.UNSPECIFIED.);
#209=B_SPLINE_CURVE_WITH_KNOTS('',3,(#8892,#8893,#8894,#8895,#8896,#8897,
#8898,#8899,#8900,#8901,#8902,#8903,#8904,#8905,#8906,#8907,#8908,#8909),
 .UNSPECIFIED.,.F.,.F.,(4,2,2,2,2,2,2,2,4),(1.26702198911335,1.43014045493793,
1.59325892076251,1.76082127815314,1.92838363554377,2.09473253212917,2.26108142871457,
2.41179521131881,2.56250899392306),.UNSPECIFIED.);
#210=B_SPLINE_CURVE_WITH_KNOTS('',3,(#9247,#9248,#9249,#9250,#9251,#9252,
#9253,#9254,#9255,#9256,#9257,#9258,#9259,#9260,#9261,#9262,#9263,#9264),
 .UNSPECIFIED.,.F.,.F.,(4,2,2,2,2,2,2,2,4),(2.51932623370998,2.67643946451282,
2.83355269531567,2.99120580892478,3.14885892253388,3.30658953716372,3.46432015179356,
3.62190661450724,3.77949307722093),.UNSPECIFIED.);
#211=B_SPLINE_CURVE_WITH_KNOTS('',3,(#9271,#9272,#9273,#9274,#9275,#9276,
#9277,#9278,#9279,#9280,#9281,#9282,#9283,#9284,#9285,#9286,#9287,#9288),
 .UNSPECIFIED.,.F.,.F.,(4,2,2,2,2,2,2,2,4),(1.25915939019902,1.41674585291271,
1.5743323156264,1.73206293025623,1.88979354488607,2.04744665849518,2.20509977210428,
2.36221300290713,2.51932623370998),.UNSPECIFIED.);
#212=B_SPLINE_CURVE_WITH_KNOTS('',3,(#9293,#9294,#9295,#9296,#9297,#9298,
#9299,#9300,#9301,#9302,#9303,#9304,#9305,#9306,#9307,#9308,#9309,#9310),
 .UNSPECIFIED.,.F.,.F.,(4,2,2,2,2,2,2,2,4),(2.51922957007625,2.67635649686164,
2.83348342364703,2.99111925539714,3.14875508714724,3.30646404253249,3.46417299791773,
3.62174609879915,3.77931919968056),.UNSPECIFIED.);
#213=B_SPLINE_CURVE_WITH_KNOTS('',3,(#9318,#9319,#9320,#9321,#9322,#9323,
#9324,#9325,#9326,#9327,#9328,#9329,#9330,#9331,#9332,#9333,#9334,#9335),
 .UNSPECIFIED.,.F.,.F.,(4,2,2,2,2,2,2,2,4),(1.25913994047194,1.41671304135336,
1.57428614223478,1.73199509762002,1.88970405300526,2.04733988475537,2.20497571650547,
2.36210264329086,2.51922957007625),.UNSPECIFIED.);
#214=PLANE('',#5254);
#215=PLANE('',#5258);
#216=PLANE('',#5294);
#217=PLANE('',#5296);
#218=PLANE('',#5302);
#219=PLANE('',#5304);
#220=PLANE('',#5305);
#221=PLANE('',#5452);
#222=PLANE('',#5453);
#223=PLANE('',#5454);
#224=PLANE('',#5464);
#225=PLANE('',#5473);
#226=PLANE('',#5474);
#227=PLANE('',#5475);
#228=PLANE('',#5476);
#229=PLANE('',#5477);
#230=PLANE('',#5478);
#231=PLANE('',#5479);
#232=PLANE('',#5480);
#233=PLANE('',#5481);
#234=PLANE('',#5482);
#235=PLANE('',#5483);
#236=PLANE('',#5484);
#237=PLANE('',#5485);
#238=PLANE('',#5486);
#239=PLANE('',#5487);
#240=PLANE('',#5488);
#241=PLANE('',#5489);
#242=PLANE('',#5490);
#243=PLANE('',#5506);
#244=PLANE('',#5518);
#245=PLANE('',#5523);
#246=PLANE('',#5524);
#247=PLANE('',#5526);
#248=PLANE('',#5562);
#249=PLANE('',#5563);
#250=PLANE('',#5564);
#251=PLANE('',#5565);
#252=PLANE('',#5566);
#253=PLANE('',#5572);
#254=PLANE('',#5575);
#255=PLANE('',#5582);
#256=PLANE('',#5590);
#257=PLANE('',#5593);
#258=PLANE('',#5596);
#259=PLANE('',#5599);
#260=PLANE('',#5602);
#261=PLANE('',#5605);
#262=PLANE('',#5608);
#263=PLANE('',#5611);
#264=PLANE('',#5614);
#265=PLANE('',#5617);
#266=PLANE('',#5620);
#267=PLANE('',#5705);
#268=PLANE('',#5708);
#269=PLANE('',#5720);
#270=PLANE('',#5722);
#271=PLANE('',#5724);
#272=PLANE('',#5726);
#273=PLANE('',#5729);
#274=PLANE('',#5744);
#275=PLANE('',#5745);
#276=PLANE('',#5749);
#277=PLANE('',#5750);
#278=PLANE('',#5751);
#279=PLANE('',#5754);
#280=PLANE('',#5757);
#281=PLANE('',#5759);
#282=PLANE('',#5761);
#283=PLANE('',#5763);
#284=PLANE('',#5766);
#285=PLANE('',#5774);
#286=PLANE('',#5776);
#287=PLANE('',#5777);
#288=PLANE('',#5779);
#289=PLANE('',#5781);
#290=PLANE('',#5782);
#291=PLANE('',#5783);
#292=PLANE('',#5785);
#293=PLANE('',#5786);
#294=PLANE('',#5787);
#295=PLANE('',#5789);
#296=PLANE('',#5791);
#297=PLANE('',#5793);
#298=PLANE('',#5795);
#299=PLANE('',#5796);
#300=PLANE('',#5797);
#301=PLANE('',#5799);
#302=PLANE('',#5801);
#303=PLANE('',#5802);
#304=PLANE('',#5804);
#305=PLANE('',#5806);
#306=PLANE('',#5807);
#307=PLANE('',#5808);
#308=PLANE('',#5810);
#309=FACE_OUTER_BOUND('',#562,.T.);
#310=FACE_OUTER_BOUND('',#563,.T.);
#311=FACE_OUTER_BOUND('',#564,.T.);
#312=FACE_OUTER_BOUND('',#565,.T.);
#313=FACE_OUTER_BOUND('',#566,.T.);
#314=FACE_OUTER_BOUND('',#567,.T.);
#315=FACE_OUTER_BOUND('',#568,.T.);
#316=FACE_OUTER_BOUND('',#569,.T.);
#317=FACE_OUTER_BOUND('',#570,.T.);
#318=FACE_OUTER_BOUND('',#571,.T.);
#319=FACE_OUTER_BOUND('',#572,.T.);
#320=FACE_OUTER_BOUND('',#573,.T.);
#321=FACE_OUTER_BOUND('',#574,.T.);
#322=FACE_OUTER_BOUND('',#575,.T.);
#323=FACE_OUTER_BOUND('',#576,.T.);
#324=FACE_OUTER_BOUND('',#577,.T.);
#325=FACE_OUTER_BOUND('',#578,.T.);
#326=FACE_OUTER_BOUND('',#580,.T.);
#327=FACE_OUTER_BOUND('',#582,.T.);
#328=FACE_OUTER_BOUND('',#583,.T.);
#329=FACE_OUTER_BOUND('',#585,.T.);
#330=FACE_OUTER_BOUND('',#586,.T.);
#331=FACE_OUTER_BOUND('',#661,.T.);
#332=FACE_OUTER_BOUND('',#662,.T.);
#333=FACE_OUTER_BOUND('',#663,.T.);
#334=FACE_OUTER_BOUND('',#664,.T.);
#335=FACE_OUTER_BOUND('',#665,.T.);
#336=FACE_OUTER_BOUND('',#666,.T.);
#337=FACE_OUTER_BOUND('',#667,.T.);
#338=FACE_OUTER_BOUND('',#668,.T.);
#339=FACE_OUTER_BOUND('',#669,.T.);
#340=FACE_OUTER_BOUND('',#670,.T.);
#341=FACE_OUTER_BOUND('',#671,.T.);
#342=FACE_OUTER_BOUND('',#672,.T.);
#343=FACE_OUTER_BOUND('',#673,.T.);
#344=FACE_OUTER_BOUND('',#674,.T.);
#345=FACE_OUTER_BOUND('',#675,.T.);
#346=FACE_OUTER_BOUND('',#676,.T.);
#347=FACE_OUTER_BOUND('',#677,.T.);
#348=FACE_OUTER_BOUND('',#678,.T.);
#349=FACE_OUTER_BOUND('',#679,.T.);
#350=FACE_OUTER_BOUND('',#682,.T.);
#351=FACE_OUTER_BOUND('',#685,.T.);
#352=FACE_OUTER_BOUND('',#686,.T.);
#353=FACE_OUTER_BOUND('',#687,.T.);
#354=FACE_OUTER_BOUND('',#689,.T.);
#355=FACE_OUTER_BOUND('',#691,.T.);
#356=FACE_OUTER_BOUND('',#692,.T.);
#357=FACE_OUTER_BOUND('',#693,.T.);
#358=FACE_OUTER_BOUND('',#694,.T.);
#359=FACE_OUTER_BOUND('',#695,.T.);
#360=FACE_OUTER_BOUND('',#696,.T.);
#361=FACE_OUTER_BOUND('',#697,.T.);
#362=FACE_OUTER_BOUND('',#698,.T.);
#363=FACE_OUTER_BOUND('',#699,.T.);
#364=FACE_OUTER_BOUND('',#700,.T.);
#365=FACE_OUTER_BOUND('',#701,.T.);
#366=FACE_OUTER_BOUND('',#702,.T.);
#367=FACE_OUTER_BOUND('',#703,.T.);
#368=FACE_OUTER_BOUND('',#704,.T.);
#369=FACE_OUTER_BOUND('',#707,.T.);
#370=FACE_OUTER_BOUND('',#708,.T.);
#371=FACE_OUTER_BOUND('',#709,.T.);
#372=FACE_OUTER_BOUND('',#710,.T.);
#373=FACE_OUTER_BOUND('',#711,.T.);
#374=FACE_OUTER_BOUND('',#712,.T.);
#375=FACE_OUTER_BOUND('',#713,.T.);
#376=FACE_OUTER_BOUND('',#714,.T.);
#377=FACE_OUTER_BOUND('',#715,.T.);
#378=FACE_OUTER_BOUND('',#716,.T.);
#379=FACE_OUTER_BOUND('',#717,.T.);
#380=FACE_OUTER_BOUND('',#719,.T.);
#381=FACE_OUTER_BOUND('',#720,.T.);
#382=FACE_OUTER_BOUND('',#721,.T.);
#383=FACE_OUTER_BOUND('',#722,.T.);
#384=FACE_OUTER_BOUND('',#723,.T.);
#385=FACE_OUTER_BOUND('',#724,.T.);
#386=FACE_OUTER_BOUND('',#725,.T.);
#387=FACE_OUTER_BOUND('',#726,.T.);
#388=FACE_OUTER_BOUND('',#727,.T.);
#389=FACE_OUTER_BOUND('',#728,.T.);
#390=FACE_OUTER_BOUND('',#729,.T.);
#391=FACE_OUTER_BOUND('',#730,.T.);
#392=FACE_OUTER_BOUND('',#731,.T.);
#393=FACE_OUTER_BOUND('',#732,.T.);
#394=FACE_OUTER_BOUND('',#733,.T.);
#395=FACE_OUTER_BOUND('',#734,.T.);
#396=FACE_OUTER_BOUND('',#735,.T.);
#397=FACE_OUTER_BOUND('',#736,.T.);
#398=FACE_OUTER_BOUND('',#737,.T.);
#399=FACE_OUTER_BOUND('',#738,.T.);
#400=FACE_OUTER_BOUND('',#739,.T.);
#401=FACE_OUTER_BOUND('',#740,.T.);
#402=FACE_OUTER_BOUND('',#741,.T.);
#403=FACE_OUTER_BOUND('',#742,.T.);
#404=FACE_OUTER_BOUND('',#743,.T.);
#405=FACE_OUTER_BOUND('',#744,.T.);
#406=FACE_OUTER_BOUND('',#745,.T.);
#407=FACE_OUTER_BOUND('',#746,.T.);
#408=FACE_OUTER_BOUND('',#747,.T.);
#409=FACE_OUTER_BOUND('',#748,.T.);
#410=FACE_OUTER_BOUND('',#749,.T.);
#411=FACE_OUTER_BOUND('',#750,.T.);
#412=FACE_OUTER_BOUND('',#751,.T.);
#413=FACE_OUTER_BOUND('',#752,.T.);
#414=FACE_OUTER_BOUND('',#753,.T.);
#415=FACE_OUTER_BOUND('',#754,.T.);
#416=FACE_OUTER_BOUND('',#755,.T.);
#417=FACE_OUTER_BOUND('',#756,.T.);
#418=FACE_OUTER_BOUND('',#757,.T.);
#419=FACE_OUTER_BOUND('',#758,.T.);
#420=FACE_OUTER_BOUND('',#759,.T.);
#421=FACE_OUTER_BOUND('',#760,.T.);
#422=FACE_OUTER_BOUND('',#761,.T.);
#423=FACE_OUTER_BOUND('',#762,.T.);
#424=FACE_OUTER_BOUND('',#763,.T.);
#425=FACE_OUTER_BOUND('',#764,.T.);
#426=FACE_OUTER_BOUND('',#765,.T.);
#427=FACE_OUTER_BOUND('',#766,.T.);
#428=FACE_OUTER_BOUND('',#767,.T.);
#429=FACE_OUTER_BOUND('',#768,.T.);
#430=FACE_OUTER_BOUND('',#769,.T.);
#431=FACE_OUTER_BOUND('',#770,.T.);
#432=FACE_OUTER_BOUND('',#771,.T.);
#433=FACE_OUTER_BOUND('',#772,.T.);
#434=FACE_OUTER_BOUND('',#773,.T.);
#435=FACE_OUTER_BOUND('',#774,.T.);
#436=FACE_OUTER_BOUND('',#775,.T.);
#437=FACE_OUTER_BOUND('',#776,.T.);
#438=FACE_OUTER_BOUND('',#777,.T.);
#439=FACE_OUTER_BOUND('',#778,.T.);
#440=FACE_OUTER_BOUND('',#779,.T.);
#441=FACE_OUTER_BOUND('',#780,.T.);
#442=FACE_OUTER_BOUND('',#781,.T.);
#443=FACE_OUTER_BOUND('',#782,.T.);
#444=FACE_OUTER_BOUND('',#783,.T.);
#445=FACE_OUTER_BOUND('',#784,.T.);
#446=FACE_OUTER_BOUND('',#785,.T.);
#447=FACE_OUTER_BOUND('',#786,.T.);
#448=FACE_OUTER_BOUND('',#787,.T.);
#449=FACE_OUTER_BOUND('',#788,.T.);
#450=FACE_OUTER_BOUND('',#789,.T.);
#451=FACE_OUTER_BOUND('',#790,.T.);
#452=FACE_OUTER_BOUND('',#791,.T.);
#453=FACE_OUTER_BOUND('',#792,.T.);
#454=FACE_OUTER_BOUND('',#793,.T.);
#455=FACE_OUTER_BOUND('',#794,.T.);
#456=FACE_OUTER_BOUND('',#795,.T.);
#457=FACE_OUTER_BOUND('',#796,.T.);
#458=FACE_OUTER_BOUND('',#797,.T.);
#459=FACE_OUTER_BOUND('',#798,.T.);
#460=FACE_OUTER_BOUND('',#799,.T.);
#461=FACE_OUTER_BOUND('',#800,.T.);
#462=FACE_OUTER_BOUND('',#801,.T.);
#463=FACE_OUTER_BOUND('',#802,.T.);
#464=FACE_OUTER_BOUND('',#803,.T.);
#465=FACE_OUTER_BOUND('',#804,.T.);
#466=FACE_OUTER_BOUND('',#805,.T.);
#467=FACE_OUTER_BOUND('',#806,.T.);
#468=FACE_OUTER_BOUND('',#807,.T.);
#469=FACE_OUTER_BOUND('',#808,.T.);
#470=FACE_OUTER_BOUND('',#809,.T.);
#471=FACE_OUTER_BOUND('',#810,.T.);
#472=FACE_OUTER_BOUND('',#811,.T.);
#473=FACE_OUTER_BOUND('',#812,.T.);
#474=FACE_OUTER_BOUND('',#813,.T.);
#475=FACE_OUTER_BOUND('',#814,.T.);
#476=FACE_OUTER_BOUND('',#815,.T.);
#477=FACE_OUTER_BOUND('',#816,.T.);
#478=FACE_OUTER_BOUND('',#817,.T.);
#479=FACE_OUTER_BOUND('',#818,.T.);
#480=FACE_OUTER_BOUND('',#819,.T.);
#481=FACE_OUTER_BOUND('',#820,.T.);
#482=FACE_OUTER_BOUND('',#861,.T.);
#483=FACE_OUTER_BOUND('',#862,.T.);
#484=FACE_OUTER_BOUND('',#863,.T.);
#485=FACE_OUTER_BOUND('',#864,.T.);
#486=FACE_OUTER_BOUND('',#865,.T.);
#487=FACE_OUTER_BOUND('',#866,.T.);
#488=FACE_OUTER_BOUND('',#867,.T.);
#489=FACE_OUTER_BOUND('',#868,.T.);
#490=FACE_OUTER_BOUND('',#869,.T.);
#491=FACE_OUTER_BOUND('',#870,.T.);
#492=FACE_OUTER_BOUND('',#871,.T.);
#493=FACE_OUTER_BOUND('',#872,.T.);
#494=FACE_OUTER_BOUND('',#873,.T.);
#495=FACE_OUTER_BOUND('',#874,.T.);
#496=FACE_OUTER_BOUND('',#875,.T.);
#497=FACE_OUTER_BOUND('',#876,.T.);
#498=FACE_OUTER_BOUND('',#877,.T.);
#499=FACE_OUTER_BOUND('',#878,.T.);
#500=FACE_OUTER_BOUND('',#879,.T.);
#501=FACE_OUTER_BOUND('',#880,.T.);
#502=FACE_OUTER_BOUND('',#881,.T.);
#503=FACE_OUTER_BOUND('',#882,.T.);
#504=FACE_OUTER_BOUND('',#883,.T.);
#505=FACE_OUTER_BOUND('',#884,.T.);
#506=FACE_OUTER_BOUND('',#885,.T.);
#507=FACE_OUTER_BOUND('',#886,.T.);
#508=FACE_OUTER_BOUND('',#887,.T.);
#509=FACE_OUTER_BOUND('',#890,.T.);
#510=FACE_OUTER_BOUND('',#891,.T.);
#511=FACE_OUTER_BOUND('',#892,.T.);
#512=FACE_OUTER_BOUND('',#893,.T.);
#513=FACE_OUTER_BOUND('',#894,.T.);
#514=FACE_OUTER_BOUND('',#896,.T.);
#515=FACE_OUTER_BOUND('',#898,.T.);
#516=FACE_OUTER_BOUND('',#900,.T.);
#517=FACE_OUTER_BOUND('',#902,.T.);
#518=FACE_OUTER_BOUND('',#904,.T.);
#519=FACE_OUTER_BOUND('',#906,.T.);
#520=FACE_OUTER_BOUND('',#907,.T.);
#521=FACE_OUTER_BOUND('',#908,.T.);
#522=FACE_OUTER_BOUND('',#909,.T.);
#523=FACE_OUTER_BOUND('',#910,.T.);
#524=FACE_OUTER_BOUND('',#911,.T.);
#525=FACE_OUTER_BOUND('',#912,.T.);
#526=FACE_OUTER_BOUND('',#913,.T.);
#527=FACE_OUTER_BOUND('',#914,.T.);
#528=FACE_OUTER_BOUND('',#915,.T.);
#529=FACE_OUTER_BOUND('',#916,.T.);
#530=FACE_OUTER_BOUND('',#917,.T.);
#531=FACE_OUTER_BOUND('',#918,.T.);
#532=FACE_OUTER_BOUND('',#919,.T.);
#533=FACE_OUTER_BOUND('',#920,.T.);
#534=FACE_OUTER_BOUND('',#921,.T.);
#535=FACE_OUTER_BOUND('',#922,.T.);
#536=FACE_OUTER_BOUND('',#923,.T.);
#537=FACE_OUTER_BOUND('',#924,.T.);
#538=FACE_OUTER_BOUND('',#925,.T.);
#539=FACE_OUTER_BOUND('',#926,.T.);
#540=FACE_OUTER_BOUND('',#927,.T.);
#541=FACE_OUTER_BOUND('',#928,.T.);
#542=FACE_OUTER_BOUND('',#929,.T.);
#543=FACE_OUTER_BOUND('',#930,.T.);
#544=FACE_OUTER_BOUND('',#931,.T.);
#545=FACE_OUTER_BOUND('',#932,.T.);
#546=FACE_OUTER_BOUND('',#933,.T.);
#547=FACE_OUTER_BOUND('',#934,.T.);
#548=FACE_OUTER_BOUND('',#935,.T.);
#549=FACE_OUTER_BOUND('',#936,.T.);
#550=FACE_OUTER_BOUND('',#937,.T.);
#551=FACE_OUTER_BOUND('',#938,.T.);
#552=FACE_OUTER_BOUND('',#939,.T.);
#553=FACE_OUTER_BOUND('',#940,.T.);
#554=FACE_OUTER_BOUND('',#941,.T.);
#555=FACE_OUTER_BOUND('',#942,.T.);
#556=FACE_OUTER_BOUND('',#943,.T.);
#557=FACE_OUTER_BOUND('',#944,.T.);
#558=FACE_OUTER_BOUND('',#945,.T.);
#559=FACE_OUTER_BOUND('',#946,.T.);
#560=FACE_OUTER_BOUND('',#947,.T.);
#561=FACE_OUTER_BOUND('',#948,.T.);
#562=EDGE_LOOP('',(#3312,#3313,#3314,#3315,#3316,#3317));
#563=EDGE_LOOP('',(#3318,#3319,#3320,#3321,#3322,#3323));
#564=EDGE_LOOP('',(#3324,#3325,#3326,#3327));
#565=EDGE_LOOP('',(#3328,#3329,#3330,#3331));
#566=EDGE_LOOP('',(#3332,#3333,#3334,#3335,#3336,#3337));
#567=EDGE_LOOP('',(#3338,#3339,#3340,#3341));
#568=EDGE_LOOP('',(#3342,#3343,#3344,#3345));
#569=EDGE_LOOP('',(#3346,#3347,#3348,#3349));
#570=EDGE_LOOP('',(#3350,#3351,#3352,#3353));
#571=EDGE_LOOP('',(#3354,#3355,#3356,#3357,#3358,#3359,#3360));
#572=EDGE_LOOP('',(#3361,#3362,#3363,#3364));
#573=EDGE_LOOP('',(#3365,#3366,#3367,#3368,#3369));
#574=EDGE_LOOP('',(#3370,#3371,#3372,#3373,#3374,#3375));
#575=EDGE_LOOP('',(#3376,#3377,#3378,#3379));
#576=EDGE_LOOP('',(#3380,#3381,#3382,#3383));
#577=EDGE_LOOP('',(#3384,#3385,#3386,#3387));
#578=EDGE_LOOP('',(#3388,#3389));
#579=EDGE_LOOP('',(#3390));
#580=EDGE_LOOP('',(#3391,#3392,#3393,#3394,#3395,#3396,#3397,#3398));
#581=EDGE_LOOP('',(#3399));
#582=EDGE_LOOP('',(#3400,#3401,#3402,#3403,#3404));
#583=EDGE_LOOP('',(#3405,#3406));
#584=EDGE_LOOP('',(#3407));
#585=EDGE_LOOP('',(#3408,#3409,#3410,#3411,#3412,#3413,#3414));
#586=EDGE_LOOP('',(#3415,#3416,#3417,#3418,#3419,#3420,#3421,#3422,#3423,
#3424,#3425,#3426,#3427,#3428,#3429,#3430,#3431,#3432,#3433,#3434,#3435,
#3436,#3437,#3438,#3439,#3440,#3441,#3442,#3443,#3444,#3445,#3446,#3447,
#3448,#3449,#3450,#3451,#3452,#3453,#3454,#3455,#3456,#3457,#3458,#3459,
#3460,#3461,#3462,#3463,#3464,#3465,#3466,#3467,#3468,#3469,#3470,#3471,
#3472,#3473,#3474,#3475,#3476,#3477,#3478,#3479,#3480,#3481,#3482,#3483,
#3484,#3485,#3486,#3487,#3488,#3489,#3490,#3491,#3492,#3493,#3494));
#587=EDGE_LOOP('',(#3495));
#588=EDGE_LOOP('',(#3496));
#589=EDGE_LOOP('',(#3497));
#590=EDGE_LOOP('',(#3498));
#591=EDGE_LOOP('',(#3499));
#592=EDGE_LOOP('',(#3500));
#593=EDGE_LOOP('',(#3501,#3502));
#594=EDGE_LOOP('',(#3503,#3504));
#595=EDGE_LOOP('',(#3505,#3506,#3507));
#596=EDGE_LOOP('',(#3508,#3509));
#597=EDGE_LOOP('',(#3510,#3511));
#598=EDGE_LOOP('',(#3512,#3513));
#599=EDGE_LOOP('',(#3514,#3515));
#600=EDGE_LOOP('',(#3516,#3517));
#601=EDGE_LOOP('',(#3518,#3519));
#602=EDGE_LOOP('',(#3520,#3521));
#603=EDGE_LOOP('',(#3522,#3523));
#604=EDGE_LOOP('',(#3524,#3525));
#605=EDGE_LOOP('',(#3526,#3527));
#606=EDGE_LOOP('',(#3528,#3529));
#607=EDGE_LOOP('',(#3530,#3531));
#608=EDGE_LOOP('',(#3532,#3533));
#609=EDGE_LOOP('',(#3534));
#610=EDGE_LOOP('',(#3535));
#611=EDGE_LOOP('',(#3536));
#612=EDGE_LOOP('',(#3537));
#613=EDGE_LOOP('',(#3538));
#614=EDGE_LOOP('',(#3539));
#615=EDGE_LOOP('',(#3540));
#616=EDGE_LOOP('',(#3541));
#617=EDGE_LOOP('',(#3542));
#618=EDGE_LOOP('',(#3543));
#619=EDGE_LOOP('',(#3544));
#620=EDGE_LOOP('',(#3545));
#621=EDGE_LOOP('',(#3546));
#622=EDGE_LOOP('',(#3547));
#623=EDGE_LOOP('',(#3548));
#624=EDGE_LOOP('',(#3549));
#625=EDGE_LOOP('',(#3550));
#626=EDGE_LOOP('',(#3551));
#627=EDGE_LOOP('',(#3552));
#628=EDGE_LOOP('',(#3553));
#629=EDGE_LOOP('',(#3554));
#630=EDGE_LOOP('',(#3555));
#631=EDGE_LOOP('',(#3556));
#632=EDGE_LOOP('',(#3557));
#633=EDGE_LOOP('',(#3558));
#634=EDGE_LOOP('',(#3559));
#635=EDGE_LOOP('',(#3560));
#636=EDGE_LOOP('',(#3561));
#637=EDGE_LOOP('',(#3562));
#638=EDGE_LOOP('',(#3563));
#639=EDGE_LOOP('',(#3564));
#640=EDGE_LOOP('',(#3565));
#641=EDGE_LOOP('',(#3566));
#642=EDGE_LOOP('',(#3567));
#643=EDGE_LOOP('',(#3568));
#644=EDGE_LOOP('',(#3569));
#645=EDGE_LOOP('',(#3570));
#646=EDGE_LOOP('',(#3571));
#647=EDGE_LOOP('',(#3572));
#648=EDGE_LOOP('',(#3573));
#649=EDGE_LOOP('',(#3574));
#650=EDGE_LOOP('',(#3575));
#651=EDGE_LOOP('',(#3576));
#652=EDGE_LOOP('',(#3577));
#653=EDGE_LOOP('',(#3578));
#654=EDGE_LOOP('',(#3579));
#655=EDGE_LOOP('',(#3580));
#656=EDGE_LOOP('',(#3581));
#657=EDGE_LOOP('',(#3582));
#658=EDGE_LOOP('',(#3583));
#659=EDGE_LOOP('',(#3584));
#660=EDGE_LOOP('',(#3585));
#661=EDGE_LOOP('',(#3586,#3587,#3588,#3589,#3590));
#662=EDGE_LOOP('',(#3591,#3592,#3593,#3594));
#663=EDGE_LOOP('',(#3595,#3596,#3597));
#664=EDGE_LOOP('',(#3598,#3599,#3600,#3601));
#665=EDGE_LOOP('',(#3602,#3603,#3604,#3605,#3606,#3607));
#666=EDGE_LOOP('',(#3608,#3609,#3610));
#667=EDGE_LOOP('',(#3611,#3612,#3613,#3614,#3615,#3616,#3617,#3618,#3619,
#3620,#3621));
#668=EDGE_LOOP('',(#3622,#3623,#3624,#3625,#3626));
#669=EDGE_LOOP('',(#3627,#3628,#3629,#3630));
#670=EDGE_LOOP('',(#3631,#3632,#3633));
#671=EDGE_LOOP('',(#3634,#3635,#3636,#3637));
#672=EDGE_LOOP('',(#3638,#3639,#3640,#3641,#3642,#3643));
#673=EDGE_LOOP('',(#3644,#3645,#3646));
#674=EDGE_LOOP('',(#3647,#3648,#3649,#3650,#3651,#3652,#3653,#3654,#3655,
#3656,#3657));
#675=EDGE_LOOP('',(#3658,#3659,#3660,#3661,#3662,#3663,#3664,#3665,#3666,
#3667));
#676=EDGE_LOOP('',(#3668,#3669,#3670,#3671,#3672,#3673,#3674,#3675,#3676,
#3677));
#677=EDGE_LOOP('',(#3678,#3679,#3680,#3681,#3682,#3683,#3684));
#678=EDGE_LOOP('',(#3685,#3686,#3687,#3688,#3689,#3690,#3691));
#679=EDGE_LOOP('',(#3692,#3693,#3694,#3695,#3696,#3697,#3698,#3699,#3700,
#3701,#3702,#3703,#3704,#3705,#3706,#3707,#3708,#3709,#3710,#3711,#3712,
#3713,#3714,#3715,#3716));
#680=EDGE_LOOP('',(#3717));
#681=EDGE_LOOP('',(#3718));
#682=EDGE_LOOP('',(#3719,#3720,#3721,#3722,#3723,#3724,#3725,#3726,#3727,
#3728,#3729,#3730,#3731,#3732,#3733,#3734,#3735,#3736,#3737,#3738,#3739,
#3740,#3741,#3742,#3743));
#683=EDGE_LOOP('',(#3744));
#684=EDGE_LOOP('',(#3745));
#685=EDGE_LOOP('',(#3746,#3747,#3748,#3749));
#686=EDGE_LOOP('',(#3750,#3751,#3752,#3753));
#687=EDGE_LOOP('',(#3754));
#688=EDGE_LOOP('',(#3755));
#689=EDGE_LOOP('',(#3756));
#690=EDGE_LOOP('',(#3757));
#691=EDGE_LOOP('',(#3758,#3759,#3760,#3761,#3762,#3763,#3764,#3765,#3766,
#3767));
#692=EDGE_LOOP('',(#3768,#3769,#3770,#3771));
#693=EDGE_LOOP('',(#3772,#3773,#3774,#3775));
#694=EDGE_LOOP('',(#3776,#3777,#3778,#3779));
#695=EDGE_LOOP('',(#3780,#3781,#3782,#3783));
#696=EDGE_LOOP('',(#3784,#3785,#3786,#3787));
#697=EDGE_LOOP('',(#3788,#3789,#3790,#3791));
#698=EDGE_LOOP('',(#3792,#3793,#3794,#3795));
#699=EDGE_LOOP('',(#3796,#3797,#3798,#3799));
#700=EDGE_LOOP('',(#3800,#3801,#3802,#3803));
#701=EDGE_LOOP('',(#3804,#3805,#3806,#3807));
#702=EDGE_LOOP('',(#3808,#3809,#3810,#3811));
#703=EDGE_LOOP('',(#3812,#3813,#3814,#3815));
#704=EDGE_LOOP('',(#3816,#3817,#3818,#3819,#3820,#3821,#3822,#3823,#3824,
#3825,#3826,#3827,#3828,#3829,#3830,#3831,#3832,#3833,#3834));
#705=EDGE_LOOP('',(#3835));
#706=EDGE_LOOP('',(#3836));
#707=EDGE_LOOP('',(#3837,#3838,#3839,#3840,#3841));
#708=EDGE_LOOP('',(#3842,#3843,#3844,#3845,#3846));
#709=EDGE_LOOP('',(#3847,#3848,#3849,#3850,#3851,#3852,#3853));
#710=EDGE_LOOP('',(#3854,#3855,#3856,#3857,#3858,#3859,#3860));
#711=EDGE_LOOP('',(#3861,#3862,#3863,#3864,#3865));
#712=EDGE_LOOP('',(#3866,#3867,#3868,#3869,#3870));
#713=EDGE_LOOP('',(#3871,#3872));
#714=EDGE_LOOP('',(#3873,#3874));
#715=EDGE_LOOP('',(#3875,#3876,#3877,#3878));
#716=EDGE_LOOP('',(#3879,#3880,#3881,#3882,#3883,#3884));
#717=EDGE_LOOP('',(#3885,#3886,#3887,#3888,#3889,#3890));
#718=EDGE_LOOP('',(#3891));
#719=EDGE_LOOP('',(#3892,#3893,#3894,#3895,#3896,#3897,#3898));
#720=EDGE_LOOP('',(#3899,#3900,#3901,#3902,#3903));
#721=EDGE_LOOP('',(#3904,#3905,#3906));
#722=EDGE_LOOP('',(#3907,#3908,#3909,#3910));
#723=EDGE_LOOP('',(#3911,#3912,#3913,#3914));
#724=EDGE_LOOP('',(#3915,#3916,#3917,#3918));
#725=EDGE_LOOP('',(#3919,#3920,#3921));
#726=EDGE_LOOP('',(#3922,#3923,#3924,#3925));
#727=EDGE_LOOP('',(#3926,#3927,#3928,#3929,#3930,#3931,#3932,#3933,#3934,
#3935,#3936,#3937,#3938,#3939,#3940,#3941,#3942,#3943));
#728=EDGE_LOOP('',(#3944,#3945,#3946));
#729=EDGE_LOOP('',(#3947,#3948,#3949,#3950));
#730=EDGE_LOOP('',(#3951,#3952,#3953));
#731=EDGE_LOOP('',(#3954,#3955,#3956,#3957));
#732=EDGE_LOOP('',(#3958,#3959,#3960,#3961,#3962,#3963,#3964,#3965,#3966,
#3967,#3968,#3969,#3970,#3971,#3972,#3973,#3974,#3975,#3976,#3977,#3978,
#3979,#3980,#3981));
#733=EDGE_LOOP('',(#3982,#3983,#3984,#3985,#3986,#3987,#3988,#3989,#3990,
#3991,#3992,#3993,#3994,#3995,#3996,#3997,#3998,#3999,#4000,#4001));
#734=EDGE_LOOP('',(#4002,#4003,#4004,#4005));
#735=EDGE_LOOP('',(#4006,#4007,#4008,#4009,#4010,#4011));
#736=EDGE_LOOP('',(#4012,#4013,#4014,#4015,#4016));
#737=EDGE_LOOP('',(#4017,#4018,#4019,#4020));
#738=EDGE_LOOP('',(#4021,#4022,#4023,#4024,#4025,#4026,#4027,#4028));
#739=EDGE_LOOP('',(#4029,#4030,#4031,#4032));
#740=EDGE_LOOP('',(#4033,#4034,#4035,#4036,#4037,#4038,#4039,#4040));
#741=EDGE_LOOP('',(#4041,#4042,#4043,#4044));
#742=EDGE_LOOP('',(#4045,#4046,#4047,#4048,#4049));
#743=EDGE_LOOP('',(#4050,#4051,#4052,#4053));
#744=EDGE_LOOP('',(#4054,#4055,#4056,#4057));
#745=EDGE_LOOP('',(#4058,#4059,#4060,#4061));
#746=EDGE_LOOP('',(#4062,#4063,#4064,#4065));
#747=EDGE_LOOP('',(#4066,#4067,#4068,#4069));
#748=EDGE_LOOP('',(#4070,#4071,#4072,#4073,#4074,#4075,#4076));
#749=EDGE_LOOP('',(#4077,#4078,#4079,#4080));
#750=EDGE_LOOP('',(#4081,#4082,#4083,#4084));
#751=EDGE_LOOP('',(#4085,#4086,#4087,#4088));
#752=EDGE_LOOP('',(#4089,#4090,#4091,#4092,#4093,#4094,#4095,#4096));
#753=EDGE_LOOP('',(#4097,#4098,#4099,#4100,#4101,#4102));
#754=EDGE_LOOP('',(#4103,#4104,#4105,#4106));
#755=EDGE_LOOP('',(#4107,#4108,#4109,#4110));
#756=EDGE_LOOP('',(#4111,#4112,#4113,#4114));
#757=EDGE_LOOP('',(#4115,#4116,#4117,#4118));
#758=EDGE_LOOP('',(#4119,#4120,#4121,#4122));
#759=EDGE_LOOP('',(#4123,#4124,#4125,#4126));
#760=EDGE_LOOP('',(#4127,#4128,#4129,#4130));
#761=EDGE_LOOP('',(#4131,#4132,#4133,#4134,#4135,#4136));
#762=EDGE_LOOP('',(#4137,#4138,#4139,#4140));
#763=EDGE_LOOP('',(#4141,#4142,#4143,#4144,#4145,#4146));
#764=EDGE_LOOP('',(#4147,#4148,#4149,#4150));
#765=EDGE_LOOP('',(#4151,#4152,#4153,#4154));
#766=EDGE_LOOP('',(#4155,#4156,#4157,#4158));
#767=EDGE_LOOP('',(#4159,#4160,#4161,#4162,#4163,#4164));
#768=EDGE_LOOP('',(#4165,#4166,#4167,#4168));
#769=EDGE_LOOP('',(#4169,#4170,#4171,#4172));
#770=EDGE_LOOP('',(#4173,#4174,#4175,#4176));
#771=EDGE_LOOP('',(#4177,#4178,#4179,#4180));
#772=EDGE_LOOP('',(#4181,#4182,#4183,#4184));
#773=EDGE_LOOP('',(#4185,#4186,#4187,#4188));
#774=EDGE_LOOP('',(#4189,#4190,#4191,#4192));
#775=EDGE_LOOP('',(#4193,#4194,#4195,#4196));
#776=EDGE_LOOP('',(#4197,#4198,#4199,#4200));
#777=EDGE_LOOP('',(#4201,#4202,#4203,#4204));
#778=EDGE_LOOP('',(#4205,#4206,#4207,#4208));
#779=EDGE_LOOP('',(#4209,#4210,#4211,#4212));
#780=EDGE_LOOP('',(#4213,#4214,#4215,#4216));
#781=EDGE_LOOP('',(#4217,#4218,#4219,#4220));
#782=EDGE_LOOP('',(#4221,#4222,#4223,#4224));
#783=EDGE_LOOP('',(#4225,#4226,#4227,#4228));
#784=EDGE_LOOP('',(#4229,#4230,#4231,#4232));
#785=EDGE_LOOP('',(#4233,#4234,#4235,#4236));
#786=EDGE_LOOP('',(#4237,#4238,#4239,#4240));
#787=EDGE_LOOP('',(#4241,#4242,#4243,#4244));
#788=EDGE_LOOP('',(#4245,#4246,#4247,#4248));
#789=EDGE_LOOP('',(#4249,#4250,#4251,#4252));
#790=EDGE_LOOP('',(#4253,#4254,#4255,#4256));
#791=EDGE_LOOP('',(#4257,#4258,#4259,#4260));
#792=EDGE_LOOP('',(#4261,#4262,#4263,#4264));
#793=EDGE_LOOP('',(#4265,#4266,#4267,#4268));
#794=EDGE_LOOP('',(#4269,#4270,#4271,#4272));
#795=EDGE_LOOP('',(#4273,#4274,#4275,#4276));
#796=EDGE_LOOP('',(#4277,#4278,#4279,#4280));
#797=EDGE_LOOP('',(#4281,#4282,#4283,#4284));
#798=EDGE_LOOP('',(#4285,#4286,#4287,#4288));
#799=EDGE_LOOP('',(#4289,#4290,#4291,#4292));
#800=EDGE_LOOP('',(#4293,#4294,#4295,#4296));
#801=EDGE_LOOP('',(#4297,#4298,#4299,#4300));
#802=EDGE_LOOP('',(#4301,#4302,#4303,#4304));
#803=EDGE_LOOP('',(#4305,#4306,#4307,#4308));
#804=EDGE_LOOP('',(#4309,#4310,#4311,#4312));
#805=EDGE_LOOP('',(#4313,#4314,#4315,#4316));
#806=EDGE_LOOP('',(#4317,#4318,#4319,#4320));
#807=EDGE_LOOP('',(#4321,#4322,#4323,#4324));
#808=EDGE_LOOP('',(#4325,#4326,#4327,#4328));
#809=EDGE_LOOP('',(#4329,#4330,#4331,#4332));
#810=EDGE_LOOP('',(#4333,#4334,#4335,#4336));
#811=EDGE_LOOP('',(#4337,#4338,#4339,#4340));
#812=EDGE_LOOP('',(#4341,#4342,#4343,#4344));
#813=EDGE_LOOP('',(#4345,#4346,#4347,#4348));
#814=EDGE_LOOP('',(#4349,#4350,#4351,#4352));
#815=EDGE_LOOP('',(#4353,#4354,#4355,#4356));
#816=EDGE_LOOP('',(#4357,#4358,#4359,#4360));
#817=EDGE_LOOP('',(#4361,#4362,#4363,#4364));
#818=EDGE_LOOP('',(#4365,#4366,#4367,#4368));
#819=EDGE_LOOP('',(#4369,#4370,#4371,#4372));
#820=EDGE_LOOP('',(#4373,#4374,#4375,#4376,#4377,#4378,#4379,#4380,#4381,
#4382,#4383,#4384,#4385,#4386,#4387,#4388,#4389,#4390,#4391,#4392,#4393,
#4394,#4395,#4396,#4397,#4398,#4399,#4400,#4401,#4402,#4403,#4404,#4405,
#4406,#4407,#4408,#4409,#4410,#4411,#4412,#4413,#4414,#4415,#4416,#4417,
#4418,#4419,#4420,#4421,#4422));
#821=EDGE_LOOP('',(#4423));
#822=EDGE_LOOP('',(#4424));
#823=EDGE_LOOP('',(#4425));
#824=EDGE_LOOP('',(#4426));
#825=EDGE_LOOP('',(#4427));
#826=EDGE_LOOP('',(#4428));
#827=EDGE_LOOP('',(#4429));
#828=EDGE_LOOP('',(#4430));
#829=EDGE_LOOP('',(#4431));
#830=EDGE_LOOP('',(#4432));
#831=EDGE_LOOP('',(#4433));
#832=EDGE_LOOP('',(#4434));
#833=EDGE_LOOP('',(#4435));
#834=EDGE_LOOP('',(#4436));
#835=EDGE_LOOP('',(#4437));
#836=EDGE_LOOP('',(#4438));
#837=EDGE_LOOP('',(#4439));
#838=EDGE_LOOP('',(#4440));
#839=EDGE_LOOP('',(#4441));
#840=EDGE_LOOP('',(#4442));
#841=EDGE_LOOP('',(#4443));
#842=EDGE_LOOP('',(#4444));
#843=EDGE_LOOP('',(#4445));
#844=EDGE_LOOP('',(#4446));
#845=EDGE_LOOP('',(#4447));
#846=EDGE_LOOP('',(#4448));
#847=EDGE_LOOP('',(#4449));
#848=EDGE_LOOP('',(#4450));
#849=EDGE_LOOP('',(#4451));
#850=EDGE_LOOP('',(#4452));
#851=EDGE_LOOP('',(#4453));
#852=EDGE_LOOP('',(#4454));
#853=EDGE_LOOP('',(#4455));
#854=EDGE_LOOP('',(#4456));
#855=EDGE_LOOP('',(#4457));
#856=EDGE_LOOP('',(#4458));
#857=EDGE_LOOP('',(#4459));
#858=EDGE_LOOP('',(#4460));
#859=EDGE_LOOP('',(#4461));
#860=EDGE_LOOP('',(#4462));
#861=EDGE_LOOP('',(#4463,#4464,#4465,#4466));
#862=EDGE_LOOP('',(#4467,#4468,#4469,#4470));
#863=EDGE_LOOP('',(#4471,#4472,#4473,#4474));
#864=EDGE_LOOP('',(#4475,#4476,#4477,#4478));
#865=EDGE_LOOP('',(#4479,#4480,#4481,#4482));
#866=EDGE_LOOP('',(#4483,#4484,#4485,#4486));
#867=EDGE_LOOP('',(#4487,#4488,#4489,#4490));
#868=EDGE_LOOP('',(#4491,#4492,#4493,#4494));
#869=EDGE_LOOP('',(#4495,#4496,#4497,#4498));
#870=EDGE_LOOP('',(#4499,#4500,#4501,#4502));
#871=EDGE_LOOP('',(#4503,#4504,#4505,#4506));
#872=EDGE_LOOP('',(#4507,#4508,#4509,#4510));
#873=EDGE_LOOP('',(#4511,#4512,#4513,#4514));
#874=EDGE_LOOP('',(#4515,#4516,#4517,#4518));
#875=EDGE_LOOP('',(#4519,#4520,#4521,#4522));
#876=EDGE_LOOP('',(#4523,#4524,#4525,#4526));
#877=EDGE_LOOP('',(#4527,#4528,#4529,#4530));
#878=EDGE_LOOP('',(#4531,#4532,#4533,#4534));
#879=EDGE_LOOP('',(#4535,#4536,#4537,#4538));
#880=EDGE_LOOP('',(#4539,#4540,#4541,#4542));
#881=EDGE_LOOP('',(#4543,#4544,#4545,#4546));
#882=EDGE_LOOP('',(#4547,#4548,#4549,#4550));
#883=EDGE_LOOP('',(#4551,#4552,#4553,#4554));
#884=EDGE_LOOP('',(#4555,#4556,#4557,#4558));
#885=EDGE_LOOP('',(#4559,#4560,#4561,#4562));
#886=EDGE_LOOP('',(#4563,#4564,#4565,#4566,#4567,#4568,#4569));
#887=EDGE_LOOP('',(#4570,#4571,#4572,#4573,#4574,#4575,#4576,#4577,#4578,
#4579,#4580,#4581,#4582,#4583,#4584,#4585,#4586,#4587,#4588));
#888=EDGE_LOOP('',(#4589));
#889=EDGE_LOOP('',(#4590));
#890=EDGE_LOOP('',(#4591,#4592,#4593,#4594,#4595,#4596,#4597,#4598));
#891=EDGE_LOOP('',(#4599,#4600,#4601,#4602,#4603,#4604));
#892=EDGE_LOOP('',(#4605,#4606,#4607,#4608));
#893=EDGE_LOOP('',(#4609,#4610,#4611,#4612,#4613));
#894=EDGE_LOOP('',(#4614,#4615,#4616,#4617));
#895=EDGE_LOOP('',(#4618));
#896=EDGE_LOOP('',(#4619,#4620,#4621,#4622));
#897=EDGE_LOOP('',(#4623));
#898=EDGE_LOOP('',(#4624,#4625,#4626,#4627,#4628,#4629));
#899=EDGE_LOOP('',(#4630));
#900=EDGE_LOOP('',(#4631,#4632,#4633,#4634));
#901=EDGE_LOOP('',(#4635));
#902=EDGE_LOOP('',(#4636,#4637,#4638,#4639,#4640,#4641,#4642));
#903=EDGE_LOOP('',(#4643));
#904=EDGE_LOOP('',(#4644,#4645,#4646,#4647,#4648,#4649));
#905=EDGE_LOOP('',(#4650));
#906=EDGE_LOOP('',(#4651,#4652,#4653,#4654));
#907=EDGE_LOOP('',(#4655,#4656,#4657,#4658));
#908=EDGE_LOOP('',(#4659,#4660,#4661,#4662));
#909=EDGE_LOOP('',(#4663,#4664,#4665,#4666));
#910=EDGE_LOOP('',(#4667,#4668,#4669,#4670));
#911=EDGE_LOOP('',(#4671,#4672,#4673,#4674));
#912=EDGE_LOOP('',(#4675,#4676,#4677,#4678));
#913=EDGE_LOOP('',(#4679,#4680,#4681,#4682));
#914=EDGE_LOOP('',(#4683,#4684,#4685,#4686));
#915=EDGE_LOOP('',(#4687,#4688,#4689,#4690));
#916=EDGE_LOOP('',(#4691,#4692,#4693,#4694));
#917=EDGE_LOOP('',(#4695,#4696,#4697,#4698));
#918=EDGE_LOOP('',(#4699,#4700,#4701,#4702));
#919=EDGE_LOOP('',(#4703,#4704,#4705,#4706,#4707));
#920=EDGE_LOOP('',(#4708,#4709,#4710,#4711,#4712));
#921=EDGE_LOOP('',(#4713,#4714,#4715,#4716));
#922=EDGE_LOOP('',(#4717,#4718,#4719,#4720));
#923=EDGE_LOOP('',(#4721,#4722,#4723,#4724));
#924=EDGE_LOOP('',(#4725,#4726,#4727,#4728));
#925=EDGE_LOOP('',(#4729,#4730,#4731,#4732));
#926=EDGE_LOOP('',(#4733,#4734,#4735,#4736));
#927=EDGE_LOOP('',(#4737,#4738,#4739,#4740));
#928=EDGE_LOOP('',(#4741,#4742,#4743,#4744,#4745));
#929=EDGE_LOOP('',(#4746,#4747,#4748,#4749));
#930=EDGE_LOOP('',(#4750,#4751,#4752,#4753,#4754,#4755));
#931=EDGE_LOOP('',(#4756,#4757,#4758,#4759));
#932=EDGE_LOOP('',(#4760,#4761,#4762,#4763));
#933=EDGE_LOOP('',(#4764,#4765,#4766,#4767));
#934=EDGE_LOOP('',(#4768,#4769,#4770,#4771));
#935=EDGE_LOOP('',(#4772,#4773,#4774,#4775));
#936=EDGE_LOOP('',(#4776,#4777,#4778,#4779));
#937=EDGE_LOOP('',(#4780,#4781,#4782,#4783));
#938=EDGE_LOOP('',(#4784,#4785,#4786,#4787));
#939=EDGE_LOOP('',(#4788,#4789,#4790,#4791,#4792));
#940=EDGE_LOOP('',(#4793,#4794,#4795,#4796,#4797));
#941=EDGE_LOOP('',(#4798,#4799,#4800,#4801));
#942=EDGE_LOOP('',(#4802,#4803,#4804,#4805));
#943=EDGE_LOOP('',(#4806,#4807,#4808,#4809));
#944=EDGE_LOOP('',(#4810,#4811,#4812,#4813));
#945=EDGE_LOOP('',(#4814,#4815,#4816,#4817));
#946=EDGE_LOOP('',(#4818,#4819,#4820,#4821));
#947=EDGE_LOOP('',(#4822,#4823,#4824,#4825));
#948=EDGE_LOOP('',(#4826,#4827,#4828,#4829));
#949=LINE('',#7351,#1351);
#950=LINE('',#7355,#1352);
#951=LINE('',#7358,#1353);
#952=LINE('',#7364,#1354);
#953=LINE('',#7368,#1355);
#954=LINE('',#7371,#1356);
#955=LINE('',#7374,#1357);
#956=LINE('',#7376,#1358);
#957=LINE('',#7377,#1359);
#958=LINE('',#7383,#1360);
#959=LINE('',#7386,#1361);
#960=LINE('',#7389,#1362);
#961=LINE('',#7391,#1363);
#962=LINE('',#7393,#1364);
#963=LINE('',#7395,#1365);
#964=LINE('',#7396,#1366);
#965=LINE('',#7401,#1367);
#966=LINE('',#7407,#1368);
#967=LINE('',#7413,#1369);
#968=LINE('',#7419,#1370);
#969=LINE('',#7424,#1371);
#970=LINE('',#7437,#1372);
#971=LINE('',#7441,#1373);
#972=LINE('',#7447,#1374);
#973=LINE('',#7452,#1375);
#974=LINE('',#7471,#1376);
#975=LINE('',#7496,#1377);
#976=LINE('',#7504,#1378);
#977=LINE('',#7511,#1379);
#978=LINE('',#7521,#1380);
#979=LINE('',#7525,#1381);
#980=LINE('',#7544,#1382);
#981=LINE('',#7557,#1383);
#982=LINE('',#7559,#1384);
#983=LINE('',#7561,#1385);
#984=LINE('',#7562,#1386);
#985=LINE('',#7567,#1387);
#986=LINE('',#7576,#1388);
#987=LINE('',#7580,#1389);
#988=LINE('',#7582,#1390);
#989=LINE('',#7584,#1391);
#990=LINE('',#7586,#1392);
#991=LINE('',#7588,#1393);
#992=LINE('',#7592,#1394);
#993=LINE('',#7596,#1395);
#994=LINE('',#7600,#1396);
#995=LINE('',#7602,#1397);
#996=LINE('',#7606,#1398);
#997=LINE('',#7608,#1399);
#998=LINE('',#7610,#1400);
#999=LINE('',#7612,#1401);
#1000=LINE('',#7614,#1402);
#1001=LINE('',#7616,#1403);
#1002=LINE('',#7620,#1404);
#1003=LINE('',#7630,#1405);
#1004=LINE('',#7632,#1406);
#1005=LINE('',#7634,#1407);
#1006=LINE('',#7636,#1408);
#1007=LINE('',#7638,#1409);
#1008=LINE('',#7640,#1410);
#1009=LINE('',#7642,#1411);
#1010=LINE('',#7650,#1412);
#1011=LINE('',#7654,#1413);
#1012=LINE('',#7656,#1414);
#1013=LINE('',#7658,#1415);
#1014=LINE('',#7660,#1416);
#1015=LINE('',#7662,#1417);
#1016=LINE('',#7666,#1418);
#1017=LINE('',#7670,#1419);
#1018=LINE('',#7674,#1420);
#1019=LINE('',#7678,#1421);
#1020=LINE('',#7682,#1422);
#1021=LINE('',#7684,#1423);
#1022=LINE('',#7686,#1424);
#1023=LINE('',#7688,#1425);
#1024=LINE('',#7690,#1426);
#1025=LINE('',#7694,#1427);
#1026=LINE('',#7702,#1428);
#1027=LINE('',#7712,#1429);
#1028=LINE('',#7716,#1430);
#1029=LINE('',#7723,#1431);
#1030=LINE('',#7731,#1432);
#1031=LINE('',#7735,#1433);
#1032=LINE('',#7739,#1434);
#1033=LINE('',#7743,#1435);
#1034=LINE('',#7747,#1436);
#1035=LINE('',#7751,#1437);
#1036=LINE('',#7755,#1438);
#1037=LINE('',#7759,#1439);
#1038=LINE('',#7763,#1440);
#1039=LINE('',#7767,#1441);
#1040=LINE('',#7771,#1442);
#1041=LINE('',#7903,#1443);
#1042=LINE('',#7906,#1444);
#1043=LINE('',#7970,#1445);
#1044=LINE('',#7974,#1446);
#1045=LINE('',#8073,#1447);
#1046=LINE('',#8102,#1448);
#1047=LINE('',#8105,#1449);
#1048=LINE('',#8169,#1450);
#1049=LINE('',#8173,#1451);
#1050=LINE('',#8272,#1452);
#1051=LINE('',#8279,#1453);
#1052=LINE('',#8283,#1454);
#1053=LINE('',#8308,#1455);
#1054=LINE('',#8314,#1456);
#1055=LINE('',#8318,#1457);
#1056=LINE('',#8343,#1458);
#1057=LINE('',#8346,#1459);
#1058=LINE('',#8347,#1460);
#1059=LINE('',#8349,#1461);
#1060=LINE('',#8350,#1462);
#1061=LINE('',#8353,#1463);
#1062=LINE('',#8357,#1464);
#1063=LINE('',#8361,#1465);
#1064=LINE('',#8365,#1466);
#1065=LINE('',#8369,#1467);
#1066=LINE('',#8371,#1468);
#1067=LINE('',#8373,#1469);
#1068=LINE('',#8375,#1470);
#1069=LINE('',#8377,#1471);
#1070=LINE('',#8381,#1472);
#1071=LINE('',#8385,#1473);
#1072=LINE('',#8387,#1474);
#1073=LINE('',#8389,#1475);
#1074=LINE('',#8392,#1476);
#1075=LINE('',#8399,#1477);
#1076=LINE('',#8403,#1478);
#1077=LINE('',#8405,#1479);
#1078=LINE('',#8407,#1480);
#1079=LINE('',#8411,#1481);
#1080=LINE('',#8415,#1482);
#1081=LINE('',#8417,#1483);
#1082=LINE('',#8419,#1484);
#1083=LINE('',#8421,#1485);
#1084=LINE('',#8423,#1486);
#1085=LINE('',#8425,#1487);
#1086=LINE('',#8429,#1488);
#1087=LINE('',#8431,#1489);
#1088=LINE('',#8435,#1490);
#1089=LINE('',#8438,#1491);
#1090=LINE('',#8445,#1492);
#1091=LINE('',#8446,#1493);
#1092=LINE('',#8449,#1494);
#1093=LINE('',#8450,#1495);
#1094=LINE('',#8454,#1496);
#1095=LINE('',#8455,#1497);
#1096=LINE('',#8457,#1498);
#1097=LINE('',#8461,#1499);
#1098=LINE('',#8463,#1500);
#1099=LINE('',#8464,#1501);
#1100=LINE('',#8467,#1502);
#1101=LINE('',#8468,#1503);
#1102=LINE('',#8471,#1504);
#1103=LINE('',#8472,#1505);
#1104=LINE('',#8475,#1506);
#1105=LINE('',#8477,#1507);
#1106=LINE('',#8478,#1508);
#1107=LINE('',#8481,#1509);
#1108=LINE('',#8482,#1510);
#1109=LINE('',#8484,#1511);
#1110=LINE('',#8485,#1512);
#1111=LINE('',#8487,#1513);
#1112=LINE('',#8489,#1514);
#1113=LINE('',#8491,#1515);
#1114=LINE('',#8492,#1516);
#1115=LINE('',#8494,#1517);
#1116=LINE('',#8497,#1518);
#1117=LINE('',#8501,#1519);
#1118=LINE('',#8505,#1520);
#1119=LINE('',#8507,#1521);
#1120=LINE('',#8511,#1522);
#1121=LINE('',#8515,#1523);
#1122=LINE('',#8519,#1524);
#1123=LINE('',#8523,#1525);
#1124=LINE('',#8526,#1526);
#1125=LINE('',#8543,#1527);
#1126=LINE('',#8548,#1528);
#1127=LINE('',#8569,#1529);
#1128=LINE('',#8571,#1530);
#1129=LINE('',#8578,#1531);
#1130=LINE('',#8580,#1532);
#1131=LINE('',#8594,#1533);
#1132=LINE('',#8595,#1534);
#1133=LINE('',#8600,#1535);
#1134=LINE('',#8605,#1536);
#1135=LINE('',#8606,#1537);
#1136=LINE('',#8619,#1538);
#1137=LINE('',#8620,#1539);
#1138=LINE('',#8648,#1540);
#1139=LINE('',#8650,#1541);
#1140=LINE('',#8656,#1542);
#1141=LINE('',#8657,#1543);
#1142=LINE('',#8665,#1544);
#1143=LINE('',#8666,#1545);
#1144=LINE('',#8672,#1546);
#1145=LINE('',#8680,#1547);
#1146=LINE('',#8682,#1548);
#1147=LINE('',#8683,#1549);
#1148=LINE('',#8685,#1550);
#1149=LINE('',#8687,#1551);
#1150=LINE('',#8689,#1552);
#1151=LINE('',#8691,#1553);
#1152=LINE('',#8693,#1554);
#1153=LINE('',#8695,#1555);
#1154=LINE('',#8697,#1556);
#1155=LINE('',#8699,#1557);
#1156=LINE('',#8701,#1558);
#1157=LINE('',#8703,#1559);
#1158=LINE('',#8704,#1560);
#1159=LINE('',#8715,#1561);
#1160=LINE('',#8716,#1562);
#1161=LINE('',#8724,#1563);
#1162=LINE('',#8726,#1564);
#1163=LINE('',#8728,#1565);
#1164=LINE('',#8735,#1566);
#1165=LINE('',#8742,#1567);
#1166=LINE('',#8749,#1568);
#1167=LINE('',#8756,#1569);
#1168=LINE('',#8763,#1570);
#1169=LINE('',#8770,#1571);
#1170=LINE('',#8777,#1572);
#1171=LINE('',#8783,#1573);
#1172=LINE('',#8795,#1574);
#1173=LINE('',#8797,#1575);
#1174=LINE('',#8799,#1576);
#1175=LINE('',#8801,#1577);
#1176=LINE('',#8803,#1578);
#1177=LINE('',#8805,#1579);
#1178=LINE('',#8807,#1580);
#1179=LINE('',#8809,#1581);
#1180=LINE('',#8811,#1582);
#1181=LINE('',#8813,#1583);
#1182=LINE('',#8814,#1584);
#1183=LINE('',#8815,#1585);
#1184=LINE('',#8816,#1586);
#1185=LINE('',#8820,#1587);
#1186=LINE('',#8824,#1588);
#1187=LINE('',#8848,#1589);
#1188=LINE('',#8870,#1590);
#1189=LINE('',#8891,#1591);
#1190=LINE('',#8912,#1592);
#1191=LINE('',#8913,#1593);
#1192=LINE('',#8919,#1594);
#1193=LINE('',#8921,#1595);
#1194=LINE('',#8924,#1596);
#1195=LINE('',#8926,#1597);
#1196=LINE('',#8931,#1598);
#1197=LINE('',#8935,#1599);
#1198=LINE('',#8937,#1600);
#1199=LINE('',#8941,#1601);
#1200=LINE('',#8944,#1602);
#1201=LINE('',#8949,#1603);
#1202=LINE('',#8951,#1604);
#1203=LINE('',#8954,#1605);
#1204=LINE('',#8956,#1606);
#1205=LINE('',#8959,#1607);
#1206=LINE('',#8961,#1608);
#1207=LINE('',#8964,#1609);
#1208=LINE('',#8966,#1610);
#1209=LINE('',#8969,#1611);
#1210=LINE('',#8971,#1612);
#1211=LINE('',#8974,#1613);
#1212=LINE('',#8976,#1614);
#1213=LINE('',#8979,#1615);
#1214=LINE('',#8981,#1616);
#1215=LINE('',#8984,#1617);
#1216=LINE('',#8986,#1618);
#1217=LINE('',#8989,#1619);
#1218=LINE('',#8991,#1620);
#1219=LINE('',#8994,#1621);
#1220=LINE('',#8996,#1622);
#1221=LINE('',#8999,#1623);
#1222=LINE('',#9001,#1624);
#1223=LINE('',#9006,#1625);
#1224=LINE('',#9010,#1626);
#1225=LINE('',#9014,#1627);
#1226=LINE('',#9018,#1628);
#1227=LINE('',#9022,#1629);
#1228=LINE('',#9026,#1630);
#1229=LINE('',#9030,#1631);
#1230=LINE('',#9034,#1632);
#1231=LINE('',#9038,#1633);
#1232=LINE('',#9042,#1634);
#1233=LINE('',#9046,#1635);
#1234=LINE('',#9050,#1636);
#1235=LINE('',#9054,#1637);
#1236=LINE('',#9058,#1638);
#1237=LINE('',#9062,#1639);
#1238=LINE('',#9066,#1640);
#1239=LINE('',#9070,#1641);
#1240=LINE('',#9074,#1642);
#1241=LINE('',#9078,#1643);
#1242=LINE('',#9082,#1644);
#1243=LINE('',#9086,#1645);
#1244=LINE('',#9090,#1646);
#1245=LINE('',#9094,#1647);
#1246=LINE('',#9098,#1648);
#1247=LINE('',#9102,#1649);
#1248=LINE('',#9106,#1650);
#1249=LINE('',#9110,#1651);
#1250=LINE('',#9114,#1652);
#1251=LINE('',#9118,#1653);
#1252=LINE('',#9122,#1654);
#1253=LINE('',#9126,#1655);
#1254=LINE('',#9130,#1656);
#1255=LINE('',#9134,#1657);
#1256=LINE('',#9138,#1658);
#1257=LINE('',#9142,#1659);
#1258=LINE('',#9146,#1660);
#1259=LINE('',#9150,#1661);
#1260=LINE('',#9154,#1662);
#1261=LINE('',#9158,#1663);
#1262=LINE('',#9162,#1664);
#1263=LINE('',#9164,#1665);
#1264=LINE('',#9169,#1666);
#1265=LINE('',#9172,#1667);
#1266=LINE('',#9173,#1668);
#1267=LINE('',#9178,#1669);
#1268=LINE('',#9180,#1670);
#1269=LINE('',#9184,#1671);
#1270=LINE('',#9186,#1672);
#1271=LINE('',#9188,#1673);
#1272=LINE('',#9190,#1674);
#1273=LINE('',#9194,#1675);
#1274=LINE('',#9196,#1676);
#1275=LINE('',#9198,#1677);
#1276=LINE('',#9199,#1678);
#1277=LINE('',#9202,#1679);
#1278=LINE('',#9204,#1680);
#1279=LINE('',#9205,#1681);
#1280=LINE('',#9207,#1682);
#1281=LINE('',#9210,#1683);
#1282=LINE('',#9212,#1684);
#1283=LINE('',#9213,#1685);
#1284=LINE('',#9215,#1686);
#1285=LINE('',#9216,#1687);
#1286=LINE('',#9219,#1688);
#1287=LINE('',#9221,#1689);
#1288=LINE('',#9222,#1690);
#1289=LINE('',#9224,#1691);
#1290=LINE('',#9225,#1692);
#1291=LINE('',#9228,#1693);
#1292=LINE('',#9230,#1694);
#1293=LINE('',#9231,#1695);
#1294=LINE('',#9234,#1696);
#1295=LINE('',#9238,#1697);
#1296=LINE('',#9240,#1698);
#1297=LINE('',#9241,#1699);
#1298=LINE('',#9243,#1700);
#1299=LINE('',#9266,#1701);
#1300=LINE('',#9269,#1702);
#1301=LINE('',#9312,#1703);
#1302=LINE('',#9315,#1704);
#1303=LINE('',#9339,#1705);
#1304=LINE('',#9340,#1706);
#1305=LINE('',#9341,#1707);
#1306=LINE('',#9344,#1708);
#1307=LINE('',#9348,#1709);
#1308=LINE('',#9351,#1710);
#1309=LINE('',#9353,#1711);
#1310=LINE('',#9357,#1712);
#1311=LINE('',#9358,#1713);
#1312=LINE('',#9360,#1714);
#1313=LINE('',#9361,#1715);
#1314=LINE('',#9364,#1716);
#1315=LINE('',#9366,#1717);
#1316=LINE('',#9367,#1718);
#1317=LINE('',#9369,#1719);
#1318=LINE('',#9372,#1720);
#1319=LINE('',#9395,#1721);
#1320=LINE('',#9397,#1722);
#1321=LINE('',#9399,#1723);
#1322=LINE('',#9401,#1724);
#1323=LINE('',#9403,#1725);
#1324=LINE('',#9405,#1726);
#1325=LINE('',#9407,#1727);
#1326=LINE('',#9409,#1728);
#1327=LINE('',#9412,#1729);
#1328=LINE('',#9414,#1730);
#1329=LINE('',#9416,#1731);
#1330=LINE('',#9418,#1732);
#1331=LINE('',#9421,#1733);
#1332=LINE('',#9423,#1734);
#1333=LINE('',#9425,#1735);
#1334=LINE('',#9428,#1736);
#1335=LINE('',#9430,#1737);
#1336=LINE('',#9432,#1738);
#1337=LINE('',#9438,#1739);
#1338=LINE('',#9440,#1740);
#1339=LINE('',#9443,#1741);
#1340=LINE('',#9445,#1742);
#1341=LINE('',#9447,#1743);
#1342=LINE('',#9449,#1744);
#1343=LINE('',#9451,#1745);
#1344=LINE('',#9454,#1746);
#1345=LINE('',#9456,#1747);
#1346=LINE('',#9458,#1748);
#1347=LINE('',#9460,#1749);
#1348=LINE('',#9463,#1750);
#1349=LINE('',#9465,#1751);
#1350=LINE('',#9467,#1752);
#1351=VECTOR('',#5817,7.25);
#1352=VECTOR('',#5820,10.);
#1353=VECTOR('',#5823,7.25);
#1354=VECTOR('',#5828,10.);
#1355=VECTOR('',#5831,7.25);
#1356=VECTOR('',#5834,7.25);
#1357=VECTOR('',#5837,10.);
#1358=VECTOR('',#5838,10.);
#1359=VECTOR('',#5839,10.);
#1360=VECTOR('',#5844,7.25);
#1361=VECTOR('',#5847,7.25);
#1362=VECTOR('',#5850,10.);
#1363=VECTOR('',#5851,10.);
#1364=VECTOR('',#5852,10.);
#1365=VECTOR('',#5853,10.);
#1366=VECTOR('',#5854,10.);
#1367=VECTOR('',#5859,2.25);
#1368=VECTOR('',#5866,2.25);
#1369=VECTOR('',#5873,2.25);
#1370=VECTOR('',#5880,2.7);
#1371=VECTOR('',#5885,10.);
#1372=VECTOR('',#5888,10.);
#1373=VECTOR('',#5891,10.);
#1374=VECTOR('',#5898,10.);
#1375=VECTOR('',#5903,10.);
#1376=VECTOR('',#5910,10.);
#1377=VECTOR('',#5915,10.);
#1378=VECTOR('',#5926,10.);
#1379=VECTOR('',#5935,10.);
#1380=VECTOR('',#5948,10.);
#1381=VECTOR('',#5953,10.);
#1382=VECTOR('',#5962,10.);
#1383=VECTOR('',#5963,10.);
#1384=VECTOR('',#5964,10.);
#1385=VECTOR('',#5965,10.);
#1386=VECTOR('',#5966,10.);
#1387=VECTOR('',#5971,10.);
#1388=VECTOR('',#5980,10.);
#1389=VECTOR('',#5983,10.);
#1390=VECTOR('',#5984,10.);
#1391=VECTOR('',#5985,10.);
#1392=VECTOR('',#5986,10.);
#1393=VECTOR('',#5987,10.);
#1394=VECTOR('',#5990,10.);
#1395=VECTOR('',#5993,10.);
#1396=VECTOR('',#5996,10.);
#1397=VECTOR('',#5997,10.);
#1398=VECTOR('',#6000,10.);
#1399=VECTOR('',#6001,10.);
#1400=VECTOR('',#6002,10.);
#1401=VECTOR('',#6003,10.);
#1402=VECTOR('',#6004,10.);
#1403=VECTOR('',#6005,10.);
#1404=VECTOR('',#6008,10.);
#1405=VECTOR('',#6017,10.);
#1406=VECTOR('',#6018,10.);
#1407=VECTOR('',#6019,10.);
#1408=VECTOR('',#6020,10.);
#1409=VECTOR('',#6021,10.);
#1410=VECTOR('',#6022,10.);
#1411=VECTOR('',#6023,10.);
#1412=VECTOR('',#6030,10.);
#1413=VECTOR('',#6033,10.);
#1414=VECTOR('',#6034,10.);
#1415=VECTOR('',#6035,10.);
#1416=VECTOR('',#6036,10.);
#1417=VECTOR('',#6037,10.);
#1418=VECTOR('',#6040,10.);
#1419=VECTOR('',#6043,10.);
#1420=VECTOR('',#6046,10.);
#1421=VECTOR('',#6049,10.);
#1422=VECTOR('',#6052,10.);
#1423=VECTOR('',#6053,10.);
#1424=VECTOR('',#6054,10.);
#1425=VECTOR('',#6055,10.);
#1426=VECTOR('',#6056,10.);
#1427=VECTOR('',#6059,10.);
#1428=VECTOR('',#6066,10.);
#1429=VECTOR('',#6075,10.);
#1430=VECTOR('',#6078,10.);
#1431=VECTOR('',#6085,10.);
#1432=VECTOR('',#6092,10.);
#1433=VECTOR('',#6095,10.);
#1434=VECTOR('',#6098,10.);
#1435=VECTOR('',#6101,10.);
#1436=VECTOR('',#6104,10.);
#1437=VECTOR('',#6107,10.);
#1438=VECTOR('',#6110,10.);
#1439=VECTOR('',#6113,10.);
#1440=VECTOR('',#6116,10.);
#1441=VECTOR('',#6119,10.);
#1442=VECTOR('',#6122,10.);
#1443=VECTOR('',#6239,10.);
#1444=VECTOR('',#6242,10.);
#1445=VECTOR('',#6245,10.);
#1446=VECTOR('',#6248,10.);
#1447=VECTOR('',#6261,4.49999999570813);
#1448=VECTOR('',#6276,10.);
#1449=VECTOR('',#6279,10.);
#1450=VECTOR('',#6282,10.);
#1451=VECTOR('',#6285,10.);
#1452=VECTOR('',#6298,4.49999999570814);
#1453=VECTOR('',#6307,2.);
#1454=VECTOR('',#6310,10.);
#1455=VECTOR('',#6315,10.);
#1456=VECTOR('',#6322,2.);
#1457=VECTOR('',#6325,10.);
#1458=VECTOR('',#6330,10.);
#1459=VECTOR('',#6335,10.);
#1460=VECTOR('',#6336,10.);
#1461=VECTOR('',#6339,10.);
#1462=VECTOR('',#6340,10.);
#1463=VECTOR('',#6343,10.);
#1464=VECTOR('',#6346,10.);
#1465=VECTOR('',#6349,10.);
#1466=VECTOR('',#6352,10.);
#1467=VECTOR('',#6355,10.);
#1468=VECTOR('',#6356,10.);
#1469=VECTOR('',#6357,10.);
#1470=VECTOR('',#6358,10.);
#1471=VECTOR('',#6359,10.);
#1472=VECTOR('',#6362,10.);
#1473=VECTOR('',#6365,10.);
#1474=VECTOR('',#6366,10.);
#1475=VECTOR('',#6367,10.);
#1476=VECTOR('',#6370,10.);
#1477=VECTOR('',#6377,10.);
#1478=VECTOR('',#6380,10.);
#1479=VECTOR('',#6381,10.);
#1480=VECTOR('',#6382,10.);
#1481=VECTOR('',#6385,10.);
#1482=VECTOR('',#6388,10.);
#1483=VECTOR('',#6389,10.);
#1484=VECTOR('',#6390,10.);
#1485=VECTOR('',#6391,10.);
#1486=VECTOR('',#6392,10.);
#1487=VECTOR('',#6393,10.);
#1488=VECTOR('',#6396,10.);
#1489=VECTOR('',#6397,10.);
#1490=VECTOR('',#6400,10.);
#1491=VECTOR('',#6403,10.);
#1492=VECTOR('',#6410,10.);
#1493=VECTOR('',#6411,10.);
#1494=VECTOR('',#6414,10.);
#1495=VECTOR('',#6415,10.);
#1496=VECTOR('',#6422,10.);
#1497=VECTOR('',#6423,10.);
#1498=VECTOR('',#6426,3.);
#1499=VECTOR('',#6431,10.);
#1500=VECTOR('',#6432,10.);
#1501=VECTOR('',#6433,10.);
#1502=VECTOR('',#6436,10.);
#1503=VECTOR('',#6437,10.);
#1504=VECTOR('',#6440,10.);
#1505=VECTOR('',#6441,10.);
#1506=VECTOR('',#6444,10.);
#1507=VECTOR('',#6445,10.);
#1508=VECTOR('',#6446,10.);
#1509=VECTOR('',#6449,10.);
#1510=VECTOR('',#6450,10.);
#1511=VECTOR('',#6453,10.);
#1512=VECTOR('',#6454,10.);
#1513=VECTOR('',#6457,10.);
#1514=VECTOR('',#6460,10.);
#1515=VECTOR('',#6463,10.);
#1516=VECTOR('',#6464,10.);
#1517=VECTOR('',#6467,10.);
#1518=VECTOR('',#6470,10.);
#1519=VECTOR('',#6473,10.);
#1520=VECTOR('',#6476,10.);
#1521=VECTOR('',#6477,10.);
#1522=VECTOR('',#6480,10.);
#1523=VECTOR('',#6483,10.);
#1524=VECTOR('',#6486,10.);
#1525=VECTOR('',#6489,10.);
#1526=VECTOR('',#6492,10.);
#1527=VECTOR('',#6499,3.);
#1528=VECTOR('',#6504,3.);
#1529=VECTOR('',#6507,10.);
#1530=VECTOR('',#6508,10.);
#1531=VECTOR('',#6511,10.);
#1532=VECTOR('',#6512,10.);
#1533=VECTOR('',#6517,10.);
#1534=VECTOR('',#6518,10.);
#1535=VECTOR('',#6523,10.);
#1536=VECTOR('',#6530,10.);
#1537=VECTOR('',#6531,10.);
#1538=VECTOR('',#6546,10.);
#1539=VECTOR('',#6547,10.);
#1540=VECTOR('',#6560,10.);
#1541=VECTOR('',#6561,10.);
#1542=VECTOR('',#6568,10.);
#1543=VECTOR('',#6569,10.);
#1544=VECTOR('',#6580,10.);
#1545=VECTOR('',#6581,10.);
#1546=VECTOR('',#6590,10.);
#1547=VECTOR('',#6601,10.);
#1548=VECTOR('',#6604,10.);
#1549=VECTOR('',#6605,10.);
#1550=VECTOR('',#6606,10.);
#1551=VECTOR('',#6607,10.);
#1552=VECTOR('',#6608,10.);
#1553=VECTOR('',#6609,10.);
#1554=VECTOR('',#6610,10.);
#1555=VECTOR('',#6611,10.);
#1556=VECTOR('',#6612,10.);
#1557=VECTOR('',#6613,10.);
#1558=VECTOR('',#6614,10.);
#1559=VECTOR('',#6615,10.);
#1560=VECTOR('',#6616,10.);
#1561=VECTOR('',#6629,10.);
#1562=VECTOR('',#6630,10.);
#1563=VECTOR('',#6641,10.);
#1564=VECTOR('',#6644,10.);
#1565=VECTOR('',#6645,10.);
#1566=VECTOR('',#6646,10.);
#1567=VECTOR('',#6647,10.);
#1568=VECTOR('',#6648,10.);
#1569=VECTOR('',#6649,10.);
#1570=VECTOR('',#6650,10.);
#1571=VECTOR('',#6651,10.);
#1572=VECTOR('',#6652,10.);
#1573=VECTOR('',#6653,10.);
#1574=VECTOR('',#6656,10.);
#1575=VECTOR('',#6657,10.);
#1576=VECTOR('',#6658,10.);
#1577=VECTOR('',#6659,10.);
#1578=VECTOR('',#6660,10.);
#1579=VECTOR('',#6661,10.);
#1580=VECTOR('',#6662,10.);
#1581=VECTOR('',#6663,10.);
#1582=VECTOR('',#6664,10.);
#1583=VECTOR('',#6665,10.);
#1584=VECTOR('',#6666,10.);
#1585=VECTOR('',#6667,10.);
#1586=VECTOR('',#6668,10.);
#1587=VECTOR('',#6673,10.);
#1588=VECTOR('',#6680,10.);
#1589=VECTOR('',#6687,10.);
#1590=VECTOR('',#6692,10.);
#1591=VECTOR('',#6693,10.);
#1592=VECTOR('',#6696,10.);
#1593=VECTOR('',#6697,10.);
#1594=VECTOR('',#6706,10.);
#1595=VECTOR('',#6709,10.);
#1596=VECTOR('',#6714,10.);
#1597=VECTOR('',#6717,10.);
#1598=VECTOR('',#6724,10.);
#1599=VECTOR('',#6731,10.);
#1600=VECTOR('',#6734,10.);
#1601=VECTOR('',#6739,10.);
#1602=VECTOR('',#6742,10.);
#1603=VECTOR('',#6751,10.);
#1604=VECTOR('',#6754,10.);
#1605=VECTOR('',#6759,10.);
#1606=VECTOR('',#6762,10.);
#1607=VECTOR('',#6767,10.);
#1608=VECTOR('',#6770,10.);
#1609=VECTOR('',#6775,10.);
#1610=VECTOR('',#6778,10.);
#1611=VECTOR('',#6783,10.);
#1612=VECTOR('',#6786,10.);
#1613=VECTOR('',#6791,10.);
#1614=VECTOR('',#6794,10.);
#1615=VECTOR('',#6799,10.);
#1616=VECTOR('',#6802,10.);
#1617=VECTOR('',#6807,10.);
#1618=VECTOR('',#6810,10.);
#1619=VECTOR('',#6815,10.);
#1620=VECTOR('',#6818,10.);
#1621=VECTOR('',#6823,10.);
#1622=VECTOR('',#6826,10.);
#1623=VECTOR('',#6831,10.);
#1624=VECTOR('',#6834,10.);
#1625=VECTOR('',#6841,4.);
#1626=VECTOR('',#6846,4.);
#1627=VECTOR('',#6851,4.);
#1628=VECTOR('',#6856,4.);
#1629=VECTOR('',#6861,4.);
#1630=VECTOR('',#6866,4.);
#1631=VECTOR('',#6871,4.);
#1632=VECTOR('',#6876,4.);
#1633=VECTOR('',#6881,4.);
#1634=VECTOR('',#6886,4.);
#1635=VECTOR('',#6891,4.);
#1636=VECTOR('',#6896,4.);
#1637=VECTOR('',#6901,4.);
#1638=VECTOR('',#6906,4.);
#1639=VECTOR('',#6911,4.);
#1640=VECTOR('',#6916,4.);
#1641=VECTOR('',#6921,4.);
#1642=VECTOR('',#6926,4.);
#1643=VECTOR('',#6931,4.);
#1644=VECTOR('',#6936,4.);
#1645=VECTOR('',#6941,4.);
#1646=VECTOR('',#6946,4.);
#1647=VECTOR('',#6951,4.);
#1648=VECTOR('',#6956,4.);
#1649=VECTOR('',#6961,4.);
#1650=VECTOR('',#6966,4.);
#1651=VECTOR('',#6971,4.);
#1652=VECTOR('',#6976,4.);
#1653=VECTOR('',#6981,4.);
#1654=VECTOR('',#6986,4.);
#1655=VECTOR('',#6991,4.);
#1656=VECTOR('',#6996,4.);
#1657=VECTOR('',#7001,4.);
#1658=VECTOR('',#7006,4.);
#1659=VECTOR('',#7011,4.);
#1660=VECTOR('',#7016,4.);
#1661=VECTOR('',#7021,4.);
#1662=VECTOR('',#7026,4.);
#1663=VECTOR('',#7031,4.);
#1664=VECTOR('',#7036,4.);
#1665=VECTOR('',#7039,10.);
#1666=VECTOR('',#7046,10.);
#1667=VECTOR('',#7049,10.);
#1668=VECTOR('',#7050,10.);
#1669=VECTOR('',#7059,0.800000000000001);
#1670=VECTOR('',#7062,0.799999999999998);
#1671=VECTOR('',#7067,0.800000000000005);
#1672=VECTOR('',#7070,0.800000000000001);
#1673=VECTOR('',#7073,0.8);
#1674=VECTOR('',#7076,0.799999999999995);
#1675=VECTOR('',#7081,0.800000000000002);
#1676=VECTOR('',#7084,0.799999999999994);
#1677=VECTOR('',#7087,3.);
#1678=VECTOR('',#7088,10.);
#1679=VECTOR('',#7091,10.);
#1680=VECTOR('',#7092,10.);
#1681=VECTOR('',#7093,10.);
#1682=VECTOR('',#7096,10.);
#1683=VECTOR('',#7099,10.);
#1684=VECTOR('',#7100,10.);
#1685=VECTOR('',#7101,10.);
#1686=VECTOR('',#7104,3.);
#1687=VECTOR('',#7105,10.);
#1688=VECTOR('',#7108,10.);
#1689=VECTOR('',#7109,10.);
#1690=VECTOR('',#7110,10.);
#1691=VECTOR('',#7113,3.);
#1692=VECTOR('',#7114,10.);
#1693=VECTOR('',#7117,10.);
#1694=VECTOR('',#7118,10.);
#1695=VECTOR('',#7119,10.);
#1696=VECTOR('',#7122,3.);
#1697=VECTOR('',#7127,10.);
#1698=VECTOR('',#7128,10.);
#1699=VECTOR('',#7129,10.);
#1700=VECTOR('',#7132,3.);
#1701=VECTOR('',#7139,10.);
#1702=VECTOR('',#7142,10.);
#1703=VECTOR('',#7153,10.);
#1704=VECTOR('',#7156,10.);
#1705=VECTOR('',#7165,10.);
#1706=VECTOR('',#7166,10.);
#1707=VECTOR('',#7167,10.);
#1708=VECTOR('',#7170,10.);
#1709=VECTOR('',#7173,10.);
#1710=VECTOR('',#7176,10.);
#1711=VECTOR('',#7177,10.);
#1712=VECTOR('',#7180,10.);
#1713=VECTOR('',#7181,10.);
#1714=VECTOR('',#7184,10.);
#1715=VECTOR('',#7185,10.);
#1716=VECTOR('',#7188,10.);
#1717=VECTOR('',#7189,10.);
#1718=VECTOR('',#7190,10.);
#1719=VECTOR('',#7193,10.);
#1720=VECTOR('',#7196,10.);
#1721=VECTOR('',#7229,2.);
#1722=VECTOR('',#7232,1.74991201446429);
#1723=VECTOR('',#7235,2.);
#1724=VECTOR('',#7238,2.);
#1725=VECTOR('',#7241,1.75);
#1726=VECTOR('',#7244,2.);
#1727=VECTOR('',#7247,10.);
#1728=VECTOR('',#7250,10.);
#1729=VECTOR('',#7255,10.);
#1730=VECTOR('',#7258,10.);
#1731=VECTOR('',#7261,10.);
#1732=VECTOR('',#7264,10.);
#1733=VECTOR('',#7269,10.);
#1734=VECTOR('',#7272,10.);
#1735=VECTOR('',#7275,10.);
#1736=VECTOR('',#7280,10.);
#1737=VECTOR('',#7283,10.);
#1738=VECTOR('',#7286,10.);
#1739=VECTOR('',#7297,10.);
#1740=VECTOR('',#7300,10.);
#1741=VECTOR('',#7305,10.);
#1742=VECTOR('',#7308,10.);
#1743=VECTOR('',#7311,10.);
#1744=VECTOR('',#7314,10.);
#1745=VECTOR('',#7317,10.);
#1746=VECTOR('',#7322,10.);
#1747=VECTOR('',#7325,10.);
#1748=VECTOR('',#7328,10.);
#1749=VECTOR('',#7331,10.);
#1750=VECTOR('',#7336,10.);
#1751=VECTOR('',#7339,10.);
#1752=VECTOR('',#7342,10.);
#1753=CIRCLE('',#5247,7.25);
#1754=CIRCLE('',#5248,7.25);
#1755=CIRCLE('',#5249,7.25);
#1756=CIRCLE('',#5251,7.25);
#1757=CIRCLE('',#5252,7.25);
#1758=CIRCLE('',#5253,7.25);
#1759=CIRCLE('',#5256,7.25);
#1760=CIRCLE('',#5257,7.25);
#1761=CIRCLE('',#5260,2.25);
#1762=CIRCLE('',#5261,2.25);
#1763=CIRCLE('',#5263,2.25);
#1764=CIRCLE('',#5264,2.25);
#1765=CIRCLE('',#5266,2.25);
#1766=CIRCLE('',#5267,2.25);
#1767=CIRCLE('',#5269,2.7);
#1768=CIRCLE('',#5270,2.7);
#1769=CIRCLE('',#5272,4.);
#1770=CIRCLE('',#5273,4.);
#1771=CIRCLE('',#5274,4.);
#1772=CIRCLE('',#5276,2.7);
#1773=CIRCLE('',#5277,2.7);
#1774=CIRCLE('',#5279,4.);
#1775=CIRCLE('',#5280,4.);
#1776=CIRCLE('',#5282,4.);
#1777=CIRCLE('',#5283,4.);
#1778=CIRCLE('',#5284,4.);
#1779=CIRCLE('',#5286,2.7);
#1780=CIRCLE('',#5287,2.7);
#1781=CIRCLE('',#5289,4.);
#1782=CIRCLE('',#5290,4.);
#1783=CIRCLE('',#5292,4.);
#1784=CIRCLE('',#5293,4.);
#1785=CIRCLE('',#5295,3.99999999999999);
#1786=CIRCLE('',#5297,2.68232454731043);
#1787=CIRCLE('',#5298,6.);
#1788=CIRCLE('',#5299,4.);
#1789=CIRCLE('',#5301,4.);
#1790=CIRCLE('',#5303,4.);
#1791=CIRCLE('',#5306,1.);
#1792=CIRCLE('',#5307,1.);
#1793=CIRCLE('',#5308,3.);
#1794=CIRCLE('',#5309,4.);
#1795=CIRCLE('',#5310,3.);
#1796=CIRCLE('',#5311,2.);
#1797=CIRCLE('',#5312,2.);
#1798=CIRCLE('',#5313,2.);
#1799=CIRCLE('',#5314,4.);
#1800=CIRCLE('',#5315,2.);
#1801=CIRCLE('',#5316,2.);
#1802=CIRCLE('',#5317,3.);
#1803=CIRCLE('',#5318,3.99978106175801);
#1804=CIRCLE('',#5319,4.);
#1805=CIRCLE('',#5320,3.);
#1806=CIRCLE('',#5321,3.);
#1807=CIRCLE('',#5322,4.);
#1808=CIRCLE('',#5323,3.);
#1809=CIRCLE('',#5324,2.);
#1810=CIRCLE('',#5325,2.);
#1811=CIRCLE('',#5326,2.);
#1812=CIRCLE('',#5327,4.);
#1813=CIRCLE('',#5328,2.);
#1814=CIRCLE('',#5329,2.);
#1815=CIRCLE('',#5330,2.);
#1816=CIRCLE('',#5331,3.);
#1817=CIRCLE('',#5332,4.);
#1818=CIRCLE('',#5333,3.);
#1819=CIRCLE('',#5334,6.);
#1820=CIRCLE('',#5335,2.68232454731043);
#1821=CIRCLE('',#5336,2.);
#1822=CIRCLE('',#5337,2.);
#1823=CIRCLE('',#5338,4.);
#1824=CIRCLE('',#5339,4.);
#1825=CIRCLE('',#5340,4.);
#1826=CIRCLE('',#5341,3.99999999999999);
#1827=CIRCLE('',#5342,4.);
#1828=CIRCLE('',#5343,4.);
#1829=CIRCLE('',#5344,4.);
#1830=CIRCLE('',#5345,4.);
#1831=CIRCLE('',#5346,4.);
#1832=CIRCLE('',#5347,4.);
#1833=CIRCLE('',#5348,4.);
#1834=CIRCLE('',#5349,4.);
#1835=CIRCLE('',#5350,4.);
#1836=CIRCLE('',#5351,4.);
#1837=CIRCLE('',#5352,4.);
#1838=CIRCLE('',#5353,4.);
#1839=CIRCLE('',#5354,4.);
#1840=CIRCLE('',#5355,4.);
#1841=CIRCLE('',#5356,4.);
#1842=CIRCLE('',#5357,4.);
#1843=CIRCLE('',#5358,4.);
#1844=CIRCLE('',#5359,4.);
#1845=CIRCLE('',#5360,4.);
#1846=CIRCLE('',#5361,4.);
#1847=CIRCLE('',#5362,4.);
#1848=CIRCLE('',#5363,4.);
#1849=CIRCLE('',#5364,4.);
#1850=CIRCLE('',#5365,4.);
#1851=CIRCLE('',#5366,4.);
#1852=CIRCLE('',#5367,4.);
#1853=CIRCLE('',#5368,4.);
#1854=CIRCLE('',#5369,4.);
#1855=CIRCLE('',#5370,4.);
#1856=CIRCLE('',#5371,4.);
#1857=CIRCLE('',#5372,4.);
#1858=CIRCLE('',#5373,4.);
#1859=CIRCLE('',#5374,4.);
#1860=CIRCLE('',#5375,4.);
#1861=CIRCLE('',#5376,4.);
#1862=CIRCLE('',#5377,4.);
#1863=CIRCLE('',#5378,4.);
#1864=CIRCLE('',#5379,4.);
#1865=CIRCLE('',#5380,4.);
#1866=CIRCLE('',#5381,4.);
#1867=CIRCLE('',#5382,4.);
#1868=CIRCLE('',#5383,4.);
#1869=CIRCLE('',#5384,4.);
#1870=CIRCLE('',#5385,4.);
#1871=CIRCLE('',#5386,4.);
#1872=CIRCLE('',#5387,4.);
#1873=CIRCLE('',#5388,4.);
#1874=CIRCLE('',#5389,4.);
#1875=CIRCLE('',#5390,4.);
#1876=CIRCLE('',#5391,4.);
#1877=CIRCLE('',#5392,4.);
#1878=CIRCLE('',#5393,4.);
#1879=CIRCLE('',#5394,4.);
#1880=CIRCLE('',#5395,4.);
#1881=CIRCLE('',#5396,1.74991201446429);
#1882=CIRCLE('',#5397,2.);
#1883=CIRCLE('',#5398,0.800000000000002);
#1884=CIRCLE('',#5399,0.799999999999995);
#1885=CIRCLE('',#5400,0.800000000000005);
#1886=CIRCLE('',#5401,0.799999999999998);
#1887=CIRCLE('',#5402,1.75);
#1888=CIRCLE('',#5403,0.800000000000001);
#1889=CIRCLE('',#5404,0.800000000000001);
#1890=CIRCLE('',#5405,0.8);
#1891=CIRCLE('',#5406,0.799999999999994);
#1892=CIRCLE('',#5407,2.);
#1893=CIRCLE('',#5409,7.49999999570814);
#1894=CIRCLE('',#5410,2.999999998516);
#1895=CIRCLE('',#5411,4.49999999570814);
#1896=CIRCLE('',#5413,3.);
#1897=CIRCLE('',#5415,3.);
#1898=CIRCLE('',#5417,4.49999999570813);
#1899=CIRCLE('',#5418,4.49999999570813);
#1900=CIRCLE('',#5419,3.);
#1901=CIRCLE('',#5420,7.49999999570813);
#1902=CIRCLE('',#5422,4.49999999570814);
#1903=CIRCLE('',#5423,4.49999999570814);
#1904=CIRCLE('',#5425,7.49999999570814);
#1905=CIRCLE('',#5426,2.99999999710678);
#1906=CIRCLE('',#5427,4.49999999570814);
#1907=CIRCLE('',#5429,3.);
#1908=CIRCLE('',#5431,3.);
#1909=CIRCLE('',#5433,4.49999999570814);
#1910=CIRCLE('',#5434,4.49999999570814);
#1911=CIRCLE('',#5435,3.);
#1912=CIRCLE('',#5436,7.49999999570814);
#1913=CIRCLE('',#5438,4.49999999570814);
#1914=CIRCLE('',#5439,4.49999999570814);
#1915=CIRCLE('',#5441,2.);
#1916=CIRCLE('',#5442,2.);
#1917=CIRCLE('',#5443,2.);
#1918=CIRCLE('',#5444,2.);
#1919=CIRCLE('',#5445,2.);
#1920=CIRCLE('',#5447,2.);
#1921=CIRCLE('',#5448,2.);
#1922=CIRCLE('',#5449,2.);
#1923=CIRCLE('',#5450,2.);
#1924=CIRCLE('',#5451,2.);
#1925=CIRCLE('',#5455,2.);
#1926=CIRCLE('',#5456,12.5);
#1927=CIRCLE('',#5457,2.);
#1928=CIRCLE('',#5458,2.);
#1929=CIRCLE('',#5459,2.);
#1930=CIRCLE('',#5460,3.);
#1931=CIRCLE('',#5461,3.);
#1932=CIRCLE('',#5462,0.799999999999998);
#1933=CIRCLE('',#5463,0.799999999999995);
#1934=CIRCLE('',#5465,3.);
#1935=CIRCLE('',#5466,3.);
#1936=CIRCLE('',#5467,2.);
#1937=CIRCLE('',#5468,2.);
#1938=CIRCLE('',#5469,12.5);
#1939=CIRCLE('',#5470,2.);
#1940=CIRCLE('',#5471,0.799999999999994);
#1941=CIRCLE('',#5472,0.800000000000001);
#1942=CIRCLE('',#5491,2.);
#1943=CIRCLE('',#5492,3.);
#1944=CIRCLE('',#5493,2.);
#1945=CIRCLE('',#5494,2.);
#1946=CIRCLE('',#5495,12.5);
#1947=CIRCLE('',#5496,2.);
#1948=CIRCLE('',#5497,2.);
#1949=CIRCLE('',#5498,0.8);
#1950=CIRCLE('',#5499,0.800000000000001);
#1951=CIRCLE('',#5501,3.);
#1952=CIRCLE('',#5505,4.);
#1953=CIRCLE('',#5508,3.);
#1954=CIRCLE('',#5511,4.);
#1955=CIRCLE('',#5514,4.);
#1956=CIRCLE('',#5517,4.);
#1957=CIRCLE('',#5520,4.);
#1958=CIRCLE('',#5521,4.);
#1959=CIRCLE('',#5522,4.);
#1960=CIRCLE('',#5525,4.);
#1961=CIRCLE('',#5527,4.);
#1962=CIRCLE('',#5529,2.);
#1963=CIRCLE('',#5530,2.);
#1964=CIRCLE('',#5531,2.);
#1965=CIRCLE('',#5534,2.);
#1966=CIRCLE('',#5535,2.);
#1967=CIRCLE('',#5538,1.99999999999999);
#1968=CIRCLE('',#5539,2.);
#1969=CIRCLE('',#5540,2.);
#1970=CIRCLE('',#5544,2.00000000000001);
#1971=CIRCLE('',#5545,2.);
#1972=CIRCLE('',#5546,2.);
#1973=CIRCLE('',#5548,2.);
#1974=CIRCLE('',#5550,2.);
#1975=CIRCLE('',#5551,1.99999999999999);
#1976=CIRCLE('',#5552,2.);
#1977=CIRCLE('',#5557,2.);
#1978=CIRCLE('',#5559,2.);
#1979=CIRCLE('',#5569,2.);
#1980=CIRCLE('',#5571,4.);
#1981=CIRCLE('',#5574,4.);
#1982=CIRCLE('',#5577,4.);
#1983=CIRCLE('',#5579,3.99999999999999);
#1984=CIRCLE('',#5581,4.);
#1985=CIRCLE('',#5584,4.);
#1986=CIRCLE('',#5586,4.);
#1987=CIRCLE('',#5587,4.);
#1988=CIRCLE('',#5589,4.);
#1989=CIRCLE('',#5592,4.);
#1990=CIRCLE('',#5595,4.);
#1991=CIRCLE('',#5598,4.);
#1992=CIRCLE('',#5601,4.);
#1993=CIRCLE('',#5604,4.);
#1994=CIRCLE('',#5607,4.);
#1995=CIRCLE('',#5610,4.);
#1996=CIRCLE('',#5613,4.);
#1997=CIRCLE('',#5616,4.);
#1998=CIRCLE('',#5619,4.);
#1999=CIRCLE('',#5622,4.);
#2000=CIRCLE('',#5624,4.);
#2001=CIRCLE('',#5626,4.);
#2002=CIRCLE('',#5628,4.);
#2003=CIRCLE('',#5630,4.);
#2004=CIRCLE('',#5632,4.);
#2005=CIRCLE('',#5634,4.);
#2006=CIRCLE('',#5636,4.);
#2007=CIRCLE('',#5638,4.);
#2008=CIRCLE('',#5640,4.);
#2009=CIRCLE('',#5642,4.);
#2010=CIRCLE('',#5644,4.);
#2011=CIRCLE('',#5646,4.);
#2012=CIRCLE('',#5648,4.);
#2013=CIRCLE('',#5650,4.);
#2014=CIRCLE('',#5652,4.);
#2015=CIRCLE('',#5654,4.);
#2016=CIRCLE('',#5656,4.);
#2017=CIRCLE('',#5658,4.);
#2018=CIRCLE('',#5660,4.);
#2019=CIRCLE('',#5662,4.);
#2020=CIRCLE('',#5664,4.);
#2021=CIRCLE('',#5666,4.);
#2022=CIRCLE('',#5668,4.);
#2023=CIRCLE('',#5670,4.);
#2024=CIRCLE('',#5672,4.);
#2025=CIRCLE('',#5674,4.);
#2026=CIRCLE('',#5676,4.);
#2027=CIRCLE('',#5678,4.);
#2028=CIRCLE('',#5680,4.);
#2029=CIRCLE('',#5682,4.);
#2030=CIRCLE('',#5684,4.);
#2031=CIRCLE('',#5686,4.);
#2032=CIRCLE('',#5688,4.);
#2033=CIRCLE('',#5690,4.);
#2034=CIRCLE('',#5692,4.);
#2035=CIRCLE('',#5694,4.);
#2036=CIRCLE('',#5696,4.);
#2037=CIRCLE('',#5698,4.);
#2038=CIRCLE('',#5700,4.);
#2039=CIRCLE('',#5704,1.);
#2040=CIRCLE('',#5707,1.);
#2041=CIRCLE('',#5712,0.800000000000005);
#2042=CIRCLE('',#5717,0.800000000000002);
#2043=CIRCLE('',#5728,3.);
#2044=CIRCLE('',#5732,4.);
#2045=CIRCLE('',#5734,4.);
#2046=CIRCLE('',#5736,4.);
#2047=CIRCLE('',#5738,4.);
#2048=CIRCLE('',#5740,4.);
#2049=CIRCLE('',#5742,4.);
#2050=CIRCLE('',#5743,12.5);
#2051=CIRCLE('',#5746,2.);
#2052=CIRCLE('',#5747,2.);
#2053=CIRCLE('',#5748,2.);
#2054=CIRCLE('',#5753,3.99978106175801);
#2055=CIRCLE('',#5755,4.);
#2056=CIRCLE('',#5756,2.);
#2057=CIRCLE('',#5758,1.74991201446429);
#2058=CIRCLE('',#5760,2.);
#2059=CIRCLE('',#5762,1.75);
#2060=CIRCLE('',#5764,4.);
#2061=CIRCLE('',#5765,2.);
#2062=CIRCLE('',#5767,2.);
#2063=VERTEX_POINT('',#7347);
#2064=VERTEX_POINT('',#7348);
#2065=VERTEX_POINT('',#7350);
#2066=VERTEX_POINT('',#7352);
#2067=VERTEX_POINT('',#7354);
#2068=VERTEX_POINT('',#7356);
#2069=VERTEX_POINT('',#7360);
#2070=VERTEX_POINT('',#7361);
#2071=VERTEX_POINT('',#7363);
#2072=VERTEX_POINT('',#7365);
#2073=VERTEX_POINT('',#7367);
#2074=VERTEX_POINT('',#7369);
#2075=VERTEX_POINT('',#7373);
#2076=VERTEX_POINT('',#7375);
#2077=VERTEX_POINT('',#7379);
#2078=VERTEX_POINT('',#7380);
#2079=VERTEX_POINT('',#7382);
#2080=VERTEX_POINT('',#7384);
#2081=VERTEX_POINT('',#7388);
#2082=VERTEX_POINT('',#7390);
#2083=VERTEX_POINT('',#7392);
#2084=VERTEX_POINT('',#7394);
#2085=VERTEX_POINT('',#7398);
#2086=VERTEX_POINT('',#7400);
#2087=VERTEX_POINT('',#7404);
#2088=VERTEX_POINT('',#7406);
#2089=VERTEX_POINT('',#7410);
#2090=VERTEX_POINT('',#7412);
#2091=VERTEX_POINT('',#7416);
#2092=VERTEX_POINT('',#7418);
#2093=VERTEX_POINT('',#7422);
#2094=VERTEX_POINT('',#7423);
#2095=VERTEX_POINT('',#7425);
#2096=VERTEX_POINT('',#7434);
#2097=VERTEX_POINT('',#7436);
#2098=VERTEX_POINT('',#7438);
#2099=VERTEX_POINT('',#7440);
#2100=VERTEX_POINT('',#7444);
#2101=VERTEX_POINT('',#7446);
#2102=VERTEX_POINT('',#7450);
#2103=VERTEX_POINT('',#7451);
#2104=VERTEX_POINT('',#7453);
#2105=VERTEX_POINT('',#7469);
#2106=VERTEX_POINT('',#7470);
#2107=VERTEX_POINT('',#7472);
#2108=VERTEX_POINT('',#7474);
#2109=VERTEX_POINT('',#7493);
#2110=VERTEX_POINT('',#7495);
#2111=VERTEX_POINT('',#7502);
#2112=VERTEX_POINT('',#7503);
#2113=VERTEX_POINT('',#7508);
#2114=VERTEX_POINT('',#7510);
#2115=VERTEX_POINT('',#7516);
#2116=VERTEX_POINT('',#7518);
#2117=VERTEX_POINT('',#7520);
#2118=VERTEX_POINT('',#7524);
#2119=VERTEX_POINT('',#7526);
#2120=VERTEX_POINT('',#7543);
#2121=VERTEX_POINT('',#7545);
#2122=VERTEX_POINT('',#7556);
#2123=VERTEX_POINT('',#7558);
#2124=VERTEX_POINT('',#7560);
#2125=VERTEX_POINT('',#7564);
#2126=VERTEX_POINT('',#7566);
#2127=VERTEX_POINT('',#7569);
#2128=VERTEX_POINT('',#7571);
#2129=VERTEX_POINT('',#7573);
#2130=VERTEX_POINT('',#7575);
#2131=VERTEX_POINT('',#7577);
#2132=VERTEX_POINT('',#7579);
#2133=VERTEX_POINT('',#7581);
#2134=VERTEX_POINT('',#7583);
#2135=VERTEX_POINT('',#7585);
#2136=VERTEX_POINT('',#7587);
#2137=VERTEX_POINT('',#7589);
#2138=VERTEX_POINT('',#7591);
#2139=VERTEX_POINT('',#7593);
#2140=VERTEX_POINT('',#7595);
#2141=VERTEX_POINT('',#7597);
#2142=VERTEX_POINT('',#7599);
#2143=VERTEX_POINT('',#7601);
#2144=VERTEX_POINT('',#7603);
#2145=VERTEX_POINT('',#7605);
#2146=VERTEX_POINT('',#7607);
#2147=VERTEX_POINT('',#7609);
#2148=VERTEX_POINT('',#7611);
#2149=VERTEX_POINT('',#7613);
#2150=VERTEX_POINT('',#7615);
#2151=VERTEX_POINT('',#7617);
#2152=VERTEX_POINT('',#7619);
#2153=VERTEX_POINT('',#7621);
#2154=VERTEX_POINT('',#7623);
#2155=VERTEX_POINT('',#7625);
#2156=VERTEX_POINT('',#7627);
#2157=VERTEX_POINT('',#7629);
#2158=VERTEX_POINT('',#7631);
#2159=VERTEX_POINT('',#7633);
#2160=VERTEX_POINT('',#7635);
#2161=VERTEX_POINT('',#7637);
#2162=VERTEX_POINT('',#7639);
#2163=VERTEX_POINT('',#7641);
#2164=VERTEX_POINT('',#7643);
#2165=VERTEX_POINT('',#7645);
#2166=VERTEX_POINT('',#7647);
#2167=VERTEX_POINT('',#7649);
#2168=VERTEX_POINT('',#7651);
#2169=VERTEX_POINT('',#7653);
#2170=VERTEX_POINT('',#7655);
#2171=VERTEX_POINT('',#7657);
#2172=VERTEX_POINT('',#7659);
#2173=VERTEX_POINT('',#7661);
#2174=VERTEX_POINT('',#7663);
#2175=VERTEX_POINT('',#7665);
#2176=VERTEX_POINT('',#7667);
#2177=VERTEX_POINT('',#7669);
#2178=VERTEX_POINT('',#7671);
#2179=VERTEX_POINT('',#7673);
#2180=VERTEX_POINT('',#7675);
#2181=VERTEX_POINT('',#7677);
#2182=VERTEX_POINT('',#7679);
#2183=VERTEX_POINT('',#7681);
#2184=VERTEX_POINT('',#7683);
#2185=VERTEX_POINT('',#7685);
#2186=VERTEX_POINT('',#7687);
#2187=VERTEX_POINT('',#7689);
#2188=VERTEX_POINT('',#7691);
#2189=VERTEX_POINT('',#7693);
#2190=VERTEX_POINT('',#7695);
#2191=VERTEX_POINT('',#7697);
#2192=VERTEX_POINT('',#7699);
#2193=VERTEX_POINT('',#7701);
#2194=VERTEX_POINT('',#7703);
#2195=VERTEX_POINT('',#7706);
#2196=VERTEX_POINT('',#7708);
#2197=VERTEX_POINT('',#7710);
#2198=VERTEX_POINT('',#7711);
#2199=VERTEX_POINT('',#7714);
#2200=VERTEX_POINT('',#7715);
#2201=VERTEX_POINT('',#7718);
#2202=VERTEX_POINT('',#7721);
#2203=VERTEX_POINT('',#7722);
#2204=VERTEX_POINT('',#7725);
#2205=VERTEX_POINT('',#7726);
#2206=VERTEX_POINT('',#7729);
#2207=VERTEX_POINT('',#7730);
#2208=VERTEX_POINT('',#7733);
#2209=VERTEX_POINT('',#7734);
#2210=VERTEX_POINT('',#7737);
#2211=VERTEX_POINT('',#7738);
#2212=VERTEX_POINT('',#7741);
#2213=VERTEX_POINT('',#7742);
#2214=VERTEX_POINT('',#7745);
#2215=VERTEX_POINT('',#7746);
#2216=VERTEX_POINT('',#7749);
#2217=VERTEX_POINT('',#7750);
#2218=VERTEX_POINT('',#7753);
#2219=VERTEX_POINT('',#7754);
#2220=VERTEX_POINT('',#7757);
#2221=VERTEX_POINT('',#7758);
#2222=VERTEX_POINT('',#7761);
#2223=VERTEX_POINT('',#7762);
#2224=VERTEX_POINT('',#7765);
#2225=VERTEX_POINT('',#7766);
#2226=VERTEX_POINT('',#7769);
#2227=VERTEX_POINT('',#7770);
#2228=VERTEX_POINT('',#7773);
#2229=VERTEX_POINT('',#7775);
#2230=VERTEX_POINT('',#7777);
#2231=VERTEX_POINT('',#7779);
#2232=VERTEX_POINT('',#7781);
#2233=VERTEX_POINT('',#7783);
#2234=VERTEX_POINT('',#7785);
#2235=VERTEX_POINT('',#7787);
#2236=VERTEX_POINT('',#7789);
#2237=VERTEX_POINT('',#7791);
#2238=VERTEX_POINT('',#7793);
#2239=VERTEX_POINT('',#7795);
#2240=VERTEX_POINT('',#7797);
#2241=VERTEX_POINT('',#7799);
#2242=VERTEX_POINT('',#7801);
#2243=VERTEX_POINT('',#7803);
#2244=VERTEX_POINT('',#7805);
#2245=VERTEX_POINT('',#7807);
#2246=VERTEX_POINT('',#7809);
#2247=VERTEX_POINT('',#7811);
#2248=VERTEX_POINT('',#7813);
#2249=VERTEX_POINT('',#7815);
#2250=VERTEX_POINT('',#7817);
#2251=VERTEX_POINT('',#7819);
#2252=VERTEX_POINT('',#7821);
#2253=VERTEX_POINT('',#7823);
#2254=VERTEX_POINT('',#7825);
#2255=VERTEX_POINT('',#7827);
#2256=VERTEX_POINT('',#7829);
#2257=VERTEX_POINT('',#7831);
#2258=VERTEX_POINT('',#7833);
#2259=VERTEX_POINT('',#7835);
#2260=VERTEX_POINT('',#7837);
#2261=VERTEX_POINT('',#7839);
#2262=VERTEX_POINT('',#7841);
#2263=VERTEX_POINT('',#7843);
#2264=VERTEX_POINT('',#7845);
#2265=VERTEX_POINT('',#7847);
#2266=VERTEX_POINT('',#7849);
#2267=VERTEX_POINT('',#7851);
#2268=VERTEX_POINT('',#7853);
#2269=VERTEX_POINT('',#7855);
#2270=VERTEX_POINT('',#7857);
#2271=VERTEX_POINT('',#7859);
#2272=VERTEX_POINT('',#7861);
#2273=VERTEX_POINT('',#7863);
#2274=VERTEX_POINT('',#7865);
#2275=VERTEX_POINT('',#7867);
#2276=VERTEX_POINT('',#7869);
#2277=VERTEX_POINT('',#7871);
#2278=VERTEX_POINT('',#7873);
#2279=VERTEX_POINT('',#7875);
#2280=VERTEX_POINT('',#7878);
#2281=VERTEX_POINT('',#7880);
#2282=VERTEX_POINT('',#7882);
#2283=VERTEX_POINT('',#7884);
#2284=VERTEX_POINT('',#7902);
#2285=VERTEX_POINT('',#7904);
#2286=VERTEX_POINT('',#7968);
#2287=VERTEX_POINT('',#7969);
#2288=VERTEX_POINT('',#7971);
#2289=VERTEX_POINT('',#7973);
#2290=VERTEX_POINT('',#7988);
#2291=VERTEX_POINT('',#7990);
#2292=VERTEX_POINT('',#7993);
#2293=VERTEX_POINT('',#8072);
#2294=VERTEX_POINT('',#8077);
#2295=VERTEX_POINT('',#8079);
#2296=VERTEX_POINT('',#8081);
#2297=VERTEX_POINT('',#8083);
#2298=VERTEX_POINT('',#8101);
#2299=VERTEX_POINT('',#8103);
#2300=VERTEX_POINT('',#8167);
#2301=VERTEX_POINT('',#8168);
#2302=VERTEX_POINT('',#8170);
#2303=VERTEX_POINT('',#8172);
#2304=VERTEX_POINT('',#8187);
#2305=VERTEX_POINT('',#8189);
#2306=VERTEX_POINT('',#8192);
#2307=VERTEX_POINT('',#8271);
#2308=VERTEX_POINT('',#8276);
#2309=VERTEX_POINT('',#8278);
#2310=VERTEX_POINT('',#8280);
#2311=VERTEX_POINT('',#8282);
#2312=VERTEX_POINT('',#8284);
#2313=VERTEX_POINT('',#8286);
#2314=VERTEX_POINT('',#8305);
#2315=VERTEX_POINT('',#8307);
#2316=VERTEX_POINT('',#8311);
#2317=VERTEX_POINT('',#8313);
#2318=VERTEX_POINT('',#8315);
#2319=VERTEX_POINT('',#8317);
#2320=VERTEX_POINT('',#8319);
#2321=VERTEX_POINT('',#8321);
#2322=VERTEX_POINT('',#8340);
#2323=VERTEX_POINT('',#8342);
#2324=VERTEX_POINT('',#8352);
#2325=VERTEX_POINT('',#8354);
#2326=VERTEX_POINT('',#8356);
#2327=VERTEX_POINT('',#8358);
#2328=VERTEX_POINT('',#8360);
#2329=VERTEX_POINT('',#8362);
#2330=VERTEX_POINT('',#8364);
#2331=VERTEX_POINT('',#8366);
#2332=VERTEX_POINT('',#8368);
#2333=VERTEX_POINT('',#8370);
#2334=VERTEX_POINT('',#8372);
#2335=VERTEX_POINT('',#8374);
#2336=VERTEX_POINT('',#8376);
#2337=VERTEX_POINT('',#8378);
#2338=VERTEX_POINT('',#8380);
#2339=VERTEX_POINT('',#8382);
#2340=VERTEX_POINT('',#8384);
#2341=VERTEX_POINT('',#8386);
#2342=VERTEX_POINT('',#8388);
#2343=VERTEX_POINT('',#8390);
#2344=VERTEX_POINT('',#8393);
#2345=VERTEX_POINT('',#8395);
#2346=VERTEX_POINT('',#8398);
#2347=VERTEX_POINT('',#8400);
#2348=VERTEX_POINT('',#8402);
#2349=VERTEX_POINT('',#8404);
#2350=VERTEX_POINT('',#8406);
#2351=VERTEX_POINT('',#8408);
#2352=VERTEX_POINT('',#8410);
#2353=VERTEX_POINT('',#8412);
#2354=VERTEX_POINT('',#8414);
#2355=VERTEX_POINT('',#8416);
#2356=VERTEX_POINT('',#8418);
#2357=VERTEX_POINT('',#8420);
#2358=VERTEX_POINT('',#8422);
#2359=VERTEX_POINT('',#8424);
#2360=VERTEX_POINT('',#8426);
#2361=VERTEX_POINT('',#8428);
#2362=VERTEX_POINT('',#8430);
#2363=VERTEX_POINT('',#8432);
#2364=VERTEX_POINT('',#8434);
#2365=VERTEX_POINT('',#8436);
#2366=VERTEX_POINT('',#8439);
#2367=VERTEX_POINT('',#8441);
#2368=VERTEX_POINT('',#8444);
#2369=VERTEX_POINT('',#8448);
#2370=VERTEX_POINT('',#8460);
#2371=VERTEX_POINT('',#8462);
#2372=VERTEX_POINT('',#8466);
#2373=VERTEX_POINT('',#8470);
#2374=VERTEX_POINT('',#8474);
#2375=VERTEX_POINT('',#8476);
#2376=VERTEX_POINT('',#8480);
#2377=VERTEX_POINT('',#8496);
#2378=VERTEX_POINT('',#8498);
#2379=VERTEX_POINT('',#8500);
#2380=VERTEX_POINT('',#8502);
#2381=VERTEX_POINT('',#8504);
#2382=VERTEX_POINT('',#8506);
#2383=VERTEX_POINT('',#8508);
#2384=VERTEX_POINT('',#8510);
#2385=VERTEX_POINT('',#8512);
#2386=VERTEX_POINT('',#8514);
#2387=VERTEX_POINT('',#8516);
#2388=VERTEX_POINT('',#8518);
#2389=VERTEX_POINT('',#8520);
#2390=VERTEX_POINT('',#8522);
#2391=VERTEX_POINT('',#8524);
#2392=VERTEX_POINT('',#8527);
#2393=VERTEX_POINT('',#8529);
#2394=VERTEX_POINT('',#8532);
#2395=VERTEX_POINT('',#8533);
#2396=VERTEX_POINT('',#8542);
#2397=VERTEX_POINT('',#8544);
#2398=VERTEX_POINT('',#8546);
#2399=VERTEX_POINT('',#8550);
#2400=VERTEX_POINT('',#8570);
#2401=VERTEX_POINT('',#8577);
#2402=VERTEX_POINT('',#8579);
#2403=VERTEX_POINT('',#8583);
#2404=VERTEX_POINT('',#8597);
#2405=VERTEX_POINT('',#8598);
#2406=VERTEX_POINT('',#8603);
#2407=VERTEX_POINT('',#8608);
#2408=VERTEX_POINT('',#8609);
#2409=VERTEX_POINT('',#8613);
#2410=VERTEX_POINT('',#8614);
#2411=VERTEX_POINT('',#8618);
#2412=VERTEX_POINT('',#8622);
#2413=VERTEX_POINT('',#8624);
#2414=VERTEX_POINT('',#8647);
#2415=VERTEX_POINT('',#8649);
#2416=VERTEX_POINT('',#8653);
#2417=VERTEX_POINT('',#8655);
#2418=VERTEX_POINT('',#8659);
#2419=VERTEX_POINT('',#8661);
#2420=VERTEX_POINT('',#8668);
#2421=VERTEX_POINT('',#8674);
#2422=VERTEX_POINT('',#8676);
#2423=VERTEX_POINT('',#8684);
#2424=VERTEX_POINT('',#8686);
#2425=VERTEX_POINT('',#8688);
#2426=VERTEX_POINT('',#8690);
#2427=VERTEX_POINT('',#8692);
#2428=VERTEX_POINT('',#8694);
#2429=VERTEX_POINT('',#8696);
#2430=VERTEX_POINT('',#8698);
#2431=VERTEX_POINT('',#8700);
#2432=VERTEX_POINT('',#8702);
#2433=VERTEX_POINT('',#8706);
#2434=VERTEX_POINT('',#8708);
#2435=VERTEX_POINT('',#8712);
#2436=VERTEX_POINT('',#8713);
#2437=VERTEX_POINT('',#8718);
#2438=VERTEX_POINT('',#8719);
#2439=VERTEX_POINT('',#8727);
#2440=VERTEX_POINT('',#8729);
#2441=VERTEX_POINT('',#8734);
#2442=VERTEX_POINT('',#8736);
#2443=VERTEX_POINT('',#8741);
#2444=VERTEX_POINT('',#8743);
#2445=VERTEX_POINT('',#8748);
#2446=VERTEX_POINT('',#8750);
#2447=VERTEX_POINT('',#8755);
#2448=VERTEX_POINT('',#8757);
#2449=VERTEX_POINT('',#8762);
#2450=VERTEX_POINT('',#8764);
#2451=VERTEX_POINT('',#8769);
#2452=VERTEX_POINT('',#8771);
#2453=VERTEX_POINT('',#8776);
#2454=VERTEX_POINT('',#8778);
#2455=VERTEX_POINT('',#8785);
#2456=VERTEX_POINT('',#8794);
#2457=VERTEX_POINT('',#8796);
#2458=VERTEX_POINT('',#8798);
#2459=VERTEX_POINT('',#8800);
#2460=VERTEX_POINT('',#8802);
#2461=VERTEX_POINT('',#8804);
#2462=VERTEX_POINT('',#8806);
#2463=VERTEX_POINT('',#8808);
#2464=VERTEX_POINT('',#8810);
#2465=VERTEX_POINT('',#8812);
#2466=VERTEX_POINT('',#8818);
#2467=VERTEX_POINT('',#8828);
#2468=VERTEX_POINT('',#8847);
#2469=VERTEX_POINT('',#8869);
#2470=VERTEX_POINT('',#8871);
#2471=VERTEX_POINT('',#8890);
#2472=VERTEX_POINT('',#8911);
#2473=VERTEX_POINT('',#8915);
#2474=VERTEX_POINT('',#8929);
#2475=VERTEX_POINT('',#8940);
#2476=VERTEX_POINT('',#8942);
#2477=VERTEX_POINT('',#9004);
#2478=VERTEX_POINT('',#9008);
#2479=VERTEX_POINT('',#9012);
#2480=VERTEX_POINT('',#9016);
#2481=VERTEX_POINT('',#9020);
#2482=VERTEX_POINT('',#9024);
#2483=VERTEX_POINT('',#9028);
#2484=VERTEX_POINT('',#9032);
#2485=VERTEX_POINT('',#9036);
#2486=VERTEX_POINT('',#9040);
#2487=VERTEX_POINT('',#9044);
#2488=VERTEX_POINT('',#9048);
#2489=VERTEX_POINT('',#9052);
#2490=VERTEX_POINT('',#9056);
#2491=VERTEX_POINT('',#9060);
#2492=VERTEX_POINT('',#9064);
#2493=VERTEX_POINT('',#9068);
#2494=VERTEX_POINT('',#9072);
#2495=VERTEX_POINT('',#9076);
#2496=VERTEX_POINT('',#9080);
#2497=VERTEX_POINT('',#9084);
#2498=VERTEX_POINT('',#9088);
#2499=VERTEX_POINT('',#9092);
#2500=VERTEX_POINT('',#9096);
#2501=VERTEX_POINT('',#9100);
#2502=VERTEX_POINT('',#9104);
#2503=VERTEX_POINT('',#9108);
#2504=VERTEX_POINT('',#9112);
#2505=VERTEX_POINT('',#9116);
#2506=VERTEX_POINT('',#9120);
#2507=VERTEX_POINT('',#9124);
#2508=VERTEX_POINT('',#9128);
#2509=VERTEX_POINT('',#9132);
#2510=VERTEX_POINT('',#9136);
#2511=VERTEX_POINT('',#9140);
#2512=VERTEX_POINT('',#9144);
#2513=VERTEX_POINT('',#9148);
#2514=VERTEX_POINT('',#9152);
#2515=VERTEX_POINT('',#9156);
#2516=VERTEX_POINT('',#9160);
#2517=VERTEX_POINT('',#9167);
#2518=VERTEX_POINT('',#9171);
#2519=VERTEX_POINT('',#9182);
#2520=VERTEX_POINT('',#9192);
#2521=VERTEX_POINT('',#9201);
#2522=VERTEX_POINT('',#9203);
#2523=VERTEX_POINT('',#9209);
#2524=VERTEX_POINT('',#9211);
#2525=VERTEX_POINT('',#9218);
#2526=VERTEX_POINT('',#9220);
#2527=VERTEX_POINT('',#9227);
#2528=VERTEX_POINT('',#9229);
#2529=VERTEX_POINT('',#9233);
#2530=VERTEX_POINT('',#9237);
#2531=VERTEX_POINT('',#9239);
#2532=VERTEX_POINT('',#9245);
#2533=VERTEX_POINT('',#9267);
#2534=VERTEX_POINT('',#9291);
#2535=VERTEX_POINT('',#9313);
#2536=VERTEX_POINT('',#9317);
#2537=VERTEX_POINT('',#9343);
#2538=VERTEX_POINT('',#9345);
#2539=VERTEX_POINT('',#9347);
#2540=VERTEX_POINT('',#9349);
#2541=VERTEX_POINT('',#9352);
#2542=VERTEX_POINT('',#9354);
#2543=VERTEX_POINT('',#9356);
#2544=VERTEX_POINT('',#9363);
#2545=VERTEX_POINT('',#9365);
#2546=VERTEX_POINT('',#9371);
#2547=VERTEX_POINT('',#9376);
#2548=VERTEX_POINT('',#9379);
#2549=VERTEX_POINT('',#9382);
#2550=VERTEX_POINT('',#9385);
#2551=VERTEX_POINT('',#9389);
#2552=VERTEX_POINT('',#9392);
#2553=EDGE_CURVE('',#2063,#2064,#1753,.F.);
#2554=EDGE_CURVE('',#2063,#2065,#949,.T.);
#2555=EDGE_CURVE('',#2065,#2066,#1754,.T.);
#2556=EDGE_CURVE('',#2067,#2066,#950,.F.);
#2557=EDGE_CURVE('',#2067,#2068,#1755,.T.);
#2558=EDGE_CURVE('',#2068,#2064,#951,.T.);
#2559=EDGE_CURVE('',#2069,#2070,#1756,.F.);
#2560=EDGE_CURVE('',#2069,#2071,#952,.T.);
#2561=EDGE_CURVE('',#2072,#2071,#1757,.F.);
#2562=EDGE_CURVE('',#2072,#2073,#953,.T.);
#2563=EDGE_CURVE('',#2073,#2074,#1758,.T.);
#2564=EDGE_CURVE('',#2074,#2070,#954,.T.);
#2565=EDGE_CURVE('',#2075,#2074,#955,.T.);
#2566=EDGE_CURVE('',#2075,#2076,#956,.T.);
#2567=EDGE_CURVE('',#2070,#2076,#957,.T.);
#2568=EDGE_CURVE('',#2077,#2078,#1759,.F.);
#2569=EDGE_CURVE('',#2077,#2079,#958,.T.);
#2570=EDGE_CURVE('',#2079,#2080,#1760,.T.);
#2571=EDGE_CURVE('',#2080,#2078,#959,.T.);
#2572=EDGE_CURVE('',#2081,#2080,#960,.T.);
#2573=EDGE_CURVE('',#2082,#2081,#961,.T.);
#2574=EDGE_CURVE('',#2083,#2082,#962,.T.);
#2575=EDGE_CURVE('',#2084,#2083,#963,.T.);
#2576=EDGE_CURVE('',#2078,#2084,#964,.T.);
#2577=EDGE_CURVE('',#2085,#2085,#1761,.T.);
#2578=EDGE_CURVE('',#2085,#2086,#965,.T.);
#2579=EDGE_CURVE('',#2086,#2086,#1762,.T.);
#2580=EDGE_CURVE('',#2087,#2087,#1763,.T.);
#2581=EDGE_CURVE('',#2087,#2088,#966,.T.);
#2582=EDGE_CURVE('',#2088,#2088,#1764,.T.);
#2583=EDGE_CURVE('',#2089,#2089,#1765,.T.);
#2584=EDGE_CURVE('',#2089,#2090,#967,.T.);
#2585=EDGE_CURVE('',#2090,#2090,#1766,.T.);
#2586=EDGE_CURVE('',#2091,#2091,#1767,.T.);
#2587=EDGE_CURVE('',#2091,#2092,#968,.T.);
#2588=EDGE_CURVE('',#2092,#2092,#1768,.T.);
#2589=EDGE_CURVE('',#2093,#2094,#969,.T.);
#2590=EDGE_CURVE('',#2095,#2093,#173,.T.);
#2591=EDGE_CURVE('',#2096,#2095,#1769,.T.);
#2592=EDGE_CURVE('',#2097,#2096,#970,.T.);
#2593=EDGE_CURVE('',#2098,#2097,#1770,.T.);
#2594=EDGE_CURVE('',#2099,#2098,#971,.T.);
#2595=EDGE_CURVE('',#2094,#2099,#1771,.T.);
#2596=EDGE_CURVE('',#2100,#2077,#1772,.T.);
#2597=EDGE_CURVE('',#2101,#2100,#972,.T.);
#2598=EDGE_CURVE('',#2079,#2101,#1773,.T.);
#2599=EDGE_CURVE('',#2102,#2103,#973,.T.);
#2600=EDGE_CURVE('',#2104,#2102,#174,.T.);
#2601=EDGE_CURVE('',#2082,#2104,#1774,.T.);
#2602=EDGE_CURVE('',#2103,#2081,#1775,.T.);
#2603=EDGE_CURVE('',#2105,#2106,#974,.T.);
#2604=EDGE_CURVE('',#2107,#2105,#1776,.T.);
#2605=EDGE_CURVE('',#2108,#2107,#175,.T.);
#2606=EDGE_CURVE('',#2109,#2108,#1777,.T.);
#2607=EDGE_CURVE('',#2110,#2109,#975,.T.);
#2608=EDGE_CURVE('',#2106,#2110,#1778,.T.);
#2609=EDGE_CURVE('',#2073,#2063,#1779,.T.);
#2610=EDGE_CURVE('',#2065,#2072,#1780,.T.);
#2611=EDGE_CURVE('',#2111,#2112,#976,.T.);
#2612=EDGE_CURVE('',#2067,#2111,#1781,.T.);
#2613=EDGE_CURVE('',#2112,#2066,#1782,.T.);
#2614=EDGE_CURVE('',#2113,#2069,#1783,.F.);
#2615=EDGE_CURVE('',#2114,#2113,#977,.T.);
#2616=EDGE_CURVE('',#2071,#2114,#1784,.F.);
#2617=EDGE_CURVE('',#2099,#2094,#1785,.T.);
#2618=EDGE_CURVE('',#2101,#2115,#1786,.T.);
#2619=EDGE_CURVE('',#2115,#2116,#1787,.T.);
#2620=EDGE_CURVE('',#2116,#2117,#978,.T.);
#2621=EDGE_CURVE('',#2117,#2103,#1788,.T.);
#2622=EDGE_CURVE('',#2118,#2117,#979,.T.);
#2623=EDGE_CURVE('',#2119,#2118,#1789,.T.);
#2624=EDGE_CURVE('',#2102,#2119,#176,.T.);
#2625=EDGE_CURVE('',#2110,#2106,#1790,.T.);
#2626=EDGE_CURVE('',#2120,#2068,#980,.T.);
#2627=EDGE_CURVE('',#2121,#2120,#177,.T.);
#2628=EDGE_CURVE('',#2121,#2122,#981,.T.);
#2629=EDGE_CURVE('',#2123,#2122,#982,.T.);
#2630=EDGE_CURVE('',#2124,#2123,#983,.T.);
#2631=EDGE_CURVE('',#2064,#2124,#984,.T.);
#2632=EDGE_CURVE('',#2084,#2125,#1791,.T.);
#2633=EDGE_CURVE('',#2125,#2126,#985,.T.);
#2634=EDGE_CURVE('',#2126,#2075,#1792,.T.);
#2635=EDGE_CURVE('',#2127,#2124,#1793,.T.);
#2636=EDGE_CURVE('',#2127,#2128,#1794,.T.);
#2637=EDGE_CURVE('',#2128,#2129,#1795,.F.);
#2638=EDGE_CURVE('',#2129,#2130,#986,.T.);
#2639=EDGE_CURVE('',#2130,#2131,#1796,.T.);
#2640=EDGE_CURVE('',#2131,#2132,#987,.T.);
#2641=EDGE_CURVE('',#2132,#2133,#988,.T.);
#2642=EDGE_CURVE('',#2133,#2134,#989,.T.);
#2643=EDGE_CURVE('',#2134,#2135,#990,.T.);
#2644=EDGE_CURVE('',#2135,#2136,#991,.T.);
#2645=EDGE_CURVE('',#2136,#2137,#1797,.T.);
#2646=EDGE_CURVE('',#2137,#2138,#992,.T.);
#2647=EDGE_CURVE('',#2138,#2139,#1798,.T.);
#2648=EDGE_CURVE('',#2139,#2140,#993,.T.);
#2649=EDGE_CURVE('',#2140,#2141,#1799,.T.);
#2650=EDGE_CURVE('',#2141,#2142,#994,.T.);
#2651=EDGE_CURVE('',#2142,#2143,#995,.T.);
#2652=EDGE_CURVE('',#2143,#2144,#1800,.T.);
#2653=EDGE_CURVE('',#2144,#2145,#996,.T.);
#2654=EDGE_CURVE('',#2145,#2146,#997,.T.);
#2655=EDGE_CURVE('',#2146,#2147,#998,.T.);
#2656=EDGE_CURVE('',#2147,#2148,#999,.T.);
#2657=EDGE_CURVE('',#2148,#2149,#1000,.T.);
#2658=EDGE_CURVE('',#2149,#2150,#1001,.T.);
#2659=EDGE_CURVE('',#2150,#2151,#1801,.T.);
#2660=EDGE_CURVE('',#2151,#2152,#1002,.T.);
#2661=EDGE_CURVE('',#2152,#2153,#1802,.F.);
#2662=EDGE_CURVE('',#2153,#2154,#1803,.T.);
#2663=EDGE_CURVE('',#2154,#2155,#1804,.T.);
#2664=EDGE_CURVE('',#2155,#2156,#1805,.F.);
#2665=EDGE_CURVE('',#2156,#2157,#1003,.T.);
#2666=EDGE_CURVE('',#2157,#2158,#1004,.T.);
#2667=EDGE_CURVE('',#2158,#2159,#1005,.T.);
#2668=EDGE_CURVE('',#2159,#2160,#1006,.T.);
#2669=EDGE_CURVE('',#2160,#2161,#1007,.T.);
#2670=EDGE_CURVE('',#2161,#2162,#1008,.T.);
#2671=EDGE_CURVE('',#2162,#2163,#1009,.T.);
#2672=EDGE_CURVE('',#2163,#2164,#1806,.F.);
#2673=EDGE_CURVE('',#2164,#2165,#1807,.T.);
#2674=EDGE_CURVE('',#2165,#2166,#1808,.F.);
#2675=EDGE_CURVE('',#2166,#2167,#1010,.T.);
#2676=EDGE_CURVE('',#2167,#2168,#1809,.T.);
#2677=EDGE_CURVE('',#2168,#2169,#1011,.T.);
#2678=EDGE_CURVE('',#2169,#2170,#1012,.T.);
#2679=EDGE_CURVE('',#2170,#2171,#1013,.T.);
#2680=EDGE_CURVE('',#2171,#2172,#1014,.T.);
#2681=EDGE_CURVE('',#2172,#2173,#1015,.T.);
#2682=EDGE_CURVE('',#2173,#2174,#1810,.T.);
#2683=EDGE_CURVE('',#2174,#2175,#1016,.T.);
#2684=EDGE_CURVE('',#2175,#2176,#1811,.T.);
#2685=EDGE_CURVE('',#2176,#2177,#1017,.T.);
#2686=EDGE_CURVE('',#2177,#2178,#1812,.T.);
#2687=EDGE_CURVE('',#2178,#2179,#1018,.T.);
#2688=EDGE_CURVE('',#2179,#2180,#1813,.T.);
#2689=EDGE_CURVE('',#2180,#2181,#1019,.T.);
#2690=EDGE_CURVE('',#2181,#2182,#1814,.T.);
#2691=EDGE_CURVE('',#2182,#2183,#1020,.T.);
#2692=EDGE_CURVE('',#2183,#2184,#1021,.T.);
#2693=EDGE_CURVE('',#2184,#2185,#1022,.T.);
#2694=EDGE_CURVE('',#2185,#2186,#1023,.T.);
#2695=EDGE_CURVE('',#2186,#2187,#1024,.T.);
#2696=EDGE_CURVE('',#2187,#2188,#1815,.T.);
#2697=EDGE_CURVE('',#2188,#2189,#1025,.T.);
#2698=EDGE_CURVE('',#2189,#2190,#1816,.F.);
#2699=EDGE_CURVE('',#2190,#2191,#1817,.T.);
#2700=EDGE_CURVE('',#2192,#2191,#1818,.T.);
#2701=EDGE_CURVE('',#2192,#2193,#1026,.T.);
#2702=EDGE_CURVE('',#2193,#2194,#1819,.T.);
#2703=EDGE_CURVE('',#2194,#2100,#1820,.T.);
#2704=EDGE_CURVE('',#2195,#2195,#1821,.T.);
#2705=EDGE_CURVE('',#2196,#2196,#1822,.T.);
#2706=EDGE_CURVE('',#2197,#2198,#1027,.T.);
#2707=EDGE_CURVE('',#2198,#2197,#1823,.T.);
#2708=EDGE_CURVE('',#2199,#2200,#1028,.T.);
#2709=EDGE_CURVE('',#2200,#2199,#1824,.T.);
#2710=EDGE_CURVE('',#2097,#2201,#1825,.T.);
#2711=EDGE_CURVE('',#2201,#2098,#1826,.T.);
#2712=EDGE_CURVE('',#2202,#2203,#1029,.T.);
#2713=EDGE_CURVE('',#2203,#2202,#1827,.T.);
#2714=EDGE_CURVE('',#2204,#2205,#1828,.T.);
#2715=EDGE_CURVE('',#2205,#2204,#1829,.T.);
#2716=EDGE_CURVE('',#2206,#2207,#1030,.T.);
#2717=EDGE_CURVE('',#2207,#2206,#1830,.T.);
#2718=EDGE_CURVE('',#2208,#2209,#1031,.T.);
#2719=EDGE_CURVE('',#2209,#2208,#1831,.T.);
#2720=EDGE_CURVE('',#2210,#2211,#1032,.T.);
#2721=EDGE_CURVE('',#2211,#2210,#1832,.T.);
#2722=EDGE_CURVE('',#2212,#2213,#1033,.T.);
#2723=EDGE_CURVE('',#2213,#2212,#1833,.T.);
#2724=EDGE_CURVE('',#2214,#2215,#1034,.T.);
#2725=EDGE_CURVE('',#2215,#2214,#1834,.T.);
#2726=EDGE_CURVE('',#2216,#2217,#1035,.T.);
#2727=EDGE_CURVE('',#2217,#2216,#1835,.T.);
#2728=EDGE_CURVE('',#2218,#2219,#1036,.T.);
#2729=EDGE_CURVE('',#2219,#2218,#1836,.T.);
#2730=EDGE_CURVE('',#2220,#2221,#1037,.T.);
#2731=EDGE_CURVE('',#2221,#2220,#1837,.T.);
#2732=EDGE_CURVE('',#2222,#2223,#1038,.T.);
#2733=EDGE_CURVE('',#2223,#2222,#1838,.T.);
#2734=EDGE_CURVE('',#2224,#2225,#1039,.T.);
#2735=EDGE_CURVE('',#2225,#2224,#1839,.T.);
#2736=EDGE_CURVE('',#2226,#2227,#1040,.T.);
#2737=EDGE_CURVE('',#2227,#2226,#1840,.T.);
#2738=EDGE_CURVE('',#2228,#2228,#1841,.T.);
#2739=EDGE_CURVE('',#2229,#2229,#1842,.T.);
#2740=EDGE_CURVE('',#2230,#2230,#1843,.T.);
#2741=EDGE_CURVE('',#2231,#2231,#1844,.T.);
#2742=EDGE_CURVE('',#2232,#2232,#1845,.T.);
#2743=EDGE_CURVE('',#2233,#2233,#1846,.T.);
#2744=EDGE_CURVE('',#2234,#2234,#1847,.T.);
#2745=EDGE_CURVE('',#2235,#2235,#1848,.T.);
#2746=EDGE_CURVE('',#2236,#2236,#1849,.T.);
#2747=EDGE_CURVE('',#2237,#2237,#1850,.T.);
#2748=EDGE_CURVE('',#2238,#2238,#1851,.T.);
#2749=EDGE_CURVE('',#2239,#2239,#1852,.T.);
#2750=EDGE_CURVE('',#2240,#2240,#1853,.T.);
#2751=EDGE_CURVE('',#2241,#2241,#1854,.T.);
#2752=EDGE_CURVE('',#2242,#2242,#1855,.T.);
#2753=EDGE_CURVE('',#2243,#2243,#1856,.T.);
#2754=EDGE_CURVE('',#2244,#2244,#1857,.T.);
#2755=EDGE_CURVE('',#2245,#2245,#1858,.T.);
#2756=EDGE_CURVE('',#2246,#2246,#1859,.T.);
#2757=EDGE_CURVE('',#2247,#2247,#1860,.T.);
#2758=EDGE_CURVE('',#2248,#2248,#1861,.T.);
#2759=EDGE_CURVE('',#2249,#2249,#1862,.T.);
#2760=EDGE_CURVE('',#2250,#2250,#1863,.T.);
#2761=EDGE_CURVE('',#2251,#2251,#1864,.T.);
#2762=EDGE_CURVE('',#2252,#2252,#1865,.T.);
#2763=EDGE_CURVE('',#2253,#2253,#1866,.T.);
#2764=EDGE_CURVE('',#2254,#2254,#1867,.T.);
#2765=EDGE_CURVE('',#2255,#2255,#1868,.T.);
#2766=EDGE_CURVE('',#2256,#2256,#1869,.T.);
#2767=EDGE_CURVE('',#2257,#2257,#1870,.T.);
#2768=EDGE_CURVE('',#2258,#2258,#1871,.T.);
#2769=EDGE_CURVE('',#2259,#2259,#1872,.T.);
#2770=EDGE_CURVE('',#2260,#2260,#1873,.T.);
#2771=EDGE_CURVE('',#2261,#2261,#1874,.T.);
#2772=EDGE_CURVE('',#2262,#2262,#1875,.T.);
#2773=EDGE_CURVE('',#2263,#2263,#1876,.T.);
#2774=EDGE_CURVE('',#2264,#2264,#1877,.T.);
#2775=EDGE_CURVE('',#2265,#2265,#1878,.T.);
#2776=EDGE_CURVE('',#2266,#2266,#1879,.T.);
#2777=EDGE_CURVE('',#2267,#2267,#1880,.T.);
#2778=EDGE_CURVE('',#2268,#2268,#1881,.T.);
#2779=EDGE_CURVE('',#2269,#2269,#1882,.T.);
#2780=EDGE_CURVE('',#2270,#2270,#1883,.T.);
#2781=EDGE_CURVE('',#2271,#2271,#1884,.T.);
#2782=EDGE_CURVE('',#2272,#2272,#1885,.T.);
#2783=EDGE_CURVE('',#2273,#2273,#1886,.T.);
#2784=EDGE_CURVE('',#2274,#2274,#1887,.T.);
#2785=EDGE_CURVE('',#2275,#2275,#1888,.T.);
#2786=EDGE_CURVE('',#2276,#2276,#1889,.T.);
#2787=EDGE_CURVE('',#2277,#2277,#1890,.T.);
#2788=EDGE_CURVE('',#2278,#2278,#1891,.T.);
#2789=EDGE_CURVE('',#2279,#2279,#1892,.T.);
#2790=EDGE_CURVE('',#2280,#2162,#1893,.T.);
#2791=EDGE_CURVE('',#2162,#2281,#1894,.T.);
#2792=EDGE_CURVE('',#2281,#2282,#1895,.T.);
#2793=EDGE_CURVE('',#2282,#2283,#178,.T.);
#2794=EDGE_CURVE('',#2283,#2280,#179,.T.);
#2795=EDGE_CURVE('',#2282,#2284,#1041,.T.);
#2796=EDGE_CURVE('',#2284,#2285,#1896,.T.);
#2797=EDGE_CURVE('',#2285,#2283,#1042,.T.);
#2798=EDGE_CURVE('',#2161,#2281,#180,.T.);
#2799=EDGE_CURVE('',#2286,#2287,#1043,.T.);
#2800=EDGE_CURVE('',#2287,#2288,#1897,.T.);
#2801=EDGE_CURVE('',#2288,#2289,#1044,.T.);
#2802=EDGE_CURVE('',#2289,#2286,#181,.T.);
#2803=EDGE_CURVE('',#2289,#2290,#1898,.T.);
#2804=EDGE_CURVE('',#2290,#2291,#1899,.T.);
#2805=EDGE_CURVE('',#2291,#2160,#1900,.T.);
#2806=EDGE_CURVE('',#2160,#2292,#1901,.T.);
#2807=EDGE_CURVE('',#2292,#2286,#182,.T.);
#2808=EDGE_CURVE('',#2291,#2161,#183,.T.);
#2809=EDGE_CURVE('',#2290,#2293,#1045,.T.);
#2810=EDGE_CURVE('',#2293,#2293,#1902,.T.);
#2811=EDGE_CURVE('',#2284,#2288,#1903,.T.);
#2812=EDGE_CURVE('',#2294,#2159,#1904,.T.);
#2813=EDGE_CURVE('',#2159,#2295,#1905,.T.);
#2814=EDGE_CURVE('',#2295,#2296,#1906,.T.);
#2815=EDGE_CURVE('',#2296,#2297,#184,.T.);
#2816=EDGE_CURVE('',#2297,#2294,#185,.T.);
#2817=EDGE_CURVE('',#2296,#2298,#1046,.T.);
#2818=EDGE_CURVE('',#2298,#2299,#1907,.T.);
#2819=EDGE_CURVE('',#2299,#2297,#1047,.T.);
#2820=EDGE_CURVE('',#2158,#2295,#186,.T.);
#2821=EDGE_CURVE('',#2300,#2301,#1048,.T.);
#2822=EDGE_CURVE('',#2301,#2302,#1908,.T.);
#2823=EDGE_CURVE('',#2302,#2303,#1049,.T.);
#2824=EDGE_CURVE('',#2303,#2300,#187,.T.);
#2825=EDGE_CURVE('',#2303,#2304,#1909,.T.);
#2826=EDGE_CURVE('',#2304,#2305,#1910,.T.);
#2827=EDGE_CURVE('',#2305,#2157,#1911,.T.);
#2828=EDGE_CURVE('',#2157,#2306,#1912,.T.);
#2829=EDGE_CURVE('',#2306,#2300,#188,.T.);
#2830=EDGE_CURVE('',#2305,#2158,#189,.T.);
#2831=EDGE_CURVE('',#2304,#2307,#1050,.T.);
#2832=EDGE_CURVE('',#2307,#2307,#1913,.T.);
#2833=EDGE_CURVE('',#2298,#2302,#1914,.T.);
#2834=EDGE_CURVE('',#2308,#2308,#1915,.T.);
#2835=EDGE_CURVE('',#2308,#2309,#1051,.T.);
#2836=EDGE_CURVE('',#2310,#2309,#1916,.T.);
#2837=EDGE_CURVE('',#2311,#2310,#1052,.T.);
#2838=EDGE_CURVE('',#2312,#2311,#1917,.T.);
#2839=EDGE_CURVE('',#2313,#2312,#190,.T.);
#2840=EDGE_CURVE('',#2314,#2313,#1918,.T.);
#2841=EDGE_CURVE('',#2315,#2314,#1053,.T.);
#2842=EDGE_CURVE('',#2309,#2315,#1919,.T.);
#2843=EDGE_CURVE('',#2316,#2316,#1920,.T.);
#2844=EDGE_CURVE('',#2316,#2317,#1054,.T.);
#2845=EDGE_CURVE('',#2318,#2317,#1921,.T.);
#2846=EDGE_CURVE('',#2319,#2318,#1055,.T.);
#2847=EDGE_CURVE('',#2320,#2319,#1922,.T.);
#2848=EDGE_CURVE('',#2321,#2320,#191,.T.);
#2849=EDGE_CURVE('',#2322,#2321,#1923,.T.);
#2850=EDGE_CURVE('',#2323,#2322,#1056,.T.);
#2851=EDGE_CURVE('',#2317,#2323,#1924,.T.);
#2852=EDGE_CURVE('',#2285,#2315,#1057,.T.);
#2853=EDGE_CURVE('',#2310,#2287,#1058,.T.);
#2854=EDGE_CURVE('',#2299,#2323,#1059,.T.);
#2855=EDGE_CURVE('',#2318,#2301,#1060,.T.);
#2856=EDGE_CURVE('',#2314,#2324,#1061,.T.);
#2857=EDGE_CURVE('',#2325,#2324,#1925,.T.);
#2858=EDGE_CURVE('',#2325,#2326,#1062,.T.);
#2859=EDGE_CURVE('',#2327,#2326,#1926,.T.);
#2860=EDGE_CURVE('',#2327,#2328,#1063,.T.);
#2861=EDGE_CURVE('',#2328,#2329,#1927,.T.);
#2862=EDGE_CURVE('',#2329,#2330,#1064,.T.);
#2863=EDGE_CURVE('',#2330,#2331,#1928,.T.);
#2864=EDGE_CURVE('',#2331,#2332,#1065,.T.);
#2865=EDGE_CURVE('',#2332,#2333,#1066,.T.);
#2866=EDGE_CURVE('',#2333,#2334,#1067,.T.);
#2867=EDGE_CURVE('',#2334,#2335,#1068,.T.);
#2868=EDGE_CURVE('',#2335,#2336,#1069,.T.);
#2869=EDGE_CURVE('',#2336,#2337,#1929,.T.);
#2870=EDGE_CURVE('',#2337,#2338,#1070,.T.);
#2871=EDGE_CURVE('',#2339,#2338,#1930,.T.);
#2872=EDGE_CURVE('',#2340,#2339,#1071,.T.);
#2873=EDGE_CURVE('',#2341,#2340,#1072,.T.);
#2874=EDGE_CURVE('',#2342,#2341,#1073,.T.);
#2875=EDGE_CURVE('',#2342,#2343,#1931,.F.);
#2876=EDGE_CURVE('',#2343,#2280,#1074,.T.);
#2877=EDGE_CURVE('',#2344,#2344,#1932,.T.);
#2878=EDGE_CURVE('',#2345,#2345,#1933,.T.);
#2879=EDGE_CURVE('',#2306,#2346,#1075,.T.);
#2880=EDGE_CURVE('',#2347,#2346,#1934,.T.);
#2881=EDGE_CURVE('',#2348,#2347,#1076,.T.);
#2882=EDGE_CURVE('',#2349,#2348,#1077,.T.);
#2883=EDGE_CURVE('',#2350,#2349,#1078,.T.);
#2884=EDGE_CURVE('',#2350,#2351,#1935,.F.);
#2885=EDGE_CURVE('',#2351,#2352,#1079,.T.);
#2886=EDGE_CURVE('',#2352,#2353,#1936,.T.);
#2887=EDGE_CURVE('',#2353,#2354,#1080,.T.);
#2888=EDGE_CURVE('',#2354,#2355,#1081,.T.);
#2889=EDGE_CURVE('',#2355,#2356,#1082,.T.);
#2890=EDGE_CURVE('',#2356,#2357,#1083,.T.);
#2891=EDGE_CURVE('',#2357,#2358,#1084,.T.);
#2892=EDGE_CURVE('',#2358,#2359,#1085,.T.);
#2893=EDGE_CURVE('',#2359,#2360,#1937,.T.);
#2894=EDGE_CURVE('',#2360,#2361,#1086,.T.);
#2895=EDGE_CURVE('',#2361,#2362,#1087,.T.);
#2896=EDGE_CURVE('',#2363,#2362,#1938,.T.);
#2897=EDGE_CURVE('',#2363,#2364,#1088,.T.);
#2898=EDGE_CURVE('',#2365,#2364,#1939,.T.);
#2899=EDGE_CURVE('',#2365,#2319,#1089,.T.);
#2900=EDGE_CURVE('',#2366,#2366,#1940,.T.);
#2901=EDGE_CURVE('',#2367,#2367,#1941,.T.);
#2902=EDGE_CURVE('',#2368,#2313,#1090,.T.);
#2903=EDGE_CURVE('',#2324,#2368,#1091,.T.);
#2904=EDGE_CURVE('',#2369,#2365,#1092,.T.);
#2905=EDGE_CURVE('',#2320,#2369,#1093,.T.);
#2906=EDGE_CURVE('',#2292,#2294,#1094,.T.);
#2907=EDGE_CURVE('',#2322,#2311,#1095,.T.);
#2908=EDGE_CURVE('',#2346,#2156,#1096,.T.);
#2909=EDGE_CURVE('',#2132,#2370,#1097,.T.);
#2910=EDGE_CURVE('',#2371,#2370,#1098,.T.);
#2911=EDGE_CURVE('',#2371,#2133,#1099,.T.);
#2912=EDGE_CURVE('',#2372,#2371,#1100,.T.);
#2913=EDGE_CURVE('',#2134,#2372,#1101,.T.);
#2914=EDGE_CURVE('',#2373,#2372,#1102,.T.);
#2915=EDGE_CURVE('',#2135,#2373,#1103,.T.);
#2916=EDGE_CURVE('',#2374,#2184,#1104,.T.);
#2917=EDGE_CURVE('',#2375,#2374,#1105,.T.);
#2918=EDGE_CURVE('',#2375,#2185,#1106,.T.);
#2919=EDGE_CURVE('',#2183,#2376,#1107,.T.);
#2920=EDGE_CURVE('',#2374,#2376,#1108,.T.);
#2921=EDGE_CURVE('',#2356,#2147,#1109,.T.);
#2922=EDGE_CURVE('',#2357,#2146,#1110,.T.);
#2923=EDGE_CURVE('',#2145,#2358,#1111,.T.);
#2924=EDGE_CURVE('',#2148,#2355,#1112,.T.);
#2925=EDGE_CURVE('',#2333,#2171,#1113,.T.);
#2926=EDGE_CURVE('',#2334,#2170,#1114,.T.);
#2927=EDGE_CURVE('',#2169,#2335,#1115,.T.);
#2928=EDGE_CURVE('',#2370,#2377,#1116,.T.);
#2929=EDGE_CURVE('',#2377,#2378,#1942,.T.);
#2930=EDGE_CURVE('',#2378,#2379,#1117,.T.);
#2931=EDGE_CURVE('',#2380,#2379,#1943,.T.);
#2932=EDGE_CURVE('',#2381,#2380,#1118,.T.);
#2933=EDGE_CURVE('',#2382,#2381,#1119,.T.);
#2934=EDGE_CURVE('',#2382,#2383,#1944,.T.);
#2935=EDGE_CURVE('',#2383,#2384,#1120,.T.);
#2936=EDGE_CURVE('',#2385,#2384,#1945,.T.);
#2937=EDGE_CURVE('',#2385,#2386,#1121,.T.);
#2938=EDGE_CURVE('',#2387,#2386,#1946,.T.);
#2939=EDGE_CURVE('',#2387,#2388,#1122,.T.);
#2940=EDGE_CURVE('',#2388,#2389,#1947,.T.);
#2941=EDGE_CURVE('',#2389,#2390,#1123,.T.);
#2942=EDGE_CURVE('',#2390,#2391,#1948,.T.);
#2943=EDGE_CURVE('',#2391,#2373,#1124,.T.);
#2944=EDGE_CURVE('',#2392,#2392,#1949,.T.);
#2945=EDGE_CURVE('',#2393,#2393,#1950,.T.);
#2946=EDGE_CURVE('',#2394,#2395,#192,.T.);
#2947=EDGE_CURVE('',#2394,#2396,#1125,.T.);
#2948=EDGE_CURVE('',#2396,#2397,#1951,.T.);
#2949=EDGE_CURVE('',#2398,#2397,#19,.F.);
#2950=EDGE_CURVE('',#2398,#2395,#1126,.T.);
#2951=EDGE_CURVE('',#2399,#2394,#193,.F.);
#2952=EDGE_CURVE('',#2399,#2192,#1127,.T.);
#2953=EDGE_CURVE('',#2191,#2400,#1128,.T.);
#2954=EDGE_CURVE('',#2394,#2400,#194,.T.);
#2955=EDGE_CURVE('',#2190,#2401,#1129,.T.);
#2956=EDGE_CURVE('',#2401,#2402,#1130,.T.);
#2957=EDGE_CURVE('',#2396,#2402,#1952,.T.);
#2958=EDGE_CURVE('',#2403,#2399,#195,.T.);
#2959=EDGE_CURVE('',#2118,#2403,#1131,.T.);
#2960=EDGE_CURVE('',#2193,#2116,#1132,.T.);
#2961=EDGE_CURVE('',#2404,#2405,#1953,.F.);
#2962=EDGE_CURVE('',#2404,#2127,#1133,.T.);
#2963=EDGE_CURVE('',#2123,#2405,#20,.T.);
#2964=EDGE_CURVE('',#2406,#2404,#1954,.T.);
#2965=EDGE_CURVE('',#2380,#2406,#1134,.T.);
#2966=EDGE_CURVE('',#2128,#2380,#1135,.T.);
#2967=EDGE_CURVE('',#2407,#2408,#21,.T.);
#2968=EDGE_CURVE('',#2408,#2407,#1955,.T.);
#2969=EDGE_CURVE('',#2409,#2410,#22,.T.);
#2970=EDGE_CURVE('',#2410,#2409,#1956,.T.);
#2971=EDGE_CURVE('',#2411,#2406,#1136,.T.);
#2972=EDGE_CURVE('',#2381,#2411,#1137,.T.);
#2973=EDGE_CURVE('',#2412,#2113,#1957,.T.);
#2974=EDGE_CURVE('',#2413,#2412,#196,.T.);
#2975=EDGE_CURVE('',#2111,#2413,#1958,.T.);
#2976=EDGE_CURVE('',#2114,#2112,#1959,.T.);
#2977=EDGE_CURVE('',#2414,#2413,#1138,.T.);
#2978=EDGE_CURVE('',#2415,#2414,#1139,.T.);
#2979=EDGE_CURVE('',#2120,#2415,#1960,.T.);
#2980=EDGE_CURVE('',#2416,#2403,#1961,.T.);
#2981=EDGE_CURVE('',#2417,#2416,#1140,.T.);
#2982=EDGE_CURVE('',#2119,#2417,#1141,.T.);
#2983=EDGE_CURVE('',#2418,#2414,#1962,.F.);
#2984=EDGE_CURVE('',#2419,#2418,#1963,.F.);
#2985=EDGE_CURVE('',#2414,#2419,#1964,.F.);
#2986=EDGE_CURVE('',#2384,#2419,#1142,.T.);
#2987=EDGE_CURVE('',#2418,#2385,#1143,.T.);
#2988=EDGE_CURVE('',#2415,#2420,#1965,.T.);
#2989=EDGE_CURVE('',#2420,#2121,#1966,.T.);
#2990=EDGE_CURVE('',#2419,#2420,#1144,.T.);
#2991=EDGE_CURVE('',#2369,#2421,#1967,.F.);
#2992=EDGE_CURVE('',#2422,#2369,#1968,.F.);
#2993=EDGE_CURVE('',#2421,#2422,#1969,.F.);
#2994=EDGE_CURVE('',#2364,#2422,#1145,.T.);
#2995=EDGE_CURVE('',#2107,#2421,#1146,.T.);
#2996=EDGE_CURVE('',#2422,#2418,#1147,.T.);
#2997=EDGE_CURVE('',#2412,#2423,#1148,.T.);
#2998=EDGE_CURVE('',#2423,#2424,#1149,.T.);
#2999=EDGE_CURVE('',#2424,#2425,#1150,.T.);
#3000=EDGE_CURVE('',#2425,#2426,#1151,.T.);
#3001=EDGE_CURVE('',#2426,#2427,#1152,.T.);
#3002=EDGE_CURVE('',#2427,#2428,#1153,.T.);
#3003=EDGE_CURVE('',#2428,#2429,#1154,.T.);
#3004=EDGE_CURVE('',#2429,#2430,#1155,.T.);
#3005=EDGE_CURVE('',#2430,#2431,#1156,.T.);
#3006=EDGE_CURVE('',#2431,#2432,#1157,.T.);
#3007=EDGE_CURVE('',#2432,#2108,#1158,.T.);
#3008=EDGE_CURVE('',#2433,#2417,#1970,.F.);
#3009=EDGE_CURVE('',#2434,#2433,#1971,.F.);
#3010=EDGE_CURVE('',#2417,#2434,#1972,.F.);
#3011=EDGE_CURVE('',#2435,#2436,#1973,.T.);
#3012=EDGE_CURVE('',#2436,#2434,#1159,.T.);
#3013=EDGE_CURVE('',#2433,#2435,#1160,.T.);
#3014=EDGE_CURVE('',#2437,#2438,#1974,.F.);
#3015=EDGE_CURVE('',#2368,#2437,#1975,.F.);
#3016=EDGE_CURVE('',#2438,#2368,#1976,.F.);
#3017=EDGE_CURVE('',#2437,#2325,#1161,.T.);
#3018=EDGE_CURVE('',#2312,#2321,#1162,.T.);
#3019=EDGE_CURVE('',#2421,#2439,#1163,.T.);
#3020=EDGE_CURVE('',#2440,#2439,#197,.F.);
#3021=EDGE_CURVE('',#2440,#2441,#1164,.T.);
#3022=EDGE_CURVE('',#2442,#2441,#198,.F.);
#3023=EDGE_CURVE('',#2442,#2443,#1165,.T.);
#3024=EDGE_CURVE('',#2444,#2443,#199,.F.);
#3025=EDGE_CURVE('',#2444,#2445,#1166,.T.);
#3026=EDGE_CURVE('',#2446,#2445,#200,.F.);
#3027=EDGE_CURVE('',#2446,#2447,#1167,.T.);
#3028=EDGE_CURVE('',#2448,#2447,#201,.F.);
#3029=EDGE_CURVE('',#2448,#2449,#1168,.T.);
#3030=EDGE_CURVE('',#2450,#2449,#202,.F.);
#3031=EDGE_CURVE('',#2450,#2451,#1169,.T.);
#3032=EDGE_CURVE('',#2452,#2451,#203,.F.);
#3033=EDGE_CURVE('',#2452,#2453,#1170,.T.);
#3034=EDGE_CURVE('',#2454,#2453,#204,.F.);
#3035=EDGE_CURVE('',#2454,#2438,#1171,.T.);
#3036=EDGE_CURVE('',#2093,#2455,#205,.T.);
#3037=EDGE_CURVE('',#2455,#2456,#1172,.T.);
#3038=EDGE_CURVE('',#2456,#2457,#1173,.T.);
#3039=EDGE_CURVE('',#2457,#2458,#1174,.T.);
#3040=EDGE_CURVE('',#2458,#2459,#1175,.T.);
#3041=EDGE_CURVE('',#2459,#2460,#1176,.T.);
#3042=EDGE_CURVE('',#2460,#2461,#1177,.T.);
#3043=EDGE_CURVE('',#2461,#2462,#1178,.T.);
#3044=EDGE_CURVE('',#2462,#2463,#1179,.T.);
#3045=EDGE_CURVE('',#2463,#2464,#1180,.T.);
#3046=EDGE_CURVE('',#2464,#2465,#1181,.T.);
#3047=EDGE_CURVE('',#2465,#2104,#1182,.T.);
#3048=EDGE_CURVE('',#2434,#2437,#1183,.T.);
#3049=EDGE_CURVE('',#2438,#2095,#1184,.T.);
#3050=EDGE_CURVE('',#2416,#2466,#1977,.T.);
#3051=EDGE_CURVE('',#2466,#2433,#1185,.T.);
#3052=EDGE_CURVE('',#2395,#2466,#1978,.T.);
#3053=EDGE_CURVE('',#2420,#2383,#1186,.T.);
#3054=EDGE_CURVE('',#2382,#2122,#23,.F.);
#3055=EDGE_CURVE('',#2467,#2363,#206,.T.);
#3056=EDGE_CURVE('',#2468,#2467,#1187,.T.);
#3057=EDGE_CURVE('',#2386,#2468,#207,.T.);
#3058=EDGE_CURVE('',#2469,#2436,#1188,.T.);
#3059=EDGE_CURVE('',#2470,#2469,#208,.T.);
#3060=EDGE_CURVE('',#2471,#2470,#1189,.T.);
#3061=EDGE_CURVE('',#2326,#2471,#209,.T.);
#3062=EDGE_CURVE('',#2466,#2472,#1190,.T.);
#3063=EDGE_CURVE('',#2435,#2472,#1191,.T.);
#3064=EDGE_CURVE('',#2398,#2473,#24,.F.);
#3065=EDGE_CURVE('',#2472,#2473,#1979,.T.);
#3066=EDGE_CURVE('',#2198,#2458,#1192,.T.);
#3067=EDGE_CURVE('',#2459,#2458,#1980,.T.);
#3068=EDGE_CURVE('',#2197,#2459,#1193,.T.);
#3069=EDGE_CURVE('',#2200,#2456,#1194,.T.);
#3070=EDGE_CURVE('',#2457,#2456,#1981,.T.);
#3071=EDGE_CURVE('',#2199,#2457,#1195,.T.);
#3072=EDGE_CURVE('',#2474,#2096,#1982,.T.);
#3073=EDGE_CURVE('',#2201,#2474,#1196,.T.);
#3074=EDGE_CURVE('',#2455,#2474,#1983,.T.);
#3075=EDGE_CURVE('',#2203,#2431,#1197,.T.);
#3076=EDGE_CURVE('',#2432,#2431,#1984,.T.);
#3077=EDGE_CURVE('',#2202,#2432,#1198,.T.);
#3078=EDGE_CURVE('',#2205,#2475,#1199,.T.);
#3079=EDGE_CURVE('',#2476,#2475,#1985,.T.);
#3080=EDGE_CURVE('',#2204,#2476,#1200,.T.);
#3081=EDGE_CURVE('',#2475,#2109,#1986,.T.);
#3082=EDGE_CURVE('',#2105,#2476,#1987,.T.);
#3083=EDGE_CURVE('',#2207,#2440,#1201,.T.);
#3084=EDGE_CURVE('',#2442,#2439,#1988,.T.);
#3085=EDGE_CURVE('',#2206,#2441,#1202,.T.);
#3086=EDGE_CURVE('',#2209,#2464,#1203,.T.);
#3087=EDGE_CURVE('',#2465,#2464,#1989,.T.);
#3088=EDGE_CURVE('',#2208,#2465,#1204,.T.);
#3089=EDGE_CURVE('',#2211,#2425,#1205,.T.);
#3090=EDGE_CURVE('',#2426,#2425,#1990,.T.);
#3091=EDGE_CURVE('',#2210,#2426,#1206,.T.);
#3092=EDGE_CURVE('',#2213,#2427,#1207,.T.);
#3093=EDGE_CURVE('',#2428,#2427,#1991,.T.);
#3094=EDGE_CURVE('',#2212,#2428,#1208,.T.);
#3095=EDGE_CURVE('',#2215,#2444,#1209,.T.);
#3096=EDGE_CURVE('',#2446,#2443,#1992,.T.);
#3097=EDGE_CURVE('',#2214,#2445,#1210,.T.);
#3098=EDGE_CURVE('',#2217,#2452,#1211,.T.);
#3099=EDGE_CURVE('',#2454,#2451,#1993,.T.);
#3100=EDGE_CURVE('',#2216,#2453,#1212,.T.);
#3101=EDGE_CURVE('',#2219,#2429,#1213,.T.);
#3102=EDGE_CURVE('',#2430,#2429,#1994,.T.);
#3103=EDGE_CURVE('',#2218,#2430,#1214,.T.);
#3104=EDGE_CURVE('',#2221,#2448,#1215,.T.);
#3105=EDGE_CURVE('',#2450,#2447,#1995,.T.);
#3106=EDGE_CURVE('',#2220,#2449,#1216,.T.);
#3107=EDGE_CURVE('',#2223,#2462,#1217,.T.);
#3108=EDGE_CURVE('',#2463,#2462,#1996,.T.);
#3109=EDGE_CURVE('',#2222,#2463,#1218,.T.);
#3110=EDGE_CURVE('',#2225,#2460,#1219,.T.);
#3111=EDGE_CURVE('',#2461,#2460,#1997,.T.);
#3112=EDGE_CURVE('',#2224,#2461,#1220,.T.);
#3113=EDGE_CURVE('',#2227,#2423,#1221,.T.);
#3114=EDGE_CURVE('',#2424,#2423,#1998,.T.);
#3115=EDGE_CURVE('',#2226,#2424,#1222,.T.);
#3116=EDGE_CURVE('',#2477,#2477,#1999,.T.);
#3117=EDGE_CURVE('',#2477,#2228,#1223,.T.);
#3118=EDGE_CURVE('',#2478,#2478,#2000,.T.);
#3119=EDGE_CURVE('',#2478,#2229,#1224,.T.);
#3120=EDGE_CURVE('',#2479,#2479,#2001,.T.);
#3121=EDGE_CURVE('',#2479,#2230,#1225,.T.);
#3122=EDGE_CURVE('',#2480,#2480,#2002,.T.);
#3123=EDGE_CURVE('',#2480,#2231,#1226,.T.);
#3124=EDGE_CURVE('',#2481,#2481,#2003,.T.);
#3125=EDGE_CURVE('',#2481,#2232,#1227,.T.);
#3126=EDGE_CURVE('',#2482,#2482,#2004,.T.);
#3127=EDGE_CURVE('',#2482,#2233,#1228,.T.);
#3128=EDGE_CURVE('',#2483,#2483,#2005,.T.);
#3129=EDGE_CURVE('',#2483,#2234,#1229,.T.);
#3130=EDGE_CURVE('',#2484,#2484,#2006,.T.);
#3131=EDGE_CURVE('',#2484,#2235,#1230,.T.);
#3132=EDGE_CURVE('',#2485,#2485,#2007,.T.);
#3133=EDGE_CURVE('',#2485,#2236,#1231,.T.);
#3134=EDGE_CURVE('',#2486,#2486,#2008,.T.);
#3135=EDGE_CURVE('',#2486,#2237,#1232,.T.);
#3136=EDGE_CURVE('',#2487,#2487,#2009,.T.);
#3137=EDGE_CURVE('',#2487,#2238,#1233,.T.);
#3138=EDGE_CURVE('',#2488,#2488,#2010,.T.);
#3139=EDGE_CURVE('',#2488,#2239,#1234,.T.);
#3140=EDGE_CURVE('',#2489,#2489,#2011,.T.);
#3141=EDGE_CURVE('',#2489,#2240,#1235,.T.);
#3142=EDGE_CURVE('',#2490,#2490,#2012,.T.);
#3143=EDGE_CURVE('',#2490,#2241,#1236,.T.);
#3144=EDGE_CURVE('',#2491,#2491,#2013,.T.);
#3145=EDGE_CURVE('',#2491,#2242,#1237,.T.);
#3146=EDGE_CURVE('',#2492,#2492,#2014,.T.);
#3147=EDGE_CURVE('',#2492,#2243,#1238,.T.);
#3148=EDGE_CURVE('',#2493,#2493,#2015,.T.);
#3149=EDGE_CURVE('',#2493,#2244,#1239,.T.);
#3150=EDGE_CURVE('',#2494,#2494,#2016,.T.);
#3151=EDGE_CURVE('',#2494,#2245,#1240,.T.);
#3152=EDGE_CURVE('',#2495,#2495,#2017,.T.);
#3153=EDGE_CURVE('',#2495,#2246,#1241,.T.);
#3154=EDGE_CURVE('',#2496,#2496,#2018,.T.);
#3155=EDGE_CURVE('',#2496,#2247,#1242,.T.);
#3156=EDGE_CURVE('',#2497,#2497,#2019,.T.);
#3157=EDGE_CURVE('',#2497,#2248,#1243,.T.);
#3158=EDGE_CURVE('',#2498,#2498,#2020,.T.);
#3159=EDGE_CURVE('',#2498,#2249,#1244,.T.);
#3160=EDGE_CURVE('',#2499,#2499,#2021,.T.);
#3161=EDGE_CURVE('',#2499,#2250,#1245,.T.);
#3162=EDGE_CURVE('',#2500,#2500,#2022,.T.);
#3163=EDGE_CURVE('',#2500,#2251,#1246,.T.);
#3164=EDGE_CURVE('',#2501,#2501,#2023,.T.);
#3165=EDGE_CURVE('',#2501,#2252,#1247,.T.);
#3166=EDGE_CURVE('',#2502,#2502,#2024,.T.);
#3167=EDGE_CURVE('',#2502,#2253,#1248,.T.);
#3168=EDGE_CURVE('',#2503,#2503,#2025,.T.);
#3169=EDGE_CURVE('',#2503,#2254,#1249,.T.);
#3170=EDGE_CURVE('',#2504,#2504,#2026,.T.);
#3171=EDGE_CURVE('',#2504,#2255,#1250,.T.);
#3172=EDGE_CURVE('',#2505,#2505,#2027,.T.);
#3173=EDGE_CURVE('',#2505,#2256,#1251,.T.);
#3174=EDGE_CURVE('',#2506,#2506,#2028,.T.);
#3175=EDGE_CURVE('',#2506,#2257,#1252,.T.);
#3176=EDGE_CURVE('',#2507,#2507,#2029,.T.);
#3177=EDGE_CURVE('',#2507,#2258,#1253,.T.);
#3178=EDGE_CURVE('',#2508,#2508,#2030,.T.);
#3179=EDGE_CURVE('',#2508,#2259,#1254,.T.);
#3180=EDGE_CURVE('',#2509,#2509,#2031,.T.);
#3181=EDGE_CURVE('',#2509,#2260,#1255,.T.);
#3182=EDGE_CURVE('',#2510,#2510,#2032,.T.);
#3183=EDGE_CURVE('',#2510,#2261,#1256,.T.);
#3184=EDGE_CURVE('',#2511,#2511,#2033,.T.);
#3185=EDGE_CURVE('',#2511,#2262,#1257,.T.);
#3186=EDGE_CURVE('',#2512,#2512,#2034,.T.);
#3187=EDGE_CURVE('',#2512,#2263,#1258,.T.);
#3188=EDGE_CURVE('',#2513,#2513,#2035,.T.);
#3189=EDGE_CURVE('',#2513,#2264,#1259,.T.);
#3190=EDGE_CURVE('',#2514,#2514,#2036,.T.);
#3191=EDGE_CURVE('',#2514,#2265,#1260,.T.);
#3192=EDGE_CURVE('',#2515,#2515,#2037,.T.);
#3193=EDGE_CURVE('',#2515,#2266,#1261,.T.);
#3194=EDGE_CURVE('',#2516,#2516,#2038,.T.);
#3195=EDGE_CURVE('',#2516,#2267,#1262,.T.);
#3196=EDGE_CURVE('',#2194,#2115,#1263,.T.);
#3197=EDGE_CURVE('',#2517,#2083,#2039,.T.);
#3198=EDGE_CURVE('',#2125,#2517,#1264,.T.);
#3199=EDGE_CURVE('',#2518,#2517,#1265,.T.);
#3200=EDGE_CURVE('',#2126,#2518,#1266,.T.);
#3201=EDGE_CURVE('',#2076,#2518,#2040,.T.);
#3202=EDGE_CURVE('',#2393,#2275,#1267,.T.);
#3203=EDGE_CURVE('',#2344,#2273,#1268,.T.);
#3204=EDGE_CURVE('',#2519,#2519,#2041,.T.);
#3205=EDGE_CURVE('',#2519,#2272,#1269,.T.);
#3206=EDGE_CURVE('',#2367,#2276,#1270,.T.);
#3207=EDGE_CURVE('',#2392,#2277,#1271,.T.);
#3208=EDGE_CURVE('',#2345,#2271,#1272,.T.);
#3209=EDGE_CURVE('',#2520,#2520,#2042,.T.);
#3210=EDGE_CURVE('',#2520,#2270,#1273,.T.);
#3211=EDGE_CURVE('',#2366,#2278,#1274,.T.);
#3212=EDGE_CURVE('',#2163,#2343,#1275,.T.);
#3213=EDGE_CURVE('',#2164,#2342,#1276,.T.);
#3214=EDGE_CURVE('',#2341,#2521,#1277,.F.);
#3215=EDGE_CURVE('',#2522,#2521,#1278,.T.);
#3216=EDGE_CURVE('',#2342,#2522,#1279,.T.);
#3217=EDGE_CURVE('',#2155,#2347,#1280,.T.);
#3218=EDGE_CURVE('',#2347,#2523,#1281,.T.);
#3219=EDGE_CURVE('',#2524,#2523,#1282,.T.);
#3220=EDGE_CURVE('',#2348,#2524,#1283,.T.);
#3221=EDGE_CURVE('',#2338,#2166,#1284,.T.);
#3222=EDGE_CURVE('',#2165,#2339,#1285,.T.);
#3223=EDGE_CURVE('',#2339,#2525,#1286,.T.);
#3224=EDGE_CURVE('',#2526,#2525,#1287,.T.);
#3225=EDGE_CURVE('',#2340,#2526,#1288,.T.);
#3226=EDGE_CURVE('',#2152,#2351,#1289,.T.);
#3227=EDGE_CURVE('',#2153,#2350,#1290,.T.);
#3228=EDGE_CURVE('',#2349,#2527,#1291,.F.);
#3229=EDGE_CURVE('',#2528,#2527,#1292,.T.);
#3230=EDGE_CURVE('',#2350,#2528,#1293,.T.);
#3231=EDGE_CURVE('',#2189,#2529,#1294,.T.);
#3232=EDGE_CURVE('',#2401,#2529,#2043,.F.);
#3233=EDGE_CURVE('',#2401,#2530,#1295,.T.);
#3234=EDGE_CURVE('',#2530,#2531,#1296,.F.);
#3235=EDGE_CURVE('',#2402,#2531,#1297,.T.);
#3236=EDGE_CURVE('',#2379,#2129,#1298,.T.);
#3237=EDGE_CURVE('',#2532,#2468,#2044,.T.);
#3238=EDGE_CURVE('',#2532,#2387,#210,.T.);
#3239=EDGE_CURVE('',#2140,#2532,#1299,.T.);
#3240=EDGE_CURVE('',#2533,#2532,#2045,.T.);
#3241=EDGE_CURVE('',#2141,#2533,#1300,.T.);
#3242=EDGE_CURVE('',#2362,#2533,#211,.T.);
#3243=EDGE_CURVE('',#2467,#2533,#2046,.T.);
#3244=EDGE_CURVE('',#2534,#2471,#2047,.T.);
#3245=EDGE_CURVE('',#2534,#2327,#212,.T.);
#3246=EDGE_CURVE('',#2177,#2534,#1301,.T.);
#3247=EDGE_CURVE('',#2535,#2534,#2048,.T.);
#3248=EDGE_CURVE('',#2178,#2535,#1302,.T.);
#3249=EDGE_CURVE('',#2536,#2535,#213,.T.);
#3250=EDGE_CURVE('',#2470,#2535,#2049,.T.);
#3251=EDGE_CURVE('',#2469,#2536,#2050,.T.);
#3252=EDGE_CURVE('',#2531,#2410,#1303,.T.);
#3253=EDGE_CURVE('',#2530,#2473,#1304,.T.);
#3254=EDGE_CURVE('',#2409,#2397,#1305,.T.);
#3255=EDGE_CURVE('',#2376,#2537,#1306,.T.);
#3256=EDGE_CURVE('',#2537,#2538,#2051,.T.);
#3257=EDGE_CURVE('',#2538,#2539,#1307,.T.);
#3258=EDGE_CURVE('',#2539,#2540,#2052,.T.);
#3259=EDGE_CURVE('',#2540,#2536,#1308,.T.);
#3260=EDGE_CURVE('',#2529,#2541,#1309,.T.);
#3261=EDGE_CURVE('',#2541,#2542,#2053,.T.);
#3262=EDGE_CURVE('',#2542,#2543,#1310,.T.);
#3263=EDGE_CURVE('',#2543,#2375,#1311,.T.);
#3264=EDGE_CURVE('',#2405,#2408,#1312,.T.);
#3265=EDGE_CURVE('',#2407,#2411,#1313,.T.);
#3266=EDGE_CURVE('',#2544,#2524,#1314,.T.);
#3267=EDGE_CURVE('',#2545,#2544,#1315,.T.);
#3268=EDGE_CURVE('',#2527,#2545,#1316,.T.);
#3269=EDGE_CURVE('',#2521,#2526,#1317,.T.);
#3270=EDGE_CURVE('',#2154,#2546,#1318,.T.);
#3271=EDGE_CURVE('',#2546,#2528,#2054,.T.);
#3272=EDGE_CURVE('',#2525,#2522,#2055,.T.);
#3273=EDGE_CURVE('',#2547,#2547,#2056,.T.);
#3274=EDGE_CURVE('',#2548,#2548,#2057,.T.);
#3275=EDGE_CURVE('',#2549,#2549,#2058,.T.);
#3276=EDGE_CURVE('',#2550,#2550,#2059,.T.);
#3277=EDGE_CURVE('',#2523,#2546,#2060,.T.);
#3278=EDGE_CURVE('',#2551,#2551,#2061,.T.);
#3279=EDGE_CURVE('',#2552,#2552,#2062,.T.);
#3280=EDGE_CURVE('',#2549,#2195,#1319,.T.);
#3281=EDGE_CURVE('',#2548,#2268,#1320,.T.);
#3282=EDGE_CURVE('',#2551,#2279,#1321,.T.);
#3283=EDGE_CURVE('',#2547,#2269,#1322,.T.);
#3284=EDGE_CURVE('',#2550,#2274,#1323,.T.);
#3285=EDGE_CURVE('',#2552,#2196,#1324,.T.);
#3286=EDGE_CURVE('',#2130,#2378,#1325,.T.);
#3287=EDGE_CURVE('',#2131,#2377,#1326,.T.);
#3288=EDGE_CURVE('',#2136,#2391,#1327,.T.);
#3289=EDGE_CURVE('',#2137,#2390,#1328,.T.);
#3290=EDGE_CURVE('',#2138,#2389,#1329,.T.);
#3291=EDGE_CURVE('',#2139,#2388,#1330,.T.);
#3292=EDGE_CURVE('',#2142,#2361,#1331,.T.);
#3293=EDGE_CURVE('',#2143,#2360,#1332,.T.);
#3294=EDGE_CURVE('',#2144,#2359,#1333,.T.);
#3295=EDGE_CURVE('',#2149,#2354,#1334,.T.);
#3296=EDGE_CURVE('',#2150,#2353,#1335,.T.);
#3297=EDGE_CURVE('',#2151,#2352,#1336,.T.);
#3298=EDGE_CURVE('',#2167,#2337,#1337,.T.);
#3299=EDGE_CURVE('',#2168,#2336,#1338,.T.);
#3300=EDGE_CURVE('',#2172,#2332,#1339,.T.);
#3301=EDGE_CURVE('',#2173,#2331,#1340,.T.);
#3302=EDGE_CURVE('',#2174,#2330,#1341,.T.);
#3303=EDGE_CURVE('',#2175,#2329,#1342,.T.);
#3304=EDGE_CURVE('',#2176,#2328,#1343,.T.);
#3305=EDGE_CURVE('',#2179,#2540,#1344,.T.);
#3306=EDGE_CURVE('',#2180,#2539,#1345,.T.);
#3307=EDGE_CURVE('',#2181,#2538,#1346,.T.);
#3308=EDGE_CURVE('',#2182,#2537,#1347,.T.);
#3309=EDGE_CURVE('',#2186,#2543,#1348,.T.);
#3310=EDGE_CURVE('',#2187,#2542,#1349,.T.);
#3311=EDGE_CURVE('',#2188,#2541,#1350,.T.);
#3312=ORIENTED_EDGE('',*,*,#2553,.F.);
#3313=ORIENTED_EDGE('',*,*,#2554,.T.);
#3314=ORIENTED_EDGE('',*,*,#2555,.T.);
#3315=ORIENTED_EDGE('',*,*,#2556,.F.);
#3316=ORIENTED_EDGE('',*,*,#2557,.T.);
#3317=ORIENTED_EDGE('',*,*,#2558,.T.);
#3318=ORIENTED_EDGE('',*,*,#2559,.F.);
#3319=ORIENTED_EDGE('',*,*,#2560,.T.);
#3320=ORIENTED_EDGE('',*,*,#2561,.F.);
#3321=ORIENTED_EDGE('',*,*,#2562,.T.);
#3322=ORIENTED_EDGE('',*,*,#2563,.T.);
#3323=ORIENTED_EDGE('',*,*,#2564,.T.);
#3324=ORIENTED_EDGE('',*,*,#2564,.F.);
#3325=ORIENTED_EDGE('',*,*,#2565,.F.);
#3326=ORIENTED_EDGE('',*,*,#2566,.T.);
#3327=ORIENTED_EDGE('',*,*,#2567,.F.);
#3328=ORIENTED_EDGE('',*,*,#2568,.F.);
#3329=ORIENTED_EDGE('',*,*,#2569,.T.);
#3330=ORIENTED_EDGE('',*,*,#2570,.T.);
#3331=ORIENTED_EDGE('',*,*,#2571,.T.);
#3332=ORIENTED_EDGE('',*,*,#2571,.F.);
#3333=ORIENTED_EDGE('',*,*,#2572,.F.);
#3334=ORIENTED_EDGE('',*,*,#2573,.F.);
#3335=ORIENTED_EDGE('',*,*,#2574,.F.);
#3336=ORIENTED_EDGE('',*,*,#2575,.F.);
#3337=ORIENTED_EDGE('',*,*,#2576,.F.);
#3338=ORIENTED_EDGE('',*,*,#2577,.F.);
#3339=ORIENTED_EDGE('',*,*,#2578,.T.);
#3340=ORIENTED_EDGE('',*,*,#2579,.F.);
#3341=ORIENTED_EDGE('',*,*,#2578,.F.);
#3342=ORIENTED_EDGE('',*,*,#2580,.F.);
#3343=ORIENTED_EDGE('',*,*,#2581,.T.);
#3344=ORIENTED_EDGE('',*,*,#2582,.F.);
#3345=ORIENTED_EDGE('',*,*,#2581,.F.);
#3346=ORIENTED_EDGE('',*,*,#2583,.F.);
#3347=ORIENTED_EDGE('',*,*,#2584,.T.);
#3348=ORIENTED_EDGE('',*,*,#2585,.F.);
#3349=ORIENTED_EDGE('',*,*,#2584,.F.);
#3350=ORIENTED_EDGE('',*,*,#2586,.F.);
#3351=ORIENTED_EDGE('',*,*,#2587,.T.);
#3352=ORIENTED_EDGE('',*,*,#2588,.F.);
#3353=ORIENTED_EDGE('',*,*,#2587,.F.);
#3354=ORIENTED_EDGE('',*,*,#2589,.F.);
#3355=ORIENTED_EDGE('',*,*,#2590,.F.);
#3356=ORIENTED_EDGE('',*,*,#2591,.F.);
#3357=ORIENTED_EDGE('',*,*,#2592,.F.);
#3358=ORIENTED_EDGE('',*,*,#2593,.F.);
#3359=ORIENTED_EDGE('',*,*,#2594,.F.);
#3360=ORIENTED_EDGE('',*,*,#2595,.F.);
#3361=ORIENTED_EDGE('',*,*,#2569,.F.);
#3362=ORIENTED_EDGE('',*,*,#2596,.F.);
#3363=ORIENTED_EDGE('',*,*,#2597,.F.);
#3364=ORIENTED_EDGE('',*,*,#2598,.F.);
#3365=ORIENTED_EDGE('',*,*,#2599,.F.);
#3366=ORIENTED_EDGE('',*,*,#2600,.F.);
#3367=ORIENTED_EDGE('',*,*,#2601,.F.);
#3368=ORIENTED_EDGE('',*,*,#2573,.T.);
#3369=ORIENTED_EDGE('',*,*,#2602,.F.);
#3370=ORIENTED_EDGE('',*,*,#2603,.F.);
#3371=ORIENTED_EDGE('',*,*,#2604,.F.);
#3372=ORIENTED_EDGE('',*,*,#2605,.F.);
#3373=ORIENTED_EDGE('',*,*,#2606,.F.);
#3374=ORIENTED_EDGE('',*,*,#2607,.F.);
#3375=ORIENTED_EDGE('',*,*,#2608,.F.);
#3376=ORIENTED_EDGE('',*,*,#2554,.F.);
#3377=ORIENTED_EDGE('',*,*,#2609,.F.);
#3378=ORIENTED_EDGE('',*,*,#2562,.F.);
#3379=ORIENTED_EDGE('',*,*,#2610,.F.);
#3380=ORIENTED_EDGE('',*,*,#2611,.F.);
#3381=ORIENTED_EDGE('',*,*,#2612,.F.);
#3382=ORIENTED_EDGE('',*,*,#2556,.T.);
#3383=ORIENTED_EDGE('',*,*,#2613,.F.);
#3384=ORIENTED_EDGE('',*,*,#2614,.F.);
#3385=ORIENTED_EDGE('',*,*,#2615,.F.);
#3386=ORIENTED_EDGE('',*,*,#2616,.F.);
#3387=ORIENTED_EDGE('',*,*,#2560,.F.);
#3388=ORIENTED_EDGE('',*,*,#2617,.T.);
#3389=ORIENTED_EDGE('',*,*,#2595,.T.);
#3390=ORIENTED_EDGE('',*,*,#2582,.T.);
#3391=ORIENTED_EDGE('',*,*,#2618,.T.);
#3392=ORIENTED_EDGE('',*,*,#2619,.T.);
#3393=ORIENTED_EDGE('',*,*,#2620,.T.);
#3394=ORIENTED_EDGE('',*,*,#2621,.T.);
#3395=ORIENTED_EDGE('',*,*,#2602,.T.);
#3396=ORIENTED_EDGE('',*,*,#2572,.T.);
#3397=ORIENTED_EDGE('',*,*,#2570,.F.);
#3398=ORIENTED_EDGE('',*,*,#2598,.T.);
#3399=ORIENTED_EDGE('',*,*,#2579,.T.);
#3400=ORIENTED_EDGE('',*,*,#2599,.T.);
#3401=ORIENTED_EDGE('',*,*,#2621,.F.);
#3402=ORIENTED_EDGE('',*,*,#2622,.F.);
#3403=ORIENTED_EDGE('',*,*,#2623,.F.);
#3404=ORIENTED_EDGE('',*,*,#2624,.F.);
#3405=ORIENTED_EDGE('',*,*,#2625,.T.);
#3406=ORIENTED_EDGE('',*,*,#2608,.T.);
#3407=ORIENTED_EDGE('',*,*,#2588,.T.);
#3408=ORIENTED_EDGE('',*,*,#2558,.F.);
#3409=ORIENTED_EDGE('',*,*,#2626,.F.);
#3410=ORIENTED_EDGE('',*,*,#2627,.F.);
#3411=ORIENTED_EDGE('',*,*,#2628,.T.);
#3412=ORIENTED_EDGE('',*,*,#2629,.F.);
#3413=ORIENTED_EDGE('',*,*,#2630,.F.);
#3414=ORIENTED_EDGE('',*,*,#2631,.F.);
#3415=ORIENTED_EDGE('',*,*,#2576,.T.);
#3416=ORIENTED_EDGE('',*,*,#2632,.T.);
#3417=ORIENTED_EDGE('',*,*,#2633,.T.);
#3418=ORIENTED_EDGE('',*,*,#2634,.T.);
#3419=ORIENTED_EDGE('',*,*,#2565,.T.);
#3420=ORIENTED_EDGE('',*,*,#2563,.F.);
#3421=ORIENTED_EDGE('',*,*,#2609,.T.);
#3422=ORIENTED_EDGE('',*,*,#2553,.T.);
#3423=ORIENTED_EDGE('',*,*,#2631,.T.);
#3424=ORIENTED_EDGE('',*,*,#2635,.F.);
#3425=ORIENTED_EDGE('',*,*,#2636,.T.);
#3426=ORIENTED_EDGE('',*,*,#2637,.T.);
#3427=ORIENTED_EDGE('',*,*,#2638,.T.);
#3428=ORIENTED_EDGE('',*,*,#2639,.T.);
#3429=ORIENTED_EDGE('',*,*,#2640,.T.);
#3430=ORIENTED_EDGE('',*,*,#2641,.T.);
#3431=ORIENTED_EDGE('',*,*,#2642,.T.);
#3432=ORIENTED_EDGE('',*,*,#2643,.T.);
#3433=ORIENTED_EDGE('',*,*,#2644,.T.);
#3434=ORIENTED_EDGE('',*,*,#2645,.T.);
#3435=ORIENTED_EDGE('',*,*,#2646,.T.);
#3436=ORIENTED_EDGE('',*,*,#2647,.T.);
#3437=ORIENTED_EDGE('',*,*,#2648,.T.);
#3438=ORIENTED_EDGE('',*,*,#2649,.T.);
#3439=ORIENTED_EDGE('',*,*,#2650,.T.);
#3440=ORIENTED_EDGE('',*,*,#2651,.T.);
#3441=ORIENTED_EDGE('',*,*,#2652,.T.);
#3442=ORIENTED_EDGE('',*,*,#2653,.T.);
#3443=ORIENTED_EDGE('',*,*,#2654,.T.);
#3444=ORIENTED_EDGE('',*,*,#2655,.T.);
#3445=ORIENTED_EDGE('',*,*,#2656,.T.);
#3446=ORIENTED_EDGE('',*,*,#2657,.T.);
#3447=ORIENTED_EDGE('',*,*,#2658,.T.);
#3448=ORIENTED_EDGE('',*,*,#2659,.T.);
#3449=ORIENTED_EDGE('',*,*,#2660,.T.);
#3450=ORIENTED_EDGE('',*,*,#2661,.T.);
#3451=ORIENTED_EDGE('',*,*,#2662,.T.);
#3452=ORIENTED_EDGE('',*,*,#2663,.T.);
#3453=ORIENTED_EDGE('',*,*,#2664,.T.);
#3454=ORIENTED_EDGE('',*,*,#2665,.T.);
#3455=ORIENTED_EDGE('',*,*,#2666,.T.);
#3456=ORIENTED_EDGE('',*,*,#2667,.T.);
#3457=ORIENTED_EDGE('',*,*,#2668,.T.);
#3458=ORIENTED_EDGE('',*,*,#2669,.T.);
#3459=ORIENTED_EDGE('',*,*,#2670,.T.);
#3460=ORIENTED_EDGE('',*,*,#2671,.T.);
#3461=ORIENTED_EDGE('',*,*,#2672,.T.);
#3462=ORIENTED_EDGE('',*,*,#2673,.T.);
#3463=ORIENTED_EDGE('',*,*,#2674,.T.);
#3464=ORIENTED_EDGE('',*,*,#2675,.T.);
#3465=ORIENTED_EDGE('',*,*,#2676,.T.);
#3466=ORIENTED_EDGE('',*,*,#2677,.T.);
#3467=ORIENTED_EDGE('',*,*,#2678,.T.);
#3468=ORIENTED_EDGE('',*,*,#2679,.T.);
#3469=ORIENTED_EDGE('',*,*,#2680,.T.);
#3470=ORIENTED_EDGE('',*,*,#2681,.T.);
#3471=ORIENTED_EDGE('',*,*,#2682,.T.);
#3472=ORIENTED_EDGE('',*,*,#2683,.T.);
#3473=ORIENTED_EDGE('',*,*,#2684,.T.);
#3474=ORIENTED_EDGE('',*,*,#2685,.T.);
#3475=ORIENTED_EDGE('',*,*,#2686,.T.);
#3476=ORIENTED_EDGE('',*,*,#2687,.T.);
#3477=ORIENTED_EDGE('',*,*,#2688,.T.);
#3478=ORIENTED_EDGE('',*,*,#2689,.T.);
#3479=ORIENTED_EDGE('',*,*,#2690,.T.);
#3480=ORIENTED_EDGE('',*,*,#2691,.T.);
#3481=ORIENTED_EDGE('',*,*,#2692,.T.);
#3482=ORIENTED_EDGE('',*,*,#2693,.T.);
#3483=ORIENTED_EDGE('',*,*,#2694,.T.);
#3484=ORIENTED_EDGE('',*,*,#2695,.T.);
#3485=ORIENTED_EDGE('',*,*,#2696,.T.);
#3486=ORIENTED_EDGE('',*,*,#2697,.T.);
#3487=ORIENTED_EDGE('',*,*,#2698,.T.);
#3488=ORIENTED_EDGE('',*,*,#2699,.T.);
#3489=ORIENTED_EDGE('',*,*,#2700,.F.);
#3490=ORIENTED_EDGE('',*,*,#2701,.T.);
#3491=ORIENTED_EDGE('',*,*,#2702,.T.);
#3492=ORIENTED_EDGE('',*,*,#2703,.T.);
#3493=ORIENTED_EDGE('',*,*,#2596,.T.);
#3494=ORIENTED_EDGE('',*,*,#2568,.T.);
#3495=ORIENTED_EDGE('',*,*,#2577,.T.);
#3496=ORIENTED_EDGE('',*,*,#2580,.T.);
#3497=ORIENTED_EDGE('',*,*,#2583,.T.);
#3498=ORIENTED_EDGE('',*,*,#2586,.T.);
#3499=ORIENTED_EDGE('',*,*,#2704,.T.);
#3500=ORIENTED_EDGE('',*,*,#2705,.T.);
#3501=ORIENTED_EDGE('',*,*,#2706,.T.);
#3502=ORIENTED_EDGE('',*,*,#2707,.T.);
#3503=ORIENTED_EDGE('',*,*,#2708,.T.);
#3504=ORIENTED_EDGE('',*,*,#2709,.T.);
#3505=ORIENTED_EDGE('',*,*,#2593,.T.);
#3506=ORIENTED_EDGE('',*,*,#2710,.T.);
#3507=ORIENTED_EDGE('',*,*,#2711,.T.);
#3508=ORIENTED_EDGE('',*,*,#2712,.T.);
#3509=ORIENTED_EDGE('',*,*,#2713,.T.);
#3510=ORIENTED_EDGE('',*,*,#2714,.T.);
#3511=ORIENTED_EDGE('',*,*,#2715,.T.);
#3512=ORIENTED_EDGE('',*,*,#2716,.T.);
#3513=ORIENTED_EDGE('',*,*,#2717,.T.);
#3514=ORIENTED_EDGE('',*,*,#2718,.T.);
#3515=ORIENTED_EDGE('',*,*,#2719,.T.);
#3516=ORIENTED_EDGE('',*,*,#2720,.T.);
#3517=ORIENTED_EDGE('',*,*,#2721,.T.);
#3518=ORIENTED_EDGE('',*,*,#2722,.T.);
#3519=ORIENTED_EDGE('',*,*,#2723,.T.);
#3520=ORIENTED_EDGE('',*,*,#2724,.T.);
#3521=ORIENTED_EDGE('',*,*,#2725,.T.);
#3522=ORIENTED_EDGE('',*,*,#2726,.T.);
#3523=ORIENTED_EDGE('',*,*,#2727,.T.);
#3524=ORIENTED_EDGE('',*,*,#2728,.T.);
#3525=ORIENTED_EDGE('',*,*,#2729,.T.);
#3526=ORIENTED_EDGE('',*,*,#2730,.T.);
#3527=ORIENTED_EDGE('',*,*,#2731,.T.);
#3528=ORIENTED_EDGE('',*,*,#2732,.T.);
#3529=ORIENTED_EDGE('',*,*,#2733,.T.);
#3530=ORIENTED_EDGE('',*,*,#2734,.T.);
#3531=ORIENTED_EDGE('',*,*,#2735,.T.);
#3532=ORIENTED_EDGE('',*,*,#2736,.T.);
#3533=ORIENTED_EDGE('',*,*,#2737,.T.);
#3534=ORIENTED_EDGE('',*,*,#2738,.T.);
#3535=ORIENTED_EDGE('',*,*,#2739,.T.);
#3536=ORIENTED_EDGE('',*,*,#2740,.T.);
#3537=ORIENTED_EDGE('',*,*,#2741,.T.);
#3538=ORIENTED_EDGE('',*,*,#2742,.T.);
#3539=ORIENTED_EDGE('',*,*,#2743,.T.);
#3540=ORIENTED_EDGE('',*,*,#2744,.T.);
#3541=ORIENTED_EDGE('',*,*,#2745,.T.);
#3542=ORIENTED_EDGE('',*,*,#2746,.T.);
#3543=ORIENTED_EDGE('',*,*,#2747,.T.);
#3544=ORIENTED_EDGE('',*,*,#2748,.T.);
#3545=ORIENTED_EDGE('',*,*,#2749,.T.);
#3546=ORIENTED_EDGE('',*,*,#2750,.T.);
#3547=ORIENTED_EDGE('',*,*,#2751,.T.);
#3548=ORIENTED_EDGE('',*,*,#2752,.T.);
#3549=ORIENTED_EDGE('',*,*,#2753,.T.);
#3550=ORIENTED_EDGE('',*,*,#2754,.T.);
#3551=ORIENTED_EDGE('',*,*,#2755,.T.);
#3552=ORIENTED_EDGE('',*,*,#2756,.T.);
#3553=ORIENTED_EDGE('',*,*,#2757,.T.);
#3554=ORIENTED_EDGE('',*,*,#2758,.T.);
#3555=ORIENTED_EDGE('',*,*,#2759,.T.);
#3556=ORIENTED_EDGE('',*,*,#2760,.T.);
#3557=ORIENTED_EDGE('',*,*,#2761,.T.);
#3558=ORIENTED_EDGE('',*,*,#2762,.T.);
#3559=ORIENTED_EDGE('',*,*,#2763,.T.);
#3560=ORIENTED_EDGE('',*,*,#2764,.T.);
#3561=ORIENTED_EDGE('',*,*,#2765,.T.);
#3562=ORIENTED_EDGE('',*,*,#2766,.T.);
#3563=ORIENTED_EDGE('',*,*,#2767,.T.);
#3564=ORIENTED_EDGE('',*,*,#2768,.T.);
#3565=ORIENTED_EDGE('',*,*,#2769,.T.);
#3566=ORIENTED_EDGE('',*,*,#2770,.T.);
#3567=ORIENTED_EDGE('',*,*,#2771,.T.);
#3568=ORIENTED_EDGE('',*,*,#2772,.T.);
#3569=ORIENTED_EDGE('',*,*,#2773,.T.);
#3570=ORIENTED_EDGE('',*,*,#2774,.T.);
#3571=ORIENTED_EDGE('',*,*,#2775,.T.);
#3572=ORIENTED_EDGE('',*,*,#2776,.T.);
#3573=ORIENTED_EDGE('',*,*,#2777,.T.);
#3574=ORIENTED_EDGE('',*,*,#2778,.T.);
#3575=ORIENTED_EDGE('',*,*,#2779,.T.);
#3576=ORIENTED_EDGE('',*,*,#2780,.T.);
#3577=ORIENTED_EDGE('',*,*,#2781,.T.);
#3578=ORIENTED_EDGE('',*,*,#2782,.T.);
#3579=ORIENTED_EDGE('',*,*,#2783,.T.);
#3580=ORIENTED_EDGE('',*,*,#2784,.T.);
#3581=ORIENTED_EDGE('',*,*,#2785,.T.);
#3582=ORIENTED_EDGE('',*,*,#2786,.T.);
#3583=ORIENTED_EDGE('',*,*,#2787,.T.);
#3584=ORIENTED_EDGE('',*,*,#2788,.T.);
#3585=ORIENTED_EDGE('',*,*,#2789,.T.);
#3586=ORIENTED_EDGE('',*,*,#2790,.T.);
#3587=ORIENTED_EDGE('',*,*,#2791,.T.);
#3588=ORIENTED_EDGE('',*,*,#2792,.T.);
#3589=ORIENTED_EDGE('',*,*,#2793,.T.);
#3590=ORIENTED_EDGE('',*,*,#2794,.T.);
#3591=ORIENTED_EDGE('',*,*,#2795,.T.);
#3592=ORIENTED_EDGE('',*,*,#2796,.T.);
#3593=ORIENTED_EDGE('',*,*,#2797,.T.);
#3594=ORIENTED_EDGE('',*,*,#2793,.F.);
#3595=ORIENTED_EDGE('',*,*,#2791,.F.);
#3596=ORIENTED_EDGE('',*,*,#2670,.F.);
#3597=ORIENTED_EDGE('',*,*,#2798,.T.);
#3598=ORIENTED_EDGE('',*,*,#2799,.T.);
#3599=ORIENTED_EDGE('',*,*,#2800,.T.);
#3600=ORIENTED_EDGE('',*,*,#2801,.T.);
#3601=ORIENTED_EDGE('',*,*,#2802,.T.);
#3602=ORIENTED_EDGE('',*,*,#2803,.T.);
#3603=ORIENTED_EDGE('',*,*,#2804,.T.);
#3604=ORIENTED_EDGE('',*,*,#2805,.T.);
#3605=ORIENTED_EDGE('',*,*,#2806,.T.);
#3606=ORIENTED_EDGE('',*,*,#2807,.T.);
#3607=ORIENTED_EDGE('',*,*,#2802,.F.);
#3608=ORIENTED_EDGE('',*,*,#2805,.F.);
#3609=ORIENTED_EDGE('',*,*,#2808,.T.);
#3610=ORIENTED_EDGE('',*,*,#2669,.F.);
#3611=ORIENTED_EDGE('',*,*,#2795,.F.);
#3612=ORIENTED_EDGE('',*,*,#2792,.F.);
#3613=ORIENTED_EDGE('',*,*,#2798,.F.);
#3614=ORIENTED_EDGE('',*,*,#2808,.F.);
#3615=ORIENTED_EDGE('',*,*,#2804,.F.);
#3616=ORIENTED_EDGE('',*,*,#2809,.T.);
#3617=ORIENTED_EDGE('',*,*,#2810,.F.);
#3618=ORIENTED_EDGE('',*,*,#2809,.F.);
#3619=ORIENTED_EDGE('',*,*,#2803,.F.);
#3620=ORIENTED_EDGE('',*,*,#2801,.F.);
#3621=ORIENTED_EDGE('',*,*,#2811,.F.);
#3622=ORIENTED_EDGE('',*,*,#2812,.T.);
#3623=ORIENTED_EDGE('',*,*,#2813,.T.);
#3624=ORIENTED_EDGE('',*,*,#2814,.T.);
#3625=ORIENTED_EDGE('',*,*,#2815,.T.);
#3626=ORIENTED_EDGE('',*,*,#2816,.T.);
#3627=ORIENTED_EDGE('',*,*,#2817,.T.);
#3628=ORIENTED_EDGE('',*,*,#2818,.T.);
#3629=ORIENTED_EDGE('',*,*,#2819,.T.);
#3630=ORIENTED_EDGE('',*,*,#2815,.F.);
#3631=ORIENTED_EDGE('',*,*,#2813,.F.);
#3632=ORIENTED_EDGE('',*,*,#2667,.F.);
#3633=ORIENTED_EDGE('',*,*,#2820,.T.);
#3634=ORIENTED_EDGE('',*,*,#2821,.T.);
#3635=ORIENTED_EDGE('',*,*,#2822,.T.);
#3636=ORIENTED_EDGE('',*,*,#2823,.T.);
#3637=ORIENTED_EDGE('',*,*,#2824,.T.);
#3638=ORIENTED_EDGE('',*,*,#2825,.T.);
#3639=ORIENTED_EDGE('',*,*,#2826,.T.);
#3640=ORIENTED_EDGE('',*,*,#2827,.T.);
#3641=ORIENTED_EDGE('',*,*,#2828,.T.);
#3642=ORIENTED_EDGE('',*,*,#2829,.T.);
#3643=ORIENTED_EDGE('',*,*,#2824,.F.);
#3644=ORIENTED_EDGE('',*,*,#2827,.F.);
#3645=ORIENTED_EDGE('',*,*,#2830,.T.);
#3646=ORIENTED_EDGE('',*,*,#2666,.F.);
#3647=ORIENTED_EDGE('',*,*,#2817,.F.);
#3648=ORIENTED_EDGE('',*,*,#2814,.F.);
#3649=ORIENTED_EDGE('',*,*,#2820,.F.);
#3650=ORIENTED_EDGE('',*,*,#2830,.F.);
#3651=ORIENTED_EDGE('',*,*,#2826,.F.);
#3652=ORIENTED_EDGE('',*,*,#2831,.T.);
#3653=ORIENTED_EDGE('',*,*,#2832,.F.);
#3654=ORIENTED_EDGE('',*,*,#2831,.F.);
#3655=ORIENTED_EDGE('',*,*,#2825,.F.);
#3656=ORIENTED_EDGE('',*,*,#2823,.F.);
#3657=ORIENTED_EDGE('',*,*,#2833,.F.);
#3658=ORIENTED_EDGE('',*,*,#2834,.F.);
#3659=ORIENTED_EDGE('',*,*,#2835,.T.);
#3660=ORIENTED_EDGE('',*,*,#2836,.F.);
#3661=ORIENTED_EDGE('',*,*,#2837,.F.);
#3662=ORIENTED_EDGE('',*,*,#2838,.F.);
#3663=ORIENTED_EDGE('',*,*,#2839,.F.);
#3664=ORIENTED_EDGE('',*,*,#2840,.F.);
#3665=ORIENTED_EDGE('',*,*,#2841,.F.);
#3666=ORIENTED_EDGE('',*,*,#2842,.F.);
#3667=ORIENTED_EDGE('',*,*,#2835,.F.);
#3668=ORIENTED_EDGE('',*,*,#2843,.F.);
#3669=ORIENTED_EDGE('',*,*,#2844,.T.);
#3670=ORIENTED_EDGE('',*,*,#2845,.F.);
#3671=ORIENTED_EDGE('',*,*,#2846,.F.);
#3672=ORIENTED_EDGE('',*,*,#2847,.F.);
#3673=ORIENTED_EDGE('',*,*,#2848,.F.);
#3674=ORIENTED_EDGE('',*,*,#2849,.F.);
#3675=ORIENTED_EDGE('',*,*,#2850,.F.);
#3676=ORIENTED_EDGE('',*,*,#2851,.F.);
#3677=ORIENTED_EDGE('',*,*,#2844,.F.);
#3678=ORIENTED_EDGE('',*,*,#2836,.T.);
#3679=ORIENTED_EDGE('',*,*,#2842,.T.);
#3680=ORIENTED_EDGE('',*,*,#2852,.F.);
#3681=ORIENTED_EDGE('',*,*,#2796,.F.);
#3682=ORIENTED_EDGE('',*,*,#2811,.T.);
#3683=ORIENTED_EDGE('',*,*,#2800,.F.);
#3684=ORIENTED_EDGE('',*,*,#2853,.F.);
#3685=ORIENTED_EDGE('',*,*,#2845,.T.);
#3686=ORIENTED_EDGE('',*,*,#2851,.T.);
#3687=ORIENTED_EDGE('',*,*,#2854,.F.);
#3688=ORIENTED_EDGE('',*,*,#2818,.F.);
#3689=ORIENTED_EDGE('',*,*,#2833,.T.);
#3690=ORIENTED_EDGE('',*,*,#2822,.F.);
#3691=ORIENTED_EDGE('',*,*,#2855,.F.);
#3692=ORIENTED_EDGE('',*,*,#2852,.T.);
#3693=ORIENTED_EDGE('',*,*,#2841,.T.);
#3694=ORIENTED_EDGE('',*,*,#2856,.T.);
#3695=ORIENTED_EDGE('',*,*,#2857,.F.);
#3696=ORIENTED_EDGE('',*,*,#2858,.T.);
#3697=ORIENTED_EDGE('',*,*,#2859,.F.);
#3698=ORIENTED_EDGE('',*,*,#2860,.T.);
#3699=ORIENTED_EDGE('',*,*,#2861,.T.);
#3700=ORIENTED_EDGE('',*,*,#2862,.T.);
#3701=ORIENTED_EDGE('',*,*,#2863,.T.);
#3702=ORIENTED_EDGE('',*,*,#2864,.T.);
#3703=ORIENTED_EDGE('',*,*,#2865,.T.);
#3704=ORIENTED_EDGE('',*,*,#2866,.T.);
#3705=ORIENTED_EDGE('',*,*,#2867,.T.);
#3706=ORIENTED_EDGE('',*,*,#2868,.T.);
#3707=ORIENTED_EDGE('',*,*,#2869,.T.);
#3708=ORIENTED_EDGE('',*,*,#2870,.T.);
#3709=ORIENTED_EDGE('',*,*,#2871,.F.);
#3710=ORIENTED_EDGE('',*,*,#2872,.F.);
#3711=ORIENTED_EDGE('',*,*,#2873,.F.);
#3712=ORIENTED_EDGE('',*,*,#2874,.F.);
#3713=ORIENTED_EDGE('',*,*,#2875,.T.);
#3714=ORIENTED_EDGE('',*,*,#2876,.T.);
#3715=ORIENTED_EDGE('',*,*,#2794,.F.);
#3716=ORIENTED_EDGE('',*,*,#2797,.F.);
#3717=ORIENTED_EDGE('',*,*,#2877,.T.);
#3718=ORIENTED_EDGE('',*,*,#2878,.T.);
#3719=ORIENTED_EDGE('',*,*,#2821,.F.);
#3720=ORIENTED_EDGE('',*,*,#2829,.F.);
#3721=ORIENTED_EDGE('',*,*,#2879,.T.);
#3722=ORIENTED_EDGE('',*,*,#2880,.F.);
#3723=ORIENTED_EDGE('',*,*,#2881,.F.);
#3724=ORIENTED_EDGE('',*,*,#2882,.F.);
#3725=ORIENTED_EDGE('',*,*,#2883,.F.);
#3726=ORIENTED_EDGE('',*,*,#2884,.T.);
#3727=ORIENTED_EDGE('',*,*,#2885,.T.);
#3728=ORIENTED_EDGE('',*,*,#2886,.T.);
#3729=ORIENTED_EDGE('',*,*,#2887,.T.);
#3730=ORIENTED_EDGE('',*,*,#2888,.T.);
#3731=ORIENTED_EDGE('',*,*,#2889,.T.);
#3732=ORIENTED_EDGE('',*,*,#2890,.T.);
#3733=ORIENTED_EDGE('',*,*,#2891,.T.);
#3734=ORIENTED_EDGE('',*,*,#2892,.T.);
#3735=ORIENTED_EDGE('',*,*,#2893,.T.);
#3736=ORIENTED_EDGE('',*,*,#2894,.T.);
#3737=ORIENTED_EDGE('',*,*,#2895,.T.);
#3738=ORIENTED_EDGE('',*,*,#2896,.F.);
#3739=ORIENTED_EDGE('',*,*,#2897,.T.);
#3740=ORIENTED_EDGE('',*,*,#2898,.F.);
#3741=ORIENTED_EDGE('',*,*,#2899,.T.);
#3742=ORIENTED_EDGE('',*,*,#2846,.T.);
#3743=ORIENTED_EDGE('',*,*,#2855,.T.);
#3744=ORIENTED_EDGE('',*,*,#2900,.T.);
#3745=ORIENTED_EDGE('',*,*,#2901,.T.);
#3746=ORIENTED_EDGE('',*,*,#2840,.T.);
#3747=ORIENTED_EDGE('',*,*,#2902,.F.);
#3748=ORIENTED_EDGE('',*,*,#2903,.F.);
#3749=ORIENTED_EDGE('',*,*,#2856,.F.);
#3750=ORIENTED_EDGE('',*,*,#2847,.T.);
#3751=ORIENTED_EDGE('',*,*,#2899,.F.);
#3752=ORIENTED_EDGE('',*,*,#2904,.F.);
#3753=ORIENTED_EDGE('',*,*,#2905,.F.);
#3754=ORIENTED_EDGE('',*,*,#2810,.T.);
#3755=ORIENTED_EDGE('',*,*,#2834,.T.);
#3756=ORIENTED_EDGE('',*,*,#2832,.T.);
#3757=ORIENTED_EDGE('',*,*,#2843,.T.);
#3758=ORIENTED_EDGE('',*,*,#2799,.F.);
#3759=ORIENTED_EDGE('',*,*,#2807,.F.);
#3760=ORIENTED_EDGE('',*,*,#2906,.T.);
#3761=ORIENTED_EDGE('',*,*,#2816,.F.);
#3762=ORIENTED_EDGE('',*,*,#2819,.F.);
#3763=ORIENTED_EDGE('',*,*,#2854,.T.);
#3764=ORIENTED_EDGE('',*,*,#2850,.T.);
#3765=ORIENTED_EDGE('',*,*,#2907,.T.);
#3766=ORIENTED_EDGE('',*,*,#2837,.T.);
#3767=ORIENTED_EDGE('',*,*,#2853,.T.);
#3768=ORIENTED_EDGE('',*,*,#2828,.F.);
#3769=ORIENTED_EDGE('',*,*,#2665,.F.);
#3770=ORIENTED_EDGE('',*,*,#2908,.F.);
#3771=ORIENTED_EDGE('',*,*,#2879,.F.);
#3772=ORIENTED_EDGE('',*,*,#2806,.F.);
#3773=ORIENTED_EDGE('',*,*,#2668,.F.);
#3774=ORIENTED_EDGE('',*,*,#2812,.F.);
#3775=ORIENTED_EDGE('',*,*,#2906,.F.);
#3776=ORIENTED_EDGE('',*,*,#2641,.F.);
#3777=ORIENTED_EDGE('',*,*,#2909,.T.);
#3778=ORIENTED_EDGE('',*,*,#2910,.F.);
#3779=ORIENTED_EDGE('',*,*,#2911,.T.);
#3780=ORIENTED_EDGE('',*,*,#2642,.F.);
#3781=ORIENTED_EDGE('',*,*,#2911,.F.);
#3782=ORIENTED_EDGE('',*,*,#2912,.F.);
#3783=ORIENTED_EDGE('',*,*,#2913,.F.);
#3784=ORIENTED_EDGE('',*,*,#2643,.F.);
#3785=ORIENTED_EDGE('',*,*,#2913,.T.);
#3786=ORIENTED_EDGE('',*,*,#2914,.F.);
#3787=ORIENTED_EDGE('',*,*,#2915,.F.);
#3788=ORIENTED_EDGE('',*,*,#2693,.F.);
#3789=ORIENTED_EDGE('',*,*,#2916,.F.);
#3790=ORIENTED_EDGE('',*,*,#2917,.F.);
#3791=ORIENTED_EDGE('',*,*,#2918,.T.);
#3792=ORIENTED_EDGE('',*,*,#2692,.F.);
#3793=ORIENTED_EDGE('',*,*,#2919,.T.);
#3794=ORIENTED_EDGE('',*,*,#2920,.F.);
#3795=ORIENTED_EDGE('',*,*,#2916,.T.);
#3796=ORIENTED_EDGE('',*,*,#2890,.F.);
#3797=ORIENTED_EDGE('',*,*,#2921,.T.);
#3798=ORIENTED_EDGE('',*,*,#2655,.F.);
#3799=ORIENTED_EDGE('',*,*,#2922,.F.);
#3800=ORIENTED_EDGE('',*,*,#2891,.F.);
#3801=ORIENTED_EDGE('',*,*,#2922,.T.);
#3802=ORIENTED_EDGE('',*,*,#2654,.F.);
#3803=ORIENTED_EDGE('',*,*,#2923,.T.);
#3804=ORIENTED_EDGE('',*,*,#2889,.F.);
#3805=ORIENTED_EDGE('',*,*,#2924,.F.);
#3806=ORIENTED_EDGE('',*,*,#2656,.F.);
#3807=ORIENTED_EDGE('',*,*,#2921,.F.);
#3808=ORIENTED_EDGE('',*,*,#2866,.F.);
#3809=ORIENTED_EDGE('',*,*,#2925,.T.);
#3810=ORIENTED_EDGE('',*,*,#2679,.F.);
#3811=ORIENTED_EDGE('',*,*,#2926,.F.);
#3812=ORIENTED_EDGE('',*,*,#2867,.F.);
#3813=ORIENTED_EDGE('',*,*,#2926,.T.);
#3814=ORIENTED_EDGE('',*,*,#2678,.F.);
#3815=ORIENTED_EDGE('',*,*,#2927,.T.);
#3816=ORIENTED_EDGE('',*,*,#2914,.T.);
#3817=ORIENTED_EDGE('',*,*,#2912,.T.);
#3818=ORIENTED_EDGE('',*,*,#2910,.T.);
#3819=ORIENTED_EDGE('',*,*,#2928,.T.);
#3820=ORIENTED_EDGE('',*,*,#2929,.T.);
#3821=ORIENTED_EDGE('',*,*,#2930,.T.);
#3822=ORIENTED_EDGE('',*,*,#2931,.F.);
#3823=ORIENTED_EDGE('',*,*,#2932,.F.);
#3824=ORIENTED_EDGE('',*,*,#2933,.F.);
#3825=ORIENTED_EDGE('',*,*,#2934,.T.);
#3826=ORIENTED_EDGE('',*,*,#2935,.T.);
#3827=ORIENTED_EDGE('',*,*,#2936,.F.);
#3828=ORIENTED_EDGE('',*,*,#2937,.T.);
#3829=ORIENTED_EDGE('',*,*,#2938,.F.);
#3830=ORIENTED_EDGE('',*,*,#2939,.T.);
#3831=ORIENTED_EDGE('',*,*,#2940,.T.);
#3832=ORIENTED_EDGE('',*,*,#2941,.T.);
#3833=ORIENTED_EDGE('',*,*,#2942,.T.);
#3834=ORIENTED_EDGE('',*,*,#2943,.T.);
#3835=ORIENTED_EDGE('',*,*,#2944,.T.);
#3836=ORIENTED_EDGE('',*,*,#2945,.T.);
#3837=ORIENTED_EDGE('',*,*,#2946,.F.);
#3838=ORIENTED_EDGE('',*,*,#2947,.T.);
#3839=ORIENTED_EDGE('',*,*,#2948,.T.);
#3840=ORIENTED_EDGE('',*,*,#2949,.F.);
#3841=ORIENTED_EDGE('',*,*,#2950,.T.);
#3842=ORIENTED_EDGE('',*,*,#2951,.F.);
#3843=ORIENTED_EDGE('',*,*,#2952,.T.);
#3844=ORIENTED_EDGE('',*,*,#2700,.T.);
#3845=ORIENTED_EDGE('',*,*,#2953,.T.);
#3846=ORIENTED_EDGE('',*,*,#2954,.F.);
#3847=ORIENTED_EDGE('',*,*,#2947,.F.);
#3848=ORIENTED_EDGE('',*,*,#2954,.T.);
#3849=ORIENTED_EDGE('',*,*,#2953,.F.);
#3850=ORIENTED_EDGE('',*,*,#2699,.F.);
#3851=ORIENTED_EDGE('',*,*,#2955,.T.);
#3852=ORIENTED_EDGE('',*,*,#2956,.T.);
#3853=ORIENTED_EDGE('',*,*,#2957,.F.);
#3854=ORIENTED_EDGE('',*,*,#2952,.F.);
#3855=ORIENTED_EDGE('',*,*,#2958,.F.);
#3856=ORIENTED_EDGE('',*,*,#2959,.F.);
#3857=ORIENTED_EDGE('',*,*,#2622,.T.);
#3858=ORIENTED_EDGE('',*,*,#2620,.F.);
#3859=ORIENTED_EDGE('',*,*,#2960,.F.);
#3860=ORIENTED_EDGE('',*,*,#2701,.F.);
#3861=ORIENTED_EDGE('',*,*,#2961,.F.);
#3862=ORIENTED_EDGE('',*,*,#2962,.T.);
#3863=ORIENTED_EDGE('',*,*,#2635,.T.);
#3864=ORIENTED_EDGE('',*,*,#2630,.T.);
#3865=ORIENTED_EDGE('',*,*,#2963,.T.);
#3866=ORIENTED_EDGE('',*,*,#2962,.F.);
#3867=ORIENTED_EDGE('',*,*,#2964,.F.);
#3868=ORIENTED_EDGE('',*,*,#2965,.F.);
#3869=ORIENTED_EDGE('',*,*,#2966,.F.);
#3870=ORIENTED_EDGE('',*,*,#2636,.F.);
#3871=ORIENTED_EDGE('',*,*,#2967,.F.);
#3872=ORIENTED_EDGE('',*,*,#2968,.F.);
#3873=ORIENTED_EDGE('',*,*,#2969,.F.);
#3874=ORIENTED_EDGE('',*,*,#2970,.F.);
#3875=ORIENTED_EDGE('',*,*,#2965,.T.);
#3876=ORIENTED_EDGE('',*,*,#2971,.F.);
#3877=ORIENTED_EDGE('',*,*,#2972,.F.);
#3878=ORIENTED_EDGE('',*,*,#2932,.T.);
#3879=ORIENTED_EDGE('',*,*,#2615,.T.);
#3880=ORIENTED_EDGE('',*,*,#2973,.F.);
#3881=ORIENTED_EDGE('',*,*,#2974,.F.);
#3882=ORIENTED_EDGE('',*,*,#2975,.F.);
#3883=ORIENTED_EDGE('',*,*,#2611,.T.);
#3884=ORIENTED_EDGE('',*,*,#2976,.F.);
#3885=ORIENTED_EDGE('',*,*,#2561,.T.);
#3886=ORIENTED_EDGE('',*,*,#2616,.T.);
#3887=ORIENTED_EDGE('',*,*,#2976,.T.);
#3888=ORIENTED_EDGE('',*,*,#2613,.T.);
#3889=ORIENTED_EDGE('',*,*,#2555,.F.);
#3890=ORIENTED_EDGE('',*,*,#2610,.T.);
#3891=ORIENTED_EDGE('',*,*,#2585,.T.);
#3892=ORIENTED_EDGE('',*,*,#2612,.T.);
#3893=ORIENTED_EDGE('',*,*,#2975,.T.);
#3894=ORIENTED_EDGE('',*,*,#2977,.F.);
#3895=ORIENTED_EDGE('',*,*,#2978,.F.);
#3896=ORIENTED_EDGE('',*,*,#2979,.F.);
#3897=ORIENTED_EDGE('',*,*,#2626,.T.);
#3898=ORIENTED_EDGE('',*,*,#2557,.F.);
#3899=ORIENTED_EDGE('',*,*,#2623,.T.);
#3900=ORIENTED_EDGE('',*,*,#2959,.T.);
#3901=ORIENTED_EDGE('',*,*,#2980,.F.);
#3902=ORIENTED_EDGE('',*,*,#2981,.F.);
#3903=ORIENTED_EDGE('',*,*,#2982,.F.);
#3904=ORIENTED_EDGE('',*,*,#2983,.F.);
#3905=ORIENTED_EDGE('',*,*,#2984,.F.);
#3906=ORIENTED_EDGE('',*,*,#2985,.F.);
#3907=ORIENTED_EDGE('',*,*,#2936,.T.);
#3908=ORIENTED_EDGE('',*,*,#2986,.T.);
#3909=ORIENTED_EDGE('',*,*,#2984,.T.);
#3910=ORIENTED_EDGE('',*,*,#2987,.T.);
#3911=ORIENTED_EDGE('',*,*,#2988,.T.);
#3912=ORIENTED_EDGE('',*,*,#2989,.T.);
#3913=ORIENTED_EDGE('',*,*,#2627,.T.);
#3914=ORIENTED_EDGE('',*,*,#2979,.T.);
#3915=ORIENTED_EDGE('',*,*,#2985,.T.);
#3916=ORIENTED_EDGE('',*,*,#2990,.T.);
#3917=ORIENTED_EDGE('',*,*,#2988,.F.);
#3918=ORIENTED_EDGE('',*,*,#2978,.T.);
#3919=ORIENTED_EDGE('',*,*,#2991,.F.);
#3920=ORIENTED_EDGE('',*,*,#2992,.F.);
#3921=ORIENTED_EDGE('',*,*,#2993,.F.);
#3922=ORIENTED_EDGE('',*,*,#2898,.T.);
#3923=ORIENTED_EDGE('',*,*,#2994,.T.);
#3924=ORIENTED_EDGE('',*,*,#2992,.T.);
#3925=ORIENTED_EDGE('',*,*,#2904,.T.);
#3926=ORIENTED_EDGE('',*,*,#2605,.T.);
#3927=ORIENTED_EDGE('',*,*,#2995,.T.);
#3928=ORIENTED_EDGE('',*,*,#2993,.T.);
#3929=ORIENTED_EDGE('',*,*,#2996,.T.);
#3930=ORIENTED_EDGE('',*,*,#2983,.T.);
#3931=ORIENTED_EDGE('',*,*,#2977,.T.);
#3932=ORIENTED_EDGE('',*,*,#2974,.T.);
#3933=ORIENTED_EDGE('',*,*,#2997,.T.);
#3934=ORIENTED_EDGE('',*,*,#2998,.T.);
#3935=ORIENTED_EDGE('',*,*,#2999,.T.);
#3936=ORIENTED_EDGE('',*,*,#3000,.T.);
#3937=ORIENTED_EDGE('',*,*,#3001,.T.);
#3938=ORIENTED_EDGE('',*,*,#3002,.T.);
#3939=ORIENTED_EDGE('',*,*,#3003,.T.);
#3940=ORIENTED_EDGE('',*,*,#3004,.T.);
#3941=ORIENTED_EDGE('',*,*,#3005,.T.);
#3942=ORIENTED_EDGE('',*,*,#3006,.T.);
#3943=ORIENTED_EDGE('',*,*,#3007,.T.);
#3944=ORIENTED_EDGE('',*,*,#3008,.F.);
#3945=ORIENTED_EDGE('',*,*,#3009,.F.);
#3946=ORIENTED_EDGE('',*,*,#3010,.F.);
#3947=ORIENTED_EDGE('',*,*,#3011,.T.);
#3948=ORIENTED_EDGE('',*,*,#3012,.T.);
#3949=ORIENTED_EDGE('',*,*,#3009,.T.);
#3950=ORIENTED_EDGE('',*,*,#3013,.T.);
#3951=ORIENTED_EDGE('',*,*,#3014,.F.);
#3952=ORIENTED_EDGE('',*,*,#3015,.F.);
#3953=ORIENTED_EDGE('',*,*,#3016,.F.);
#3954=ORIENTED_EDGE('',*,*,#2857,.T.);
#3955=ORIENTED_EDGE('',*,*,#2903,.T.);
#3956=ORIENTED_EDGE('',*,*,#3015,.T.);
#3957=ORIENTED_EDGE('',*,*,#3017,.T.);
#3958=ORIENTED_EDGE('',*,*,#2839,.T.);
#3959=ORIENTED_EDGE('',*,*,#3018,.T.);
#3960=ORIENTED_EDGE('',*,*,#2848,.T.);
#3961=ORIENTED_EDGE('',*,*,#2905,.T.);
#3962=ORIENTED_EDGE('',*,*,#2991,.T.);
#3963=ORIENTED_EDGE('',*,*,#3019,.T.);
#3964=ORIENTED_EDGE('',*,*,#3020,.F.);
#3965=ORIENTED_EDGE('',*,*,#3021,.T.);
#3966=ORIENTED_EDGE('',*,*,#3022,.F.);
#3967=ORIENTED_EDGE('',*,*,#3023,.T.);
#3968=ORIENTED_EDGE('',*,*,#3024,.F.);
#3969=ORIENTED_EDGE('',*,*,#3025,.T.);
#3970=ORIENTED_EDGE('',*,*,#3026,.F.);
#3971=ORIENTED_EDGE('',*,*,#3027,.T.);
#3972=ORIENTED_EDGE('',*,*,#3028,.F.);
#3973=ORIENTED_EDGE('',*,*,#3029,.T.);
#3974=ORIENTED_EDGE('',*,*,#3030,.F.);
#3975=ORIENTED_EDGE('',*,*,#3031,.T.);
#3976=ORIENTED_EDGE('',*,*,#3032,.F.);
#3977=ORIENTED_EDGE('',*,*,#3033,.T.);
#3978=ORIENTED_EDGE('',*,*,#3034,.F.);
#3979=ORIENTED_EDGE('',*,*,#3035,.T.);
#3980=ORIENTED_EDGE('',*,*,#3016,.T.);
#3981=ORIENTED_EDGE('',*,*,#2902,.T.);
#3982=ORIENTED_EDGE('',*,*,#2590,.T.);
#3983=ORIENTED_EDGE('',*,*,#3036,.T.);
#3984=ORIENTED_EDGE('',*,*,#3037,.T.);
#3985=ORIENTED_EDGE('',*,*,#3038,.T.);
#3986=ORIENTED_EDGE('',*,*,#3039,.T.);
#3987=ORIENTED_EDGE('',*,*,#3040,.T.);
#3988=ORIENTED_EDGE('',*,*,#3041,.T.);
#3989=ORIENTED_EDGE('',*,*,#3042,.T.);
#3990=ORIENTED_EDGE('',*,*,#3043,.T.);
#3991=ORIENTED_EDGE('',*,*,#3044,.T.);
#3992=ORIENTED_EDGE('',*,*,#3045,.T.);
#3993=ORIENTED_EDGE('',*,*,#3046,.T.);
#3994=ORIENTED_EDGE('',*,*,#3047,.T.);
#3995=ORIENTED_EDGE('',*,*,#2600,.T.);
#3996=ORIENTED_EDGE('',*,*,#2624,.T.);
#3997=ORIENTED_EDGE('',*,*,#2982,.T.);
#3998=ORIENTED_EDGE('',*,*,#3010,.T.);
#3999=ORIENTED_EDGE('',*,*,#3048,.T.);
#4000=ORIENTED_EDGE('',*,*,#3014,.T.);
#4001=ORIENTED_EDGE('',*,*,#3049,.T.);
#4002=ORIENTED_EDGE('',*,*,#3050,.T.);
#4003=ORIENTED_EDGE('',*,*,#3051,.T.);
#4004=ORIENTED_EDGE('',*,*,#3008,.T.);
#4005=ORIENTED_EDGE('',*,*,#2981,.T.);
#4006=ORIENTED_EDGE('',*,*,#2951,.T.);
#4007=ORIENTED_EDGE('',*,*,#2946,.T.);
#4008=ORIENTED_EDGE('',*,*,#3052,.T.);
#4009=ORIENTED_EDGE('',*,*,#3050,.F.);
#4010=ORIENTED_EDGE('',*,*,#2980,.T.);
#4011=ORIENTED_EDGE('',*,*,#2958,.T.);
#4012=ORIENTED_EDGE('',*,*,#2989,.F.);
#4013=ORIENTED_EDGE('',*,*,#3053,.T.);
#4014=ORIENTED_EDGE('',*,*,#2934,.F.);
#4015=ORIENTED_EDGE('',*,*,#3054,.T.);
#4016=ORIENTED_EDGE('',*,*,#2628,.F.);
#4017=ORIENTED_EDGE('',*,*,#2990,.F.);
#4018=ORIENTED_EDGE('',*,*,#2986,.F.);
#4019=ORIENTED_EDGE('',*,*,#2935,.F.);
#4020=ORIENTED_EDGE('',*,*,#3053,.F.);
#4021=ORIENTED_EDGE('',*,*,#2987,.F.);
#4022=ORIENTED_EDGE('',*,*,#2996,.F.);
#4023=ORIENTED_EDGE('',*,*,#2994,.F.);
#4024=ORIENTED_EDGE('',*,*,#2897,.F.);
#4025=ORIENTED_EDGE('',*,*,#3055,.F.);
#4026=ORIENTED_EDGE('',*,*,#3056,.F.);
#4027=ORIENTED_EDGE('',*,*,#3057,.F.);
#4028=ORIENTED_EDGE('',*,*,#2937,.F.);
#4029=ORIENTED_EDGE('',*,*,#2838,.T.);
#4030=ORIENTED_EDGE('',*,*,#2907,.F.);
#4031=ORIENTED_EDGE('',*,*,#2849,.T.);
#4032=ORIENTED_EDGE('',*,*,#3018,.F.);
#4033=ORIENTED_EDGE('',*,*,#3017,.F.);
#4034=ORIENTED_EDGE('',*,*,#3048,.F.);
#4035=ORIENTED_EDGE('',*,*,#3012,.F.);
#4036=ORIENTED_EDGE('',*,*,#3058,.F.);
#4037=ORIENTED_EDGE('',*,*,#3059,.F.);
#4038=ORIENTED_EDGE('',*,*,#3060,.F.);
#4039=ORIENTED_EDGE('',*,*,#3061,.F.);
#4040=ORIENTED_EDGE('',*,*,#2858,.F.);
#4041=ORIENTED_EDGE('',*,*,#3013,.F.);
#4042=ORIENTED_EDGE('',*,*,#3051,.F.);
#4043=ORIENTED_EDGE('',*,*,#3062,.T.);
#4044=ORIENTED_EDGE('',*,*,#3063,.F.);
#4045=ORIENTED_EDGE('',*,*,#2950,.F.);
#4046=ORIENTED_EDGE('',*,*,#3064,.T.);
#4047=ORIENTED_EDGE('',*,*,#3065,.F.);
#4048=ORIENTED_EDGE('',*,*,#3062,.F.);
#4049=ORIENTED_EDGE('',*,*,#3052,.F.);
#4050=ORIENTED_EDGE('',*,*,#2707,.F.);
#4051=ORIENTED_EDGE('',*,*,#3066,.T.);
#4052=ORIENTED_EDGE('',*,*,#3067,.F.);
#4053=ORIENTED_EDGE('',*,*,#3068,.F.);
#4054=ORIENTED_EDGE('',*,*,#2706,.F.);
#4055=ORIENTED_EDGE('',*,*,#3068,.T.);
#4056=ORIENTED_EDGE('',*,*,#3040,.F.);
#4057=ORIENTED_EDGE('',*,*,#3066,.F.);
#4058=ORIENTED_EDGE('',*,*,#2709,.F.);
#4059=ORIENTED_EDGE('',*,*,#3069,.T.);
#4060=ORIENTED_EDGE('',*,*,#3070,.F.);
#4061=ORIENTED_EDGE('',*,*,#3071,.F.);
#4062=ORIENTED_EDGE('',*,*,#2708,.F.);
#4063=ORIENTED_EDGE('',*,*,#3071,.T.);
#4064=ORIENTED_EDGE('',*,*,#3038,.F.);
#4065=ORIENTED_EDGE('',*,*,#3069,.F.);
#4066=ORIENTED_EDGE('',*,*,#2592,.T.);
#4067=ORIENTED_EDGE('',*,*,#3072,.F.);
#4068=ORIENTED_EDGE('',*,*,#3073,.F.);
#4069=ORIENTED_EDGE('',*,*,#2710,.F.);
#4070=ORIENTED_EDGE('',*,*,#2589,.T.);
#4071=ORIENTED_EDGE('',*,*,#2617,.F.);
#4072=ORIENTED_EDGE('',*,*,#2594,.T.);
#4073=ORIENTED_EDGE('',*,*,#2711,.F.);
#4074=ORIENTED_EDGE('',*,*,#3073,.T.);
#4075=ORIENTED_EDGE('',*,*,#3074,.F.);
#4076=ORIENTED_EDGE('',*,*,#3036,.F.);
#4077=ORIENTED_EDGE('',*,*,#2713,.F.);
#4078=ORIENTED_EDGE('',*,*,#3075,.T.);
#4079=ORIENTED_EDGE('',*,*,#3076,.F.);
#4080=ORIENTED_EDGE('',*,*,#3077,.F.);
#4081=ORIENTED_EDGE('',*,*,#2712,.F.);
#4082=ORIENTED_EDGE('',*,*,#3077,.T.);
#4083=ORIENTED_EDGE('',*,*,#3006,.F.);
#4084=ORIENTED_EDGE('',*,*,#3075,.F.);
#4085=ORIENTED_EDGE('',*,*,#2715,.F.);
#4086=ORIENTED_EDGE('',*,*,#3078,.T.);
#4087=ORIENTED_EDGE('',*,*,#3079,.F.);
#4088=ORIENTED_EDGE('',*,*,#3080,.F.);
#4089=ORIENTED_EDGE('',*,*,#2603,.T.);
#4090=ORIENTED_EDGE('',*,*,#2625,.F.);
#4091=ORIENTED_EDGE('',*,*,#2607,.T.);
#4092=ORIENTED_EDGE('',*,*,#3081,.F.);
#4093=ORIENTED_EDGE('',*,*,#3078,.F.);
#4094=ORIENTED_EDGE('',*,*,#2714,.F.);
#4095=ORIENTED_EDGE('',*,*,#3080,.T.);
#4096=ORIENTED_EDGE('',*,*,#3082,.F.);
#4097=ORIENTED_EDGE('',*,*,#2717,.F.);
#4098=ORIENTED_EDGE('',*,*,#3083,.T.);
#4099=ORIENTED_EDGE('',*,*,#3020,.T.);
#4100=ORIENTED_EDGE('',*,*,#3084,.F.);
#4101=ORIENTED_EDGE('',*,*,#3022,.T.);
#4102=ORIENTED_EDGE('',*,*,#3085,.F.);
#4103=ORIENTED_EDGE('',*,*,#2716,.F.);
#4104=ORIENTED_EDGE('',*,*,#3085,.T.);
#4105=ORIENTED_EDGE('',*,*,#3021,.F.);
#4106=ORIENTED_EDGE('',*,*,#3083,.F.);
#4107=ORIENTED_EDGE('',*,*,#2719,.F.);
#4108=ORIENTED_EDGE('',*,*,#3086,.T.);
#4109=ORIENTED_EDGE('',*,*,#3087,.F.);
#4110=ORIENTED_EDGE('',*,*,#3088,.F.);
#4111=ORIENTED_EDGE('',*,*,#2718,.F.);
#4112=ORIENTED_EDGE('',*,*,#3088,.T.);
#4113=ORIENTED_EDGE('',*,*,#3046,.F.);
#4114=ORIENTED_EDGE('',*,*,#3086,.F.);
#4115=ORIENTED_EDGE('',*,*,#2721,.F.);
#4116=ORIENTED_EDGE('',*,*,#3089,.T.);
#4117=ORIENTED_EDGE('',*,*,#3090,.F.);
#4118=ORIENTED_EDGE('',*,*,#3091,.F.);
#4119=ORIENTED_EDGE('',*,*,#2720,.F.);
#4120=ORIENTED_EDGE('',*,*,#3091,.T.);
#4121=ORIENTED_EDGE('',*,*,#3000,.F.);
#4122=ORIENTED_EDGE('',*,*,#3089,.F.);
#4123=ORIENTED_EDGE('',*,*,#2723,.F.);
#4124=ORIENTED_EDGE('',*,*,#3092,.T.);
#4125=ORIENTED_EDGE('',*,*,#3093,.F.);
#4126=ORIENTED_EDGE('',*,*,#3094,.F.);
#4127=ORIENTED_EDGE('',*,*,#2722,.F.);
#4128=ORIENTED_EDGE('',*,*,#3094,.T.);
#4129=ORIENTED_EDGE('',*,*,#3002,.F.);
#4130=ORIENTED_EDGE('',*,*,#3092,.F.);
#4131=ORIENTED_EDGE('',*,*,#2725,.F.);
#4132=ORIENTED_EDGE('',*,*,#3095,.T.);
#4133=ORIENTED_EDGE('',*,*,#3024,.T.);
#4134=ORIENTED_EDGE('',*,*,#3096,.F.);
#4135=ORIENTED_EDGE('',*,*,#3026,.T.);
#4136=ORIENTED_EDGE('',*,*,#3097,.F.);
#4137=ORIENTED_EDGE('',*,*,#2724,.F.);
#4138=ORIENTED_EDGE('',*,*,#3097,.T.);
#4139=ORIENTED_EDGE('',*,*,#3025,.F.);
#4140=ORIENTED_EDGE('',*,*,#3095,.F.);
#4141=ORIENTED_EDGE('',*,*,#2727,.F.);
#4142=ORIENTED_EDGE('',*,*,#3098,.T.);
#4143=ORIENTED_EDGE('',*,*,#3032,.T.);
#4144=ORIENTED_EDGE('',*,*,#3099,.F.);
#4145=ORIENTED_EDGE('',*,*,#3034,.T.);
#4146=ORIENTED_EDGE('',*,*,#3100,.F.);
#4147=ORIENTED_EDGE('',*,*,#2726,.F.);
#4148=ORIENTED_EDGE('',*,*,#3100,.T.);
#4149=ORIENTED_EDGE('',*,*,#3033,.F.);
#4150=ORIENTED_EDGE('',*,*,#3098,.F.);
#4151=ORIENTED_EDGE('',*,*,#2729,.F.);
#4152=ORIENTED_EDGE('',*,*,#3101,.T.);
#4153=ORIENTED_EDGE('',*,*,#3102,.F.);
#4154=ORIENTED_EDGE('',*,*,#3103,.F.);
#4155=ORIENTED_EDGE('',*,*,#2728,.F.);
#4156=ORIENTED_EDGE('',*,*,#3103,.T.);
#4157=ORIENTED_EDGE('',*,*,#3004,.F.);
#4158=ORIENTED_EDGE('',*,*,#3101,.F.);
#4159=ORIENTED_EDGE('',*,*,#2731,.F.);
#4160=ORIENTED_EDGE('',*,*,#3104,.T.);
#4161=ORIENTED_EDGE('',*,*,#3028,.T.);
#4162=ORIENTED_EDGE('',*,*,#3105,.F.);
#4163=ORIENTED_EDGE('',*,*,#3030,.T.);
#4164=ORIENTED_EDGE('',*,*,#3106,.F.);
#4165=ORIENTED_EDGE('',*,*,#2730,.F.);
#4166=ORIENTED_EDGE('',*,*,#3106,.T.);
#4167=ORIENTED_EDGE('',*,*,#3029,.F.);
#4168=ORIENTED_EDGE('',*,*,#3104,.F.);
#4169=ORIENTED_EDGE('',*,*,#2733,.F.);
#4170=ORIENTED_EDGE('',*,*,#3107,.T.);
#4171=ORIENTED_EDGE('',*,*,#3108,.F.);
#4172=ORIENTED_EDGE('',*,*,#3109,.F.);
#4173=ORIENTED_EDGE('',*,*,#2732,.F.);
#4174=ORIENTED_EDGE('',*,*,#3109,.T.);
#4175=ORIENTED_EDGE('',*,*,#3044,.F.);
#4176=ORIENTED_EDGE('',*,*,#3107,.F.);
#4177=ORIENTED_EDGE('',*,*,#2735,.F.);
#4178=ORIENTED_EDGE('',*,*,#3110,.T.);
#4179=ORIENTED_EDGE('',*,*,#3111,.F.);
#4180=ORIENTED_EDGE('',*,*,#3112,.F.);
#4181=ORIENTED_EDGE('',*,*,#2734,.F.);
#4182=ORIENTED_EDGE('',*,*,#3112,.T.);
#4183=ORIENTED_EDGE('',*,*,#3042,.F.);
#4184=ORIENTED_EDGE('',*,*,#3110,.F.);
#4185=ORIENTED_EDGE('',*,*,#2737,.F.);
#4186=ORIENTED_EDGE('',*,*,#3113,.T.);
#4187=ORIENTED_EDGE('',*,*,#3114,.F.);
#4188=ORIENTED_EDGE('',*,*,#3115,.F.);
#4189=ORIENTED_EDGE('',*,*,#2736,.F.);
#4190=ORIENTED_EDGE('',*,*,#3115,.T.);
#4191=ORIENTED_EDGE('',*,*,#2998,.F.);
#4192=ORIENTED_EDGE('',*,*,#3113,.F.);
#4193=ORIENTED_EDGE('',*,*,#3116,.F.);
#4194=ORIENTED_EDGE('',*,*,#3117,.T.);
#4195=ORIENTED_EDGE('',*,*,#2738,.F.);
#4196=ORIENTED_EDGE('',*,*,#3117,.F.);
#4197=ORIENTED_EDGE('',*,*,#3118,.F.);
#4198=ORIENTED_EDGE('',*,*,#3119,.T.);
#4199=ORIENTED_EDGE('',*,*,#2739,.F.);
#4200=ORIENTED_EDGE('',*,*,#3119,.F.);
#4201=ORIENTED_EDGE('',*,*,#3120,.F.);
#4202=ORIENTED_EDGE('',*,*,#3121,.T.);
#4203=ORIENTED_EDGE('',*,*,#2740,.F.);
#4204=ORIENTED_EDGE('',*,*,#3121,.F.);
#4205=ORIENTED_EDGE('',*,*,#3122,.F.);
#4206=ORIENTED_EDGE('',*,*,#3123,.T.);
#4207=ORIENTED_EDGE('',*,*,#2741,.F.);
#4208=ORIENTED_EDGE('',*,*,#3123,.F.);
#4209=ORIENTED_EDGE('',*,*,#3124,.F.);
#4210=ORIENTED_EDGE('',*,*,#3125,.T.);
#4211=ORIENTED_EDGE('',*,*,#2742,.F.);
#4212=ORIENTED_EDGE('',*,*,#3125,.F.);
#4213=ORIENTED_EDGE('',*,*,#3126,.F.);
#4214=ORIENTED_EDGE('',*,*,#3127,.T.);
#4215=ORIENTED_EDGE('',*,*,#2743,.F.);
#4216=ORIENTED_EDGE('',*,*,#3127,.F.);
#4217=ORIENTED_EDGE('',*,*,#3128,.F.);
#4218=ORIENTED_EDGE('',*,*,#3129,.T.);
#4219=ORIENTED_EDGE('',*,*,#2744,.F.);
#4220=ORIENTED_EDGE('',*,*,#3129,.F.);
#4221=ORIENTED_EDGE('',*,*,#3130,.F.);
#4222=ORIENTED_EDGE('',*,*,#3131,.T.);
#4223=ORIENTED_EDGE('',*,*,#2745,.F.);
#4224=ORIENTED_EDGE('',*,*,#3131,.F.);
#4225=ORIENTED_EDGE('',*,*,#3132,.F.);
#4226=ORIENTED_EDGE('',*,*,#3133,.T.);
#4227=ORIENTED_EDGE('',*,*,#2746,.F.);
#4228=ORIENTED_EDGE('',*,*,#3133,.F.);
#4229=ORIENTED_EDGE('',*,*,#3134,.F.);
#4230=ORIENTED_EDGE('',*,*,#3135,.T.);
#4231=ORIENTED_EDGE('',*,*,#2747,.F.);
#4232=ORIENTED_EDGE('',*,*,#3135,.F.);
#4233=ORIENTED_EDGE('',*,*,#3136,.F.);
#4234=ORIENTED_EDGE('',*,*,#3137,.T.);
#4235=ORIENTED_EDGE('',*,*,#2748,.F.);
#4236=ORIENTED_EDGE('',*,*,#3137,.F.);
#4237=ORIENTED_EDGE('',*,*,#3138,.F.);
#4238=ORIENTED_EDGE('',*,*,#3139,.T.);
#4239=ORIENTED_EDGE('',*,*,#2749,.F.);
#4240=ORIENTED_EDGE('',*,*,#3139,.F.);
#4241=ORIENTED_EDGE('',*,*,#3140,.F.);
#4242=ORIENTED_EDGE('',*,*,#3141,.T.);
#4243=ORIENTED_EDGE('',*,*,#2750,.F.);
#4244=ORIENTED_EDGE('',*,*,#3141,.F.);
#4245=ORIENTED_EDGE('',*,*,#3142,.F.);
#4246=ORIENTED_EDGE('',*,*,#3143,.T.);
#4247=ORIENTED_EDGE('',*,*,#2751,.F.);
#4248=ORIENTED_EDGE('',*,*,#3143,.F.);
#4249=ORIENTED_EDGE('',*,*,#3144,.F.);
#4250=ORIENTED_EDGE('',*,*,#3145,.T.);
#4251=ORIENTED_EDGE('',*,*,#2752,.F.);
#4252=ORIENTED_EDGE('',*,*,#3145,.F.);
#4253=ORIENTED_EDGE('',*,*,#3146,.F.);
#4254=ORIENTED_EDGE('',*,*,#3147,.T.);
#4255=ORIENTED_EDGE('',*,*,#2753,.F.);
#4256=ORIENTED_EDGE('',*,*,#3147,.F.);
#4257=ORIENTED_EDGE('',*,*,#3148,.F.);
#4258=ORIENTED_EDGE('',*,*,#3149,.T.);
#4259=ORIENTED_EDGE('',*,*,#2754,.F.);
#4260=ORIENTED_EDGE('',*,*,#3149,.F.);
#4261=ORIENTED_EDGE('',*,*,#3150,.F.);
#4262=ORIENTED_EDGE('',*,*,#3151,.T.);
#4263=ORIENTED_EDGE('',*,*,#2755,.F.);
#4264=ORIENTED_EDGE('',*,*,#3151,.F.);
#4265=ORIENTED_EDGE('',*,*,#3152,.F.);
#4266=ORIENTED_EDGE('',*,*,#3153,.T.);
#4267=ORIENTED_EDGE('',*,*,#2756,.F.);
#4268=ORIENTED_EDGE('',*,*,#3153,.F.);
#4269=ORIENTED_EDGE('',*,*,#3154,.F.);
#4270=ORIENTED_EDGE('',*,*,#3155,.T.);
#4271=ORIENTED_EDGE('',*,*,#2757,.F.);
#4272=ORIENTED_EDGE('',*,*,#3155,.F.);
#4273=ORIENTED_EDGE('',*,*,#3156,.F.);
#4274=ORIENTED_EDGE('',*,*,#3157,.T.);
#4275=ORIENTED_EDGE('',*,*,#2758,.F.);
#4276=ORIENTED_EDGE('',*,*,#3157,.F.);
#4277=ORIENTED_EDGE('',*,*,#3158,.F.);
#4278=ORIENTED_EDGE('',*,*,#3159,.T.);
#4279=ORIENTED_EDGE('',*,*,#2759,.F.);
#4280=ORIENTED_EDGE('',*,*,#3159,.F.);
#4281=ORIENTED_EDGE('',*,*,#3160,.F.);
#4282=ORIENTED_EDGE('',*,*,#3161,.T.);
#4283=ORIENTED_EDGE('',*,*,#2760,.F.);
#4284=ORIENTED_EDGE('',*,*,#3161,.F.);
#4285=ORIENTED_EDGE('',*,*,#3162,.F.);
#4286=ORIENTED_EDGE('',*,*,#3163,.T.);
#4287=ORIENTED_EDGE('',*,*,#2761,.F.);
#4288=ORIENTED_EDGE('',*,*,#3163,.F.);
#4289=ORIENTED_EDGE('',*,*,#3164,.F.);
#4290=ORIENTED_EDGE('',*,*,#3165,.T.);
#4291=ORIENTED_EDGE('',*,*,#2762,.F.);
#4292=ORIENTED_EDGE('',*,*,#3165,.F.);
#4293=ORIENTED_EDGE('',*,*,#3166,.F.);
#4294=ORIENTED_EDGE('',*,*,#3167,.T.);
#4295=ORIENTED_EDGE('',*,*,#2763,.F.);
#4296=ORIENTED_EDGE('',*,*,#3167,.F.);
#4297=ORIENTED_EDGE('',*,*,#3168,.F.);
#4298=ORIENTED_EDGE('',*,*,#3169,.T.);
#4299=ORIENTED_EDGE('',*,*,#2764,.F.);
#4300=ORIENTED_EDGE('',*,*,#3169,.F.);
#4301=ORIENTED_EDGE('',*,*,#3170,.F.);
#4302=ORIENTED_EDGE('',*,*,#3171,.T.);
#4303=ORIENTED_EDGE('',*,*,#2765,.F.);
#4304=ORIENTED_EDGE('',*,*,#3171,.F.);
#4305=ORIENTED_EDGE('',*,*,#3172,.F.);
#4306=ORIENTED_EDGE('',*,*,#3173,.T.);
#4307=ORIENTED_EDGE('',*,*,#2766,.F.);
#4308=ORIENTED_EDGE('',*,*,#3173,.F.);
#4309=ORIENTED_EDGE('',*,*,#3174,.F.);
#4310=ORIENTED_EDGE('',*,*,#3175,.T.);
#4311=ORIENTED_EDGE('',*,*,#2767,.F.);
#4312=ORIENTED_EDGE('',*,*,#3175,.F.);
#4313=ORIENTED_EDGE('',*,*,#3176,.F.);
#4314=ORIENTED_EDGE('',*,*,#3177,.T.);
#4315=ORIENTED_EDGE('',*,*,#2768,.F.);
#4316=ORIENTED_EDGE('',*,*,#3177,.F.);
#4317=ORIENTED_EDGE('',*,*,#3178,.F.);
#4318=ORIENTED_EDGE('',*,*,#3179,.T.);
#4319=ORIENTED_EDGE('',*,*,#2769,.F.);
#4320=ORIENTED_EDGE('',*,*,#3179,.F.);
#4321=ORIENTED_EDGE('',*,*,#3180,.F.);
#4322=ORIENTED_EDGE('',*,*,#3181,.T.);
#4323=ORIENTED_EDGE('',*,*,#2770,.F.);
#4324=ORIENTED_EDGE('',*,*,#3181,.F.);
#4325=ORIENTED_EDGE('',*,*,#3182,.F.);
#4326=ORIENTED_EDGE('',*,*,#3183,.T.);
#4327=ORIENTED_EDGE('',*,*,#2771,.F.);
#4328=ORIENTED_EDGE('',*,*,#3183,.F.);
#4329=ORIENTED_EDGE('',*,*,#3184,.F.);
#4330=ORIENTED_EDGE('',*,*,#3185,.T.);
#4331=ORIENTED_EDGE('',*,*,#2772,.F.);
#4332=ORIENTED_EDGE('',*,*,#3185,.F.);
#4333=ORIENTED_EDGE('',*,*,#3186,.F.);
#4334=ORIENTED_EDGE('',*,*,#3187,.T.);
#4335=ORIENTED_EDGE('',*,*,#2773,.F.);
#4336=ORIENTED_EDGE('',*,*,#3187,.F.);
#4337=ORIENTED_EDGE('',*,*,#3188,.F.);
#4338=ORIENTED_EDGE('',*,*,#3189,.T.);
#4339=ORIENTED_EDGE('',*,*,#2774,.F.);
#4340=ORIENTED_EDGE('',*,*,#3189,.F.);
#4341=ORIENTED_EDGE('',*,*,#3190,.F.);
#4342=ORIENTED_EDGE('',*,*,#3191,.T.);
#4343=ORIENTED_EDGE('',*,*,#2775,.F.);
#4344=ORIENTED_EDGE('',*,*,#3191,.F.);
#4345=ORIENTED_EDGE('',*,*,#3192,.F.);
#4346=ORIENTED_EDGE('',*,*,#3193,.T.);
#4347=ORIENTED_EDGE('',*,*,#2776,.F.);
#4348=ORIENTED_EDGE('',*,*,#3193,.F.);
#4349=ORIENTED_EDGE('',*,*,#3194,.F.);
#4350=ORIENTED_EDGE('',*,*,#3195,.T.);
#4351=ORIENTED_EDGE('',*,*,#2777,.F.);
#4352=ORIENTED_EDGE('',*,*,#3195,.F.);
#4353=ORIENTED_EDGE('',*,*,#2702,.F.);
#4354=ORIENTED_EDGE('',*,*,#2960,.T.);
#4355=ORIENTED_EDGE('',*,*,#2619,.F.);
#4356=ORIENTED_EDGE('',*,*,#3196,.F.);
#4357=ORIENTED_EDGE('',*,*,#2597,.T.);
#4358=ORIENTED_EDGE('',*,*,#2703,.F.);
#4359=ORIENTED_EDGE('',*,*,#3196,.T.);
#4360=ORIENTED_EDGE('',*,*,#2618,.F.);
#4361=ORIENTED_EDGE('',*,*,#2632,.F.);
#4362=ORIENTED_EDGE('',*,*,#2575,.T.);
#4363=ORIENTED_EDGE('',*,*,#3197,.F.);
#4364=ORIENTED_EDGE('',*,*,#3198,.F.);
#4365=ORIENTED_EDGE('',*,*,#2633,.F.);
#4366=ORIENTED_EDGE('',*,*,#3198,.T.);
#4367=ORIENTED_EDGE('',*,*,#3199,.F.);
#4368=ORIENTED_EDGE('',*,*,#3200,.F.);
#4369=ORIENTED_EDGE('',*,*,#2634,.F.);
#4370=ORIENTED_EDGE('',*,*,#3200,.T.);
#4371=ORIENTED_EDGE('',*,*,#3201,.F.);
#4372=ORIENTED_EDGE('',*,*,#2566,.F.);
#4373=ORIENTED_EDGE('',*,*,#2591,.T.);
#4374=ORIENTED_EDGE('',*,*,#3049,.F.);
#4375=ORIENTED_EDGE('',*,*,#3035,.F.);
#4376=ORIENTED_EDGE('',*,*,#3099,.T.);
#4377=ORIENTED_EDGE('',*,*,#3031,.F.);
#4378=ORIENTED_EDGE('',*,*,#3105,.T.);
#4379=ORIENTED_EDGE('',*,*,#3027,.F.);
#4380=ORIENTED_EDGE('',*,*,#3096,.T.);
#4381=ORIENTED_EDGE('',*,*,#3023,.F.);
#4382=ORIENTED_EDGE('',*,*,#3084,.T.);
#4383=ORIENTED_EDGE('',*,*,#3019,.F.);
#4384=ORIENTED_EDGE('',*,*,#2995,.F.);
#4385=ORIENTED_EDGE('',*,*,#2604,.T.);
#4386=ORIENTED_EDGE('',*,*,#3082,.T.);
#4387=ORIENTED_EDGE('',*,*,#3079,.T.);
#4388=ORIENTED_EDGE('',*,*,#3081,.T.);
#4389=ORIENTED_EDGE('',*,*,#2606,.T.);
#4390=ORIENTED_EDGE('',*,*,#3007,.F.);
#4391=ORIENTED_EDGE('',*,*,#3076,.T.);
#4392=ORIENTED_EDGE('',*,*,#3005,.F.);
#4393=ORIENTED_EDGE('',*,*,#3102,.T.);
#4394=ORIENTED_EDGE('',*,*,#3003,.F.);
#4395=ORIENTED_EDGE('',*,*,#3093,.T.);
#4396=ORIENTED_EDGE('',*,*,#3001,.F.);
#4397=ORIENTED_EDGE('',*,*,#3090,.T.);
#4398=ORIENTED_EDGE('',*,*,#2999,.F.);
#4399=ORIENTED_EDGE('',*,*,#3114,.T.);
#4400=ORIENTED_EDGE('',*,*,#2997,.F.);
#4401=ORIENTED_EDGE('',*,*,#2973,.T.);
#4402=ORIENTED_EDGE('',*,*,#2614,.T.);
#4403=ORIENTED_EDGE('',*,*,#2559,.T.);
#4404=ORIENTED_EDGE('',*,*,#2567,.T.);
#4405=ORIENTED_EDGE('',*,*,#3201,.T.);
#4406=ORIENTED_EDGE('',*,*,#3199,.T.);
#4407=ORIENTED_EDGE('',*,*,#3197,.T.);
#4408=ORIENTED_EDGE('',*,*,#2574,.T.);
#4409=ORIENTED_EDGE('',*,*,#2601,.T.);
#4410=ORIENTED_EDGE('',*,*,#3047,.F.);
#4411=ORIENTED_EDGE('',*,*,#3087,.T.);
#4412=ORIENTED_EDGE('',*,*,#3045,.F.);
#4413=ORIENTED_EDGE('',*,*,#3108,.T.);
#4414=ORIENTED_EDGE('',*,*,#3043,.F.);
#4415=ORIENTED_EDGE('',*,*,#3111,.T.);
#4416=ORIENTED_EDGE('',*,*,#3041,.F.);
#4417=ORIENTED_EDGE('',*,*,#3067,.T.);
#4418=ORIENTED_EDGE('',*,*,#3039,.F.);
#4419=ORIENTED_EDGE('',*,*,#3070,.T.);
#4420=ORIENTED_EDGE('',*,*,#3037,.F.);
#4421=ORIENTED_EDGE('',*,*,#3074,.T.);
#4422=ORIENTED_EDGE('',*,*,#3072,.T.);
#4423=ORIENTED_EDGE('',*,*,#3194,.T.);
#4424=ORIENTED_EDGE('',*,*,#3192,.T.);
#4425=ORIENTED_EDGE('',*,*,#3190,.T.);
#4426=ORIENTED_EDGE('',*,*,#3188,.T.);
#4427=ORIENTED_EDGE('',*,*,#3186,.T.);
#4428=ORIENTED_EDGE('',*,*,#3184,.T.);
#4429=ORIENTED_EDGE('',*,*,#3182,.T.);
#4430=ORIENTED_EDGE('',*,*,#3180,.T.);
#4431=ORIENTED_EDGE('',*,*,#3178,.T.);
#4432=ORIENTED_EDGE('',*,*,#3176,.T.);
#4433=ORIENTED_EDGE('',*,*,#3174,.T.);
#4434=ORIENTED_EDGE('',*,*,#3172,.T.);
#4435=ORIENTED_EDGE('',*,*,#3170,.T.);
#4436=ORIENTED_EDGE('',*,*,#3168,.T.);
#4437=ORIENTED_EDGE('',*,*,#3166,.T.);
#4438=ORIENTED_EDGE('',*,*,#3164,.T.);
#4439=ORIENTED_EDGE('',*,*,#3162,.T.);
#4440=ORIENTED_EDGE('',*,*,#3160,.T.);
#4441=ORIENTED_EDGE('',*,*,#3158,.T.);
#4442=ORIENTED_EDGE('',*,*,#3156,.T.);
#4443=ORIENTED_EDGE('',*,*,#3154,.T.);
#4444=ORIENTED_EDGE('',*,*,#3152,.T.);
#4445=ORIENTED_EDGE('',*,*,#3150,.T.);
#4446=ORIENTED_EDGE('',*,*,#3148,.T.);
#4447=ORIENTED_EDGE('',*,*,#3146,.T.);
#4448=ORIENTED_EDGE('',*,*,#3144,.T.);
#4449=ORIENTED_EDGE('',*,*,#3142,.T.);
#4450=ORIENTED_EDGE('',*,*,#3140,.T.);
#4451=ORIENTED_EDGE('',*,*,#3138,.T.);
#4452=ORIENTED_EDGE('',*,*,#3136,.T.);
#4453=ORIENTED_EDGE('',*,*,#3134,.T.);
#4454=ORIENTED_EDGE('',*,*,#3132,.T.);
#4455=ORIENTED_EDGE('',*,*,#3130,.T.);
#4456=ORIENTED_EDGE('',*,*,#3128,.T.);
#4457=ORIENTED_EDGE('',*,*,#3126,.T.);
#4458=ORIENTED_EDGE('',*,*,#3124,.T.);
#4459=ORIENTED_EDGE('',*,*,#3122,.T.);
#4460=ORIENTED_EDGE('',*,*,#3120,.T.);
#4461=ORIENTED_EDGE('',*,*,#3118,.T.);
#4462=ORIENTED_EDGE('',*,*,#3116,.T.);
#4463=ORIENTED_EDGE('',*,*,#2945,.F.);
#4464=ORIENTED_EDGE('',*,*,#3202,.T.);
#4465=ORIENTED_EDGE('',*,*,#2785,.F.);
#4466=ORIENTED_EDGE('',*,*,#3202,.F.);
#4467=ORIENTED_EDGE('',*,*,#2877,.F.);
#4468=ORIENTED_EDGE('',*,*,#3203,.T.);
#4469=ORIENTED_EDGE('',*,*,#2783,.F.);
#4470=ORIENTED_EDGE('',*,*,#3203,.F.);
#4471=ORIENTED_EDGE('',*,*,#3204,.F.);
#4472=ORIENTED_EDGE('',*,*,#3205,.T.);
#4473=ORIENTED_EDGE('',*,*,#2782,.F.);
#4474=ORIENTED_EDGE('',*,*,#3205,.F.);
#4475=ORIENTED_EDGE('',*,*,#2901,.F.);
#4476=ORIENTED_EDGE('',*,*,#3206,.T.);
#4477=ORIENTED_EDGE('',*,*,#2786,.F.);
#4478=ORIENTED_EDGE('',*,*,#3206,.F.);
#4479=ORIENTED_EDGE('',*,*,#2944,.F.);
#4480=ORIENTED_EDGE('',*,*,#3207,.T.);
#4481=ORIENTED_EDGE('',*,*,#2787,.F.);
#4482=ORIENTED_EDGE('',*,*,#3207,.F.);
#4483=ORIENTED_EDGE('',*,*,#2878,.F.);
#4484=ORIENTED_EDGE('',*,*,#3208,.T.);
#4485=ORIENTED_EDGE('',*,*,#2781,.F.);
#4486=ORIENTED_EDGE('',*,*,#3208,.F.);
#4487=ORIENTED_EDGE('',*,*,#3209,.F.);
#4488=ORIENTED_EDGE('',*,*,#3210,.T.);
#4489=ORIENTED_EDGE('',*,*,#2780,.F.);
#4490=ORIENTED_EDGE('',*,*,#3210,.F.);
#4491=ORIENTED_EDGE('',*,*,#2900,.F.);
#4492=ORIENTED_EDGE('',*,*,#3211,.T.);
#4493=ORIENTED_EDGE('',*,*,#2788,.F.);
#4494=ORIENTED_EDGE('',*,*,#3211,.F.);
#4495=ORIENTED_EDGE('',*,*,#2672,.F.);
#4496=ORIENTED_EDGE('',*,*,#3212,.T.);
#4497=ORIENTED_EDGE('',*,*,#2875,.F.);
#4498=ORIENTED_EDGE('',*,*,#3213,.F.);
#4499=ORIENTED_EDGE('',*,*,#2874,.T.);
#4500=ORIENTED_EDGE('',*,*,#3214,.T.);
#4501=ORIENTED_EDGE('',*,*,#3215,.F.);
#4502=ORIENTED_EDGE('',*,*,#3216,.F.);
#4503=ORIENTED_EDGE('',*,*,#2880,.T.);
#4504=ORIENTED_EDGE('',*,*,#2908,.T.);
#4505=ORIENTED_EDGE('',*,*,#2664,.F.);
#4506=ORIENTED_EDGE('',*,*,#3217,.T.);
#4507=ORIENTED_EDGE('',*,*,#2881,.T.);
#4508=ORIENTED_EDGE('',*,*,#3218,.T.);
#4509=ORIENTED_EDGE('',*,*,#3219,.F.);
#4510=ORIENTED_EDGE('',*,*,#3220,.F.);
#4511=ORIENTED_EDGE('',*,*,#2871,.T.);
#4512=ORIENTED_EDGE('',*,*,#3221,.T.);
#4513=ORIENTED_EDGE('',*,*,#2674,.F.);
#4514=ORIENTED_EDGE('',*,*,#3222,.T.);
#4515=ORIENTED_EDGE('',*,*,#2872,.T.);
#4516=ORIENTED_EDGE('',*,*,#3223,.T.);
#4517=ORIENTED_EDGE('',*,*,#3224,.F.);
#4518=ORIENTED_EDGE('',*,*,#3225,.F.);
#4519=ORIENTED_EDGE('',*,*,#2661,.F.);
#4520=ORIENTED_EDGE('',*,*,#3226,.T.);
#4521=ORIENTED_EDGE('',*,*,#2884,.F.);
#4522=ORIENTED_EDGE('',*,*,#3227,.F.);
#4523=ORIENTED_EDGE('',*,*,#2883,.T.);
#4524=ORIENTED_EDGE('',*,*,#3228,.T.);
#4525=ORIENTED_EDGE('',*,*,#3229,.F.);
#4526=ORIENTED_EDGE('',*,*,#3230,.F.);
#4527=ORIENTED_EDGE('',*,*,#2698,.F.);
#4528=ORIENTED_EDGE('',*,*,#3231,.T.);
#4529=ORIENTED_EDGE('',*,*,#3232,.F.);
#4530=ORIENTED_EDGE('',*,*,#2955,.F.);
#4531=ORIENTED_EDGE('',*,*,#3233,.T.);
#4532=ORIENTED_EDGE('',*,*,#3234,.T.);
#4533=ORIENTED_EDGE('',*,*,#3235,.F.);
#4534=ORIENTED_EDGE('',*,*,#2956,.F.);
#4535=ORIENTED_EDGE('',*,*,#2931,.T.);
#4536=ORIENTED_EDGE('',*,*,#3236,.T.);
#4537=ORIENTED_EDGE('',*,*,#2637,.F.);
#4538=ORIENTED_EDGE('',*,*,#2966,.T.);
#4539=ORIENTED_EDGE('',*,*,#3057,.T.);
#4540=ORIENTED_EDGE('',*,*,#3237,.F.);
#4541=ORIENTED_EDGE('',*,*,#3238,.T.);
#4542=ORIENTED_EDGE('',*,*,#2938,.T.);
#4543=ORIENTED_EDGE('',*,*,#3239,.T.);
#4544=ORIENTED_EDGE('',*,*,#3240,.F.);
#4545=ORIENTED_EDGE('',*,*,#3241,.F.);
#4546=ORIENTED_EDGE('',*,*,#2649,.F.);
#4547=ORIENTED_EDGE('',*,*,#3242,.T.);
#4548=ORIENTED_EDGE('',*,*,#3243,.F.);
#4549=ORIENTED_EDGE('',*,*,#3055,.T.);
#4550=ORIENTED_EDGE('',*,*,#2896,.T.);
#4551=ORIENTED_EDGE('',*,*,#3061,.T.);
#4552=ORIENTED_EDGE('',*,*,#3244,.F.);
#4553=ORIENTED_EDGE('',*,*,#3245,.T.);
#4554=ORIENTED_EDGE('',*,*,#2859,.T.);
#4555=ORIENTED_EDGE('',*,*,#3246,.T.);
#4556=ORIENTED_EDGE('',*,*,#3247,.F.);
#4557=ORIENTED_EDGE('',*,*,#3248,.F.);
#4558=ORIENTED_EDGE('',*,*,#2686,.F.);
#4559=ORIENTED_EDGE('',*,*,#3249,.T.);
#4560=ORIENTED_EDGE('',*,*,#3250,.F.);
#4561=ORIENTED_EDGE('',*,*,#3059,.T.);
#4562=ORIENTED_EDGE('',*,*,#3251,.T.);
#4563=ORIENTED_EDGE('',*,*,#2969,.T.);
#4564=ORIENTED_EDGE('',*,*,#3252,.F.);
#4565=ORIENTED_EDGE('',*,*,#3234,.F.);
#4566=ORIENTED_EDGE('',*,*,#3253,.T.);
#4567=ORIENTED_EDGE('',*,*,#3064,.F.);
#4568=ORIENTED_EDGE('',*,*,#2949,.T.);
#4569=ORIENTED_EDGE('',*,*,#3254,.F.);
#4570=ORIENTED_EDGE('',*,*,#2920,.T.);
#4571=ORIENTED_EDGE('',*,*,#3255,.T.);
#4572=ORIENTED_EDGE('',*,*,#3256,.T.);
#4573=ORIENTED_EDGE('',*,*,#3257,.T.);
#4574=ORIENTED_EDGE('',*,*,#3258,.T.);
#4575=ORIENTED_EDGE('',*,*,#3259,.T.);
#4576=ORIENTED_EDGE('',*,*,#3251,.F.);
#4577=ORIENTED_EDGE('',*,*,#3058,.T.);
#4578=ORIENTED_EDGE('',*,*,#3011,.F.);
#4579=ORIENTED_EDGE('',*,*,#3063,.T.);
#4580=ORIENTED_EDGE('',*,*,#3065,.T.);
#4581=ORIENTED_EDGE('',*,*,#3253,.F.);
#4582=ORIENTED_EDGE('',*,*,#3233,.F.);
#4583=ORIENTED_EDGE('',*,*,#3232,.T.);
#4584=ORIENTED_EDGE('',*,*,#3260,.T.);
#4585=ORIENTED_EDGE('',*,*,#3261,.T.);
#4586=ORIENTED_EDGE('',*,*,#3262,.T.);
#4587=ORIENTED_EDGE('',*,*,#3263,.T.);
#4588=ORIENTED_EDGE('',*,*,#2917,.T.);
#4589=ORIENTED_EDGE('',*,*,#3204,.T.);
#4590=ORIENTED_EDGE('',*,*,#3209,.T.);
#4591=ORIENTED_EDGE('',*,*,#2967,.T.);
#4592=ORIENTED_EDGE('',*,*,#3264,.F.);
#4593=ORIENTED_EDGE('',*,*,#2963,.F.);
#4594=ORIENTED_EDGE('',*,*,#2629,.T.);
#4595=ORIENTED_EDGE('',*,*,#3054,.F.);
#4596=ORIENTED_EDGE('',*,*,#2933,.T.);
#4597=ORIENTED_EDGE('',*,*,#2972,.T.);
#4598=ORIENTED_EDGE('',*,*,#3265,.F.);
#4599=ORIENTED_EDGE('',*,*,#3228,.F.);
#4600=ORIENTED_EDGE('',*,*,#2882,.T.);
#4601=ORIENTED_EDGE('',*,*,#3220,.T.);
#4602=ORIENTED_EDGE('',*,*,#3266,.F.);
#4603=ORIENTED_EDGE('',*,*,#3267,.F.);
#4604=ORIENTED_EDGE('',*,*,#3268,.F.);
#4605=ORIENTED_EDGE('',*,*,#3214,.F.);
#4606=ORIENTED_EDGE('',*,*,#2873,.T.);
#4607=ORIENTED_EDGE('',*,*,#3225,.T.);
#4608=ORIENTED_EDGE('',*,*,#3269,.F.);
#4609=ORIENTED_EDGE('',*,*,#3270,.F.);
#4610=ORIENTED_EDGE('',*,*,#2662,.F.);
#4611=ORIENTED_EDGE('',*,*,#3227,.T.);
#4612=ORIENTED_EDGE('',*,*,#3230,.T.);
#4613=ORIENTED_EDGE('',*,*,#3271,.F.);
#4614=ORIENTED_EDGE('',*,*,#3269,.T.);
#4615=ORIENTED_EDGE('',*,*,#3224,.T.);
#4616=ORIENTED_EDGE('',*,*,#3272,.T.);
#4617=ORIENTED_EDGE('',*,*,#3215,.T.);
#4618=ORIENTED_EDGE('',*,*,#3273,.T.);
#4619=ORIENTED_EDGE('',*,*,#3056,.T.);
#4620=ORIENTED_EDGE('',*,*,#3243,.T.);
#4621=ORIENTED_EDGE('',*,*,#3240,.T.);
#4622=ORIENTED_EDGE('',*,*,#3237,.T.);
#4623=ORIENTED_EDGE('',*,*,#3274,.T.);
#4624=ORIENTED_EDGE('',*,*,#3264,.T.);
#4625=ORIENTED_EDGE('',*,*,#2968,.T.);
#4626=ORIENTED_EDGE('',*,*,#3265,.T.);
#4627=ORIENTED_EDGE('',*,*,#2971,.T.);
#4628=ORIENTED_EDGE('',*,*,#2964,.T.);
#4629=ORIENTED_EDGE('',*,*,#2961,.T.);
#4630=ORIENTED_EDGE('',*,*,#3275,.T.);
#4631=ORIENTED_EDGE('',*,*,#3060,.T.);
#4632=ORIENTED_EDGE('',*,*,#3250,.T.);
#4633=ORIENTED_EDGE('',*,*,#3247,.T.);
#4634=ORIENTED_EDGE('',*,*,#3244,.T.);
#4635=ORIENTED_EDGE('',*,*,#3276,.T.);
#4636=ORIENTED_EDGE('',*,*,#3266,.T.);
#4637=ORIENTED_EDGE('',*,*,#3219,.T.);
#4638=ORIENTED_EDGE('',*,*,#3277,.T.);
#4639=ORIENTED_EDGE('',*,*,#3271,.T.);
#4640=ORIENTED_EDGE('',*,*,#3229,.T.);
#4641=ORIENTED_EDGE('',*,*,#3268,.T.);
#4642=ORIENTED_EDGE('',*,*,#3267,.T.);
#4643=ORIENTED_EDGE('',*,*,#3278,.T.);
#4644=ORIENTED_EDGE('',*,*,#3235,.T.);
#4645=ORIENTED_EDGE('',*,*,#3252,.T.);
#4646=ORIENTED_EDGE('',*,*,#2970,.T.);
#4647=ORIENTED_EDGE('',*,*,#3254,.T.);
#4648=ORIENTED_EDGE('',*,*,#2948,.F.);
#4649=ORIENTED_EDGE('',*,*,#2957,.T.);
#4650=ORIENTED_EDGE('',*,*,#3279,.T.);
#4651=ORIENTED_EDGE('',*,*,#3275,.F.);
#4652=ORIENTED_EDGE('',*,*,#3280,.T.);
#4653=ORIENTED_EDGE('',*,*,#2704,.F.);
#4654=ORIENTED_EDGE('',*,*,#3280,.F.);
#4655=ORIENTED_EDGE('',*,*,#3274,.F.);
#4656=ORIENTED_EDGE('',*,*,#3281,.T.);
#4657=ORIENTED_EDGE('',*,*,#2778,.F.);
#4658=ORIENTED_EDGE('',*,*,#3281,.F.);
#4659=ORIENTED_EDGE('',*,*,#3278,.F.);
#4660=ORIENTED_EDGE('',*,*,#3282,.T.);
#4661=ORIENTED_EDGE('',*,*,#2789,.F.);
#4662=ORIENTED_EDGE('',*,*,#3282,.F.);
#4663=ORIENTED_EDGE('',*,*,#3273,.F.);
#4664=ORIENTED_EDGE('',*,*,#3283,.T.);
#4665=ORIENTED_EDGE('',*,*,#2779,.F.);
#4666=ORIENTED_EDGE('',*,*,#3283,.F.);
#4667=ORIENTED_EDGE('',*,*,#3276,.F.);
#4668=ORIENTED_EDGE('',*,*,#3284,.T.);
#4669=ORIENTED_EDGE('',*,*,#2784,.F.);
#4670=ORIENTED_EDGE('',*,*,#3284,.F.);
#4671=ORIENTED_EDGE('',*,*,#3279,.F.);
#4672=ORIENTED_EDGE('',*,*,#3285,.T.);
#4673=ORIENTED_EDGE('',*,*,#2705,.F.);
#4674=ORIENTED_EDGE('',*,*,#3285,.F.);
#4675=ORIENTED_EDGE('',*,*,#3236,.F.);
#4676=ORIENTED_EDGE('',*,*,#2930,.F.);
#4677=ORIENTED_EDGE('',*,*,#3286,.F.);
#4678=ORIENTED_EDGE('',*,*,#2638,.F.);
#4679=ORIENTED_EDGE('',*,*,#2639,.F.);
#4680=ORIENTED_EDGE('',*,*,#3286,.T.);
#4681=ORIENTED_EDGE('',*,*,#2929,.F.);
#4682=ORIENTED_EDGE('',*,*,#3287,.F.);
#4683=ORIENTED_EDGE('',*,*,#2640,.F.);
#4684=ORIENTED_EDGE('',*,*,#3287,.T.);
#4685=ORIENTED_EDGE('',*,*,#2928,.F.);
#4686=ORIENTED_EDGE('',*,*,#2909,.F.);
#4687=ORIENTED_EDGE('',*,*,#2644,.F.);
#4688=ORIENTED_EDGE('',*,*,#2915,.T.);
#4689=ORIENTED_EDGE('',*,*,#2943,.F.);
#4690=ORIENTED_EDGE('',*,*,#3288,.F.);
#4691=ORIENTED_EDGE('',*,*,#2645,.F.);
#4692=ORIENTED_EDGE('',*,*,#3288,.T.);
#4693=ORIENTED_EDGE('',*,*,#2942,.F.);
#4694=ORIENTED_EDGE('',*,*,#3289,.F.);
#4695=ORIENTED_EDGE('',*,*,#2646,.F.);
#4696=ORIENTED_EDGE('',*,*,#3289,.T.);
#4697=ORIENTED_EDGE('',*,*,#2941,.F.);
#4698=ORIENTED_EDGE('',*,*,#3290,.F.);
#4699=ORIENTED_EDGE('',*,*,#2647,.F.);
#4700=ORIENTED_EDGE('',*,*,#3290,.T.);
#4701=ORIENTED_EDGE('',*,*,#2940,.F.);
#4702=ORIENTED_EDGE('',*,*,#3291,.F.);
#4703=ORIENTED_EDGE('',*,*,#2648,.F.);
#4704=ORIENTED_EDGE('',*,*,#3291,.T.);
#4705=ORIENTED_EDGE('',*,*,#2939,.F.);
#4706=ORIENTED_EDGE('',*,*,#3238,.F.);
#4707=ORIENTED_EDGE('',*,*,#3239,.F.);
#4708=ORIENTED_EDGE('',*,*,#2650,.F.);
#4709=ORIENTED_EDGE('',*,*,#3241,.T.);
#4710=ORIENTED_EDGE('',*,*,#3242,.F.);
#4711=ORIENTED_EDGE('',*,*,#2895,.F.);
#4712=ORIENTED_EDGE('',*,*,#3292,.F.);
#4713=ORIENTED_EDGE('',*,*,#2651,.F.);
#4714=ORIENTED_EDGE('',*,*,#3292,.T.);
#4715=ORIENTED_EDGE('',*,*,#2894,.F.);
#4716=ORIENTED_EDGE('',*,*,#3293,.F.);
#4717=ORIENTED_EDGE('',*,*,#2652,.F.);
#4718=ORIENTED_EDGE('',*,*,#3293,.T.);
#4719=ORIENTED_EDGE('',*,*,#2893,.F.);
#4720=ORIENTED_EDGE('',*,*,#3294,.F.);
#4721=ORIENTED_EDGE('',*,*,#2653,.F.);
#4722=ORIENTED_EDGE('',*,*,#3294,.T.);
#4723=ORIENTED_EDGE('',*,*,#2892,.F.);
#4724=ORIENTED_EDGE('',*,*,#2923,.F.);
#4725=ORIENTED_EDGE('',*,*,#2657,.F.);
#4726=ORIENTED_EDGE('',*,*,#2924,.T.);
#4727=ORIENTED_EDGE('',*,*,#2888,.F.);
#4728=ORIENTED_EDGE('',*,*,#3295,.F.);
#4729=ORIENTED_EDGE('',*,*,#2658,.F.);
#4730=ORIENTED_EDGE('',*,*,#3295,.T.);
#4731=ORIENTED_EDGE('',*,*,#2887,.F.);
#4732=ORIENTED_EDGE('',*,*,#3296,.F.);
#4733=ORIENTED_EDGE('',*,*,#2659,.F.);
#4734=ORIENTED_EDGE('',*,*,#3296,.T.);
#4735=ORIENTED_EDGE('',*,*,#2886,.F.);
#4736=ORIENTED_EDGE('',*,*,#3297,.F.);
#4737=ORIENTED_EDGE('',*,*,#3226,.F.);
#4738=ORIENTED_EDGE('',*,*,#2660,.F.);
#4739=ORIENTED_EDGE('',*,*,#3297,.T.);
#4740=ORIENTED_EDGE('',*,*,#2885,.F.);
#4741=ORIENTED_EDGE('',*,*,#2663,.F.);
#4742=ORIENTED_EDGE('',*,*,#3270,.T.);
#4743=ORIENTED_EDGE('',*,*,#3277,.F.);
#4744=ORIENTED_EDGE('',*,*,#3218,.F.);
#4745=ORIENTED_EDGE('',*,*,#3217,.F.);
#4746=ORIENTED_EDGE('',*,*,#2790,.F.);
#4747=ORIENTED_EDGE('',*,*,#2876,.F.);
#4748=ORIENTED_EDGE('',*,*,#3212,.F.);
#4749=ORIENTED_EDGE('',*,*,#2671,.F.);
#4750=ORIENTED_EDGE('',*,*,#2673,.F.);
#4751=ORIENTED_EDGE('',*,*,#3213,.T.);
#4752=ORIENTED_EDGE('',*,*,#3216,.T.);
#4753=ORIENTED_EDGE('',*,*,#3272,.F.);
#4754=ORIENTED_EDGE('',*,*,#3223,.F.);
#4755=ORIENTED_EDGE('',*,*,#3222,.F.);
#4756=ORIENTED_EDGE('',*,*,#3221,.F.);
#4757=ORIENTED_EDGE('',*,*,#2870,.F.);
#4758=ORIENTED_EDGE('',*,*,#3298,.F.);
#4759=ORIENTED_EDGE('',*,*,#2675,.F.);
#4760=ORIENTED_EDGE('',*,*,#2676,.F.);
#4761=ORIENTED_EDGE('',*,*,#3298,.T.);
#4762=ORIENTED_EDGE('',*,*,#2869,.F.);
#4763=ORIENTED_EDGE('',*,*,#3299,.F.);
#4764=ORIENTED_EDGE('',*,*,#2677,.F.);
#4765=ORIENTED_EDGE('',*,*,#3299,.T.);
#4766=ORIENTED_EDGE('',*,*,#2868,.F.);
#4767=ORIENTED_EDGE('',*,*,#2927,.F.);
#4768=ORIENTED_EDGE('',*,*,#2680,.F.);
#4769=ORIENTED_EDGE('',*,*,#2925,.F.);
#4770=ORIENTED_EDGE('',*,*,#2865,.F.);
#4771=ORIENTED_EDGE('',*,*,#3300,.F.);
#4772=ORIENTED_EDGE('',*,*,#2681,.F.);
#4773=ORIENTED_EDGE('',*,*,#3300,.T.);
#4774=ORIENTED_EDGE('',*,*,#2864,.F.);
#4775=ORIENTED_EDGE('',*,*,#3301,.F.);
#4776=ORIENTED_EDGE('',*,*,#2682,.F.);
#4777=ORIENTED_EDGE('',*,*,#3301,.T.);
#4778=ORIENTED_EDGE('',*,*,#2863,.F.);
#4779=ORIENTED_EDGE('',*,*,#3302,.F.);
#4780=ORIENTED_EDGE('',*,*,#2683,.F.);
#4781=ORIENTED_EDGE('',*,*,#3302,.T.);
#4782=ORIENTED_EDGE('',*,*,#2862,.F.);
#4783=ORIENTED_EDGE('',*,*,#3303,.F.);
#4784=ORIENTED_EDGE('',*,*,#2684,.F.);
#4785=ORIENTED_EDGE('',*,*,#3303,.T.);
#4786=ORIENTED_EDGE('',*,*,#2861,.F.);
#4787=ORIENTED_EDGE('',*,*,#3304,.F.);
#4788=ORIENTED_EDGE('',*,*,#2685,.F.);
#4789=ORIENTED_EDGE('',*,*,#3304,.T.);
#4790=ORIENTED_EDGE('',*,*,#2860,.F.);
#4791=ORIENTED_EDGE('',*,*,#3245,.F.);
#4792=ORIENTED_EDGE('',*,*,#3246,.F.);
#4793=ORIENTED_EDGE('',*,*,#2687,.F.);
#4794=ORIENTED_EDGE('',*,*,#3248,.T.);
#4795=ORIENTED_EDGE('',*,*,#3249,.F.);
#4796=ORIENTED_EDGE('',*,*,#3259,.F.);
#4797=ORIENTED_EDGE('',*,*,#3305,.F.);
#4798=ORIENTED_EDGE('',*,*,#2688,.F.);
#4799=ORIENTED_EDGE('',*,*,#3305,.T.);
#4800=ORIENTED_EDGE('',*,*,#3258,.F.);
#4801=ORIENTED_EDGE('',*,*,#3306,.F.);
#4802=ORIENTED_EDGE('',*,*,#2689,.F.);
#4803=ORIENTED_EDGE('',*,*,#3306,.T.);
#4804=ORIENTED_EDGE('',*,*,#3257,.F.);
#4805=ORIENTED_EDGE('',*,*,#3307,.F.);
#4806=ORIENTED_EDGE('',*,*,#2690,.F.);
#4807=ORIENTED_EDGE('',*,*,#3307,.T.);
#4808=ORIENTED_EDGE('',*,*,#3256,.F.);
#4809=ORIENTED_EDGE('',*,*,#3308,.F.);
#4810=ORIENTED_EDGE('',*,*,#2691,.F.);
#4811=ORIENTED_EDGE('',*,*,#3308,.T.);
#4812=ORIENTED_EDGE('',*,*,#3255,.F.);
#4813=ORIENTED_EDGE('',*,*,#2919,.F.);
#4814=ORIENTED_EDGE('',*,*,#2694,.F.);
#4815=ORIENTED_EDGE('',*,*,#2918,.F.);
#4816=ORIENTED_EDGE('',*,*,#3263,.F.);
#4817=ORIENTED_EDGE('',*,*,#3309,.F.);
#4818=ORIENTED_EDGE('',*,*,#2695,.F.);
#4819=ORIENTED_EDGE('',*,*,#3309,.T.);
#4820=ORIENTED_EDGE('',*,*,#3262,.F.);
#4821=ORIENTED_EDGE('',*,*,#3310,.F.);
#4822=ORIENTED_EDGE('',*,*,#2696,.F.);
#4823=ORIENTED_EDGE('',*,*,#3310,.T.);
#4824=ORIENTED_EDGE('',*,*,#3261,.F.);
#4825=ORIENTED_EDGE('',*,*,#3311,.F.);
#4826=ORIENTED_EDGE('',*,*,#3231,.F.);
#4827=ORIENTED_EDGE('',*,*,#2697,.F.);
#4828=ORIENTED_EDGE('',*,*,#3311,.T.);
#4829=ORIENTED_EDGE('',*,*,#3260,.F.);
#4830=CYLINDRICAL_SURFACE('',#5246,7.25);
#4831=CYLINDRICAL_SURFACE('',#5250,7.25);
#4832=CYLINDRICAL_SURFACE('',#5255,7.25);
#4833=CYLINDRICAL_SURFACE('',#5259,2.25);
#4834=CYLINDRICAL_SURFACE('',#5262,2.25);
#4835=CYLINDRICAL_SURFACE('',#5265,2.25);
#4836=CYLINDRICAL_SURFACE('',#5268,2.7);
#4837=CYLINDRICAL_SURFACE('',#5271,4.);
#4838=CYLINDRICAL_SURFACE('',#5275,2.7);
#4839=CYLINDRICAL_SURFACE('',#5278,4.);
#4840=CYLINDRICAL_SURFACE('',#5281,4.);
#4841=CYLINDRICAL_SURFACE('',#5285,2.7);
#4842=CYLINDRICAL_SURFACE('',#5288,4.);
#4843=CYLINDRICAL_SURFACE('',#5291,4.);
#4844=CYLINDRICAL_SURFACE('',#5300,4.);
#4845=CYLINDRICAL_SURFACE('',#5412,3.);
#4846=CYLINDRICAL_SURFACE('',#5414,3.);
#4847=CYLINDRICAL_SURFACE('',#5421,4.49999999570814);
#4848=CYLINDRICAL_SURFACE('',#5428,3.);
#4849=CYLINDRICAL_SURFACE('',#5430,3.);
#4850=CYLINDRICAL_SURFACE('',#5437,4.49999999570814);
#4851=CYLINDRICAL_SURFACE('',#5440,2.);
#4852=CYLINDRICAL_SURFACE('',#5446,2.);
#4853=CYLINDRICAL_SURFACE('',#5500,3.);
#4854=CYLINDRICAL_SURFACE('',#5503,3.);
#4855=CYLINDRICAL_SURFACE('',#5504,4.);
#4856=CYLINDRICAL_SURFACE('',#5507,3.);
#4857=CYLINDRICAL_SURFACE('',#5510,4.);
#4858=CYLINDRICAL_SURFACE('',#5512,4.);
#4859=CYLINDRICAL_SURFACE('',#5515,4.);
#4860=CYLINDRICAL_SURFACE('',#5519,4.);
#4861=CYLINDRICAL_SURFACE('',#5532,2.);
#4862=CYLINDRICAL_SURFACE('',#5536,2.);
#4863=CYLINDRICAL_SURFACE('',#5541,2.);
#4864=CYLINDRICAL_SURFACE('',#5542,2.);
#4865=CYLINDRICAL_SURFACE('',#5547,2.);
#4866=CYLINDRICAL_SURFACE('',#5553,2.);
#4867=CYLINDRICAL_SURFACE('',#5554,2.);
#4868=CYLINDRICAL_SURFACE('',#5555,2.);
#4869=CYLINDRICAL_SURFACE('',#5556,2.);
#4870=CYLINDRICAL_SURFACE('',#5560,2.);
#4871=CYLINDRICAL_SURFACE('',#5567,2.);
#4872=CYLINDRICAL_SURFACE('',#5570,4.);
#4873=CYLINDRICAL_SURFACE('',#5573,4.);
#4874=CYLINDRICAL_SURFACE('',#5576,4.);
#4875=CYLINDRICAL_SURFACE('',#5578,3.99999999999999);
#4876=CYLINDRICAL_SURFACE('',#5580,4.);
#4877=CYLINDRICAL_SURFACE('',#5583,4.);
#4878=CYLINDRICAL_SURFACE('',#5585,4.);
#4879=CYLINDRICAL_SURFACE('',#5588,4.);
#4880=CYLINDRICAL_SURFACE('',#5591,4.);
#4881=CYLINDRICAL_SURFACE('',#5594,4.);
#4882=CYLINDRICAL_SURFACE('',#5597,4.);
#4883=CYLINDRICAL_SURFACE('',#5600,4.);
#4884=CYLINDRICAL_SURFACE('',#5603,4.);
#4885=CYLINDRICAL_SURFACE('',#5606,4.);
#4886=CYLINDRICAL_SURFACE('',#5609,4.);
#4887=CYLINDRICAL_SURFACE('',#5612,4.);
#4888=CYLINDRICAL_SURFACE('',#5615,4.);
#4889=CYLINDRICAL_SURFACE('',#5618,4.);
#4890=CYLINDRICAL_SURFACE('',#5621,4.);
#4891=CYLINDRICAL_SURFACE('',#5623,4.);
#4892=CYLINDRICAL_SURFACE('',#5625,4.);
#4893=CYLINDRICAL_SURFACE('',#5627,4.);
#4894=CYLINDRICAL_SURFACE('',#5629,4.);
#4895=CYLINDRICAL_SURFACE('',#5631,4.);
#4896=CYLINDRICAL_SURFACE('',#5633,4.);
#4897=CYLINDRICAL_SURFACE('',#5635,4.);
#4898=CYLINDRICAL_SURFACE('',#5637,4.);
#4899=CYLINDRICAL_SURFACE('',#5639,4.);
#4900=CYLINDRICAL_SURFACE('',#5641,4.);
#4901=CYLINDRICAL_SURFACE('',#5643,4.);
#4902=CYLINDRICAL_SURFACE('',#5645,4.);
#4903=CYLINDRICAL_SURFACE('',#5647,4.);
#4904=CYLINDRICAL_SURFACE('',#5649,4.);
#4905=CYLINDRICAL_SURFACE('',#5651,4.);
#4906=CYLINDRICAL_SURFACE('',#5653,4.);
#4907=CYLINDRICAL_SURFACE('',#5655,4.);
#4908=CYLINDRICAL_SURFACE('',#5657,4.);
#4909=CYLINDRICAL_SURFACE('',#5659,4.);
#4910=CYLINDRICAL_SURFACE('',#5661,4.);
#4911=CYLINDRICAL_SURFACE('',#5663,4.);
#4912=CYLINDRICAL_SURFACE('',#5665,4.);
#4913=CYLINDRICAL_SURFACE('',#5667,4.);
#4914=CYLINDRICAL_SURFACE('',#5669,4.);
#4915=CYLINDRICAL_SURFACE('',#5671,4.);
#4916=CYLINDRICAL_SURFACE('',#5673,4.);
#4917=CYLINDRICAL_SURFACE('',#5675,4.);
#4918=CYLINDRICAL_SURFACE('',#5677,4.);
#4919=CYLINDRICAL_SURFACE('',#5679,4.);
#4920=CYLINDRICAL_SURFACE('',#5681,4.);
#4921=CYLINDRICAL_SURFACE('',#5683,4.);
#4922=CYLINDRICAL_SURFACE('',#5685,4.);
#4923=CYLINDRICAL_SURFACE('',#5687,4.);
#4924=CYLINDRICAL_SURFACE('',#5689,4.);
#4925=CYLINDRICAL_SURFACE('',#5691,4.);
#4926=CYLINDRICAL_SURFACE('',#5693,4.);
#4927=CYLINDRICAL_SURFACE('',#5695,4.);
#4928=CYLINDRICAL_SURFACE('',#5697,4.);
#4929=CYLINDRICAL_SURFACE('',#5699,4.);
#4930=CYLINDRICAL_SURFACE('',#5701,6.);
#4931=CYLINDRICAL_SURFACE('',#5702,2.68232454731043);
#4932=CYLINDRICAL_SURFACE('',#5703,1.);
#4933=CYLINDRICAL_SURFACE('',#5706,1.);
#4934=CYLINDRICAL_SURFACE('',#5709,0.800000000000001);
#4935=CYLINDRICAL_SURFACE('',#5710,0.799999999999998);
#4936=CYLINDRICAL_SURFACE('',#5711,0.800000000000005);
#4937=CYLINDRICAL_SURFACE('',#5713,0.800000000000001);
#4938=CYLINDRICAL_SURFACE('',#5714,0.8);
#4939=CYLINDRICAL_SURFACE('',#5715,0.799999999999995);
#4940=CYLINDRICAL_SURFACE('',#5716,0.800000000000002);
#4941=CYLINDRICAL_SURFACE('',#5718,0.799999999999994);
#4942=CYLINDRICAL_SURFACE('',#5719,3.);
#4943=CYLINDRICAL_SURFACE('',#5721,3.);
#4944=CYLINDRICAL_SURFACE('',#5723,3.);
#4945=CYLINDRICAL_SURFACE('',#5725,3.);
#4946=CYLINDRICAL_SURFACE('',#5727,3.);
#4947=CYLINDRICAL_SURFACE('',#5730,3.);
#4948=CYLINDRICAL_SURFACE('',#5733,4.);
#4949=CYLINDRICAL_SURFACE('',#5739,4.);
#4950=CYLINDRICAL_SURFACE('',#5752,3.99978106175801);
#4951=CYLINDRICAL_SURFACE('',#5768,2.);
#4952=CYLINDRICAL_SURFACE('',#5769,1.74991201446429);
#4953=CYLINDRICAL_SURFACE('',#5770,2.);
#4954=CYLINDRICAL_SURFACE('',#5771,2.);
#4955=CYLINDRICAL_SURFACE('',#5772,1.75);
#4956=CYLINDRICAL_SURFACE('',#5773,2.);
#4957=CYLINDRICAL_SURFACE('',#5775,2.);
#4958=CYLINDRICAL_SURFACE('',#5778,2.);
#4959=CYLINDRICAL_SURFACE('',#5780,2.);
#4960=CYLINDRICAL_SURFACE('',#5784,2.);
#4961=CYLINDRICAL_SURFACE('',#5788,2.);
#4962=CYLINDRICAL_SURFACE('',#5790,4.);
#4963=CYLINDRICAL_SURFACE('',#5792,4.);
#4964=CYLINDRICAL_SURFACE('',#5794,2.);
#4965=CYLINDRICAL_SURFACE('',#5798,2.);
#4966=CYLINDRICAL_SURFACE('',#5800,2.);
#4967=CYLINDRICAL_SURFACE('',#5803,2.);
#4968=CYLINDRICAL_SURFACE('',#5805,2.);
#4969=CYLINDRICAL_SURFACE('',#5809,2.);
#4970=ADVANCED_FACE('',(#309),#4830,.F.);
#4971=ADVANCED_FACE('',(#310),#4831,.F.);
#4972=ADVANCED_FACE('',(#311),#214,.T.);
#4973=ADVANCED_FACE('',(#312),#4832,.F.);
#4974=ADVANCED_FACE('',(#313),#215,.T.);
#4975=ADVANCED_FACE('',(#314),#4833,.F.);
#4976=ADVANCED_FACE('',(#315),#4834,.F.);
#4977=ADVANCED_FACE('',(#316),#4835,.F.);
#4978=ADVANCED_FACE('',(#317),#4836,.F.);
#4979=ADVANCED_FACE('',(#318),#4837,.T.);
#4980=ADVANCED_FACE('',(#319),#4838,.T.);
#4981=ADVANCED_FACE('',(#320),#4839,.T.);
#4982=ADVANCED_FACE('',(#321),#4840,.T.);
#4983=ADVANCED_FACE('',(#322),#4841,.T.);
#4984=ADVANCED_FACE('',(#323),#4842,.T.);
#4985=ADVANCED_FACE('',(#324),#4843,.T.);
#4986=ADVANCED_FACE('',(#325,#39),#216,.T.);
#4987=ADVANCED_FACE('',(#326,#40),#217,.T.);
#4988=ADVANCED_FACE('',(#327),#4844,.T.);
#4989=ADVANCED_FACE('',(#328,#41),#218,.T.);
#4990=ADVANCED_FACE('',(#329),#219,.T.);
#4991=ADVANCED_FACE('',(#330,#42,#43,#44,#45,#46,#47,#48,#49,#50,#51,#52,
#53,#54,#55,#56,#57,#58,#59,#60,#61,#62,#63,#64,#65,#66,#67,#68,#69,#70,
#71,#72,#73,#74,#75,#76,#77,#78,#79,#80,#81,#82,#83,#84,#85,#86,#87,#88,
#89,#90,#91,#92,#93,#94,#95,#96,#97,#98,#99,#100,#101,#102,#103,#104,#105,
#106,#107,#108,#109,#110,#111,#112,#113,#114,#115),#220,.T.);
#4992=ADVANCED_FACE('',(#331),#29,.F.);
#4993=ADVANCED_FACE('',(#332),#4845,.F.);
#4994=ADVANCED_FACE('',(#333),#25,.T.);
#4995=ADVANCED_FACE('',(#334),#4846,.F.);
#4996=ADVANCED_FACE('',(#335),#30,.F.);
#4997=ADVANCED_FACE('',(#336),#26,.T.);
#4998=ADVANCED_FACE('',(#337),#4847,.T.);
#4999=ADVANCED_FACE('',(#338),#31,.F.);
#5000=ADVANCED_FACE('',(#339),#4848,.F.);
#5001=ADVANCED_FACE('',(#340),#27,.T.);
#5002=ADVANCED_FACE('',(#341),#4849,.F.);
#5003=ADVANCED_FACE('',(#342),#32,.F.);
#5004=ADVANCED_FACE('',(#343),#28,.T.);
#5005=ADVANCED_FACE('',(#344),#4850,.T.);
#5006=ADVANCED_FACE('',(#345),#4851,.F.);
#5007=ADVANCED_FACE('',(#346),#4852,.F.);
#5008=ADVANCED_FACE('',(#347),#221,.F.);
#5009=ADVANCED_FACE('',(#348),#222,.F.);
#5010=ADVANCED_FACE('',(#349,#116,#117),#223,.F.);
#5011=ADVANCED_FACE('',(#350,#118,#119),#224,.F.);
#5012=ADVANCED_FACE('',(#351),#225,.T.);
#5013=ADVANCED_FACE('',(#352),#226,.T.);
#5014=ADVANCED_FACE('',(#353,#120),#227,.T.);
#5015=ADVANCED_FACE('',(#354,#121),#228,.T.);
#5016=ADVANCED_FACE('',(#355),#229,.F.);
#5017=ADVANCED_FACE('',(#356),#230,.T.);
#5018=ADVANCED_FACE('',(#357),#231,.T.);
#5019=ADVANCED_FACE('',(#358),#232,.F.);
#5020=ADVANCED_FACE('',(#359),#233,.F.);
#5021=ADVANCED_FACE('',(#360),#234,.F.);
#5022=ADVANCED_FACE('',(#361),#235,.F.);
#5023=ADVANCED_FACE('',(#362),#236,.F.);
#5024=ADVANCED_FACE('',(#363),#237,.F.);
#5025=ADVANCED_FACE('',(#364),#238,.F.);
#5026=ADVANCED_FACE('',(#365),#239,.F.);
#5027=ADVANCED_FACE('',(#366),#240,.F.);
#5028=ADVANCED_FACE('',(#367),#241,.F.);
#5029=ADVANCED_FACE('',(#368,#122,#123),#242,.F.);
#5030=ADVANCED_FACE('',(#369),#4853,.F.);
#5031=ADVANCED_FACE('',(#370),#4854,.F.);
#5032=ADVANCED_FACE('',(#371),#4855,.T.);
#5033=ADVANCED_FACE('',(#372),#243,.T.);
#5034=ADVANCED_FACE('',(#373),#4856,.F.);
#5035=ADVANCED_FACE('',(#374),#4857,.T.);
#5036=ADVANCED_FACE('',(#375),#4858,.T.);
#5037=ADVANCED_FACE('',(#376),#4859,.T.);
#5038=ADVANCED_FACE('',(#377),#244,.T.);
#5039=ADVANCED_FACE('',(#378),#4860,.T.);
#5040=ADVANCED_FACE('',(#379,#124),#245,.T.);
#5041=ADVANCED_FACE('',(#380),#246,.F.);
#5042=ADVANCED_FACE('',(#381),#247,.F.);
#5043=ADVANCED_FACE('',(#382),#15,.F.);
#5044=ADVANCED_FACE('',(#383),#4861,.F.);
#5045=ADVANCED_FACE('',(#384),#33,.F.);
#5046=ADVANCED_FACE('',(#385),#4862,.F.);
#5047=ADVANCED_FACE('',(#386),#16,.F.);
#5048=ADVANCED_FACE('',(#387),#4863,.F.);
#5049=ADVANCED_FACE('',(#388),#4864,.F.);
#5050=ADVANCED_FACE('',(#389),#17,.F.);
#5051=ADVANCED_FACE('',(#390),#4865,.F.);
#5052=ADVANCED_FACE('',(#391),#18,.F.);
#5053=ADVANCED_FACE('',(#392),#4866,.F.);
#5054=ADVANCED_FACE('',(#393),#4867,.F.);
#5055=ADVANCED_FACE('',(#394),#4868,.F.);
#5056=ADVANCED_FACE('',(#395),#4869,.F.);
#5057=ADVANCED_FACE('',(#396),#34,.F.);
#5058=ADVANCED_FACE('',(#397),#4870,.T.);
#5059=ADVANCED_FACE('',(#398),#248,.T.);
#5060=ADVANCED_FACE('',(#399),#249,.T.);
#5061=ADVANCED_FACE('',(#400),#250,.T.);
#5062=ADVANCED_FACE('',(#401),#251,.T.);
#5063=ADVANCED_FACE('',(#402),#252,.T.);
#5064=ADVANCED_FACE('',(#403),#4871,.T.);
#5065=ADVANCED_FACE('',(#404),#4872,.F.);
#5066=ADVANCED_FACE('',(#405),#253,.T.);
#5067=ADVANCED_FACE('',(#406),#4873,.F.);
#5068=ADVANCED_FACE('',(#407),#254,.T.);
#5069=ADVANCED_FACE('',(#408),#4874,.F.);
#5070=ADVANCED_FACE('',(#409),#4875,.T.);
#5071=ADVANCED_FACE('',(#410),#4876,.F.);
#5072=ADVANCED_FACE('',(#411),#255,.T.);
#5073=ADVANCED_FACE('',(#412),#4877,.F.);
#5074=ADVANCED_FACE('',(#413),#4878,.T.);
#5075=ADVANCED_FACE('',(#414),#4879,.F.);
#5076=ADVANCED_FACE('',(#415),#256,.T.);
#5077=ADVANCED_FACE('',(#416),#4880,.F.);
#5078=ADVANCED_FACE('',(#417),#257,.T.);
#5079=ADVANCED_FACE('',(#418),#4881,.F.);
#5080=ADVANCED_FACE('',(#419),#258,.T.);
#5081=ADVANCED_FACE('',(#420),#4882,.F.);
#5082=ADVANCED_FACE('',(#421),#259,.T.);
#5083=ADVANCED_FACE('',(#422),#4883,.F.);
#5084=ADVANCED_FACE('',(#423),#260,.T.);
#5085=ADVANCED_FACE('',(#424),#4884,.F.);
#5086=ADVANCED_FACE('',(#425),#261,.T.);
#5087=ADVANCED_FACE('',(#426),#4885,.F.);
#5088=ADVANCED_FACE('',(#427),#262,.T.);
#5089=ADVANCED_FACE('',(#428),#4886,.F.);
#5090=ADVANCED_FACE('',(#429),#263,.T.);
#5091=ADVANCED_FACE('',(#430),#4887,.F.);
#5092=ADVANCED_FACE('',(#431),#264,.T.);
#5093=ADVANCED_FACE('',(#432),#4888,.F.);
#5094=ADVANCED_FACE('',(#433),#265,.T.);
#5095=ADVANCED_FACE('',(#434),#4889,.F.);
#5096=ADVANCED_FACE('',(#435),#266,.T.);
#5097=ADVANCED_FACE('',(#436),#4890,.F.);
#5098=ADVANCED_FACE('',(#437),#4891,.F.);
#5099=ADVANCED_FACE('',(#438),#4892,.F.);
#5100=ADVANCED_FACE('',(#439),#4893,.F.);
#5101=ADVANCED_FACE('',(#440),#4894,.F.);
#5102=ADVANCED_FACE('',(#441),#4895,.F.);
#5103=ADVANCED_FACE('',(#442),#4896,.F.);
#5104=ADVANCED_FACE('',(#443),#4897,.F.);
#5105=ADVANCED_FACE('',(#444),#4898,.F.);
#5106=ADVANCED_FACE('',(#445),#4899,.F.);
#5107=ADVANCED_FACE('',(#446),#4900,.F.);
#5108=ADVANCED_FACE('',(#447),#4901,.F.);
#5109=ADVANCED_FACE('',(#448),#4902,.F.);
#5110=ADVANCED_FACE('',(#449),#4903,.F.);
#5111=ADVANCED_FACE('',(#450),#4904,.F.);
#5112=ADVANCED_FACE('',(#451),#4905,.F.);
#5113=ADVANCED_FACE('',(#452),#4906,.F.);
#5114=ADVANCED_FACE('',(#453),#4907,.F.);
#5115=ADVANCED_FACE('',(#454),#4908,.F.);
#5116=ADVANCED_FACE('',(#455),#4909,.F.);
#5117=ADVANCED_FACE('',(#456),#4910,.F.);
#5118=ADVANCED_FACE('',(#457),#4911,.F.);
#5119=ADVANCED_FACE('',(#458),#4912,.F.);
#5120=ADVANCED_FACE('',(#459),#4913,.F.);
#5121=ADVANCED_FACE('',(#460),#4914,.F.);
#5122=ADVANCED_FACE('',(#461),#4915,.F.);
#5123=ADVANCED_FACE('',(#462),#4916,.F.);
#5124=ADVANCED_FACE('',(#463),#4917,.F.);
#5125=ADVANCED_FACE('',(#464),#4918,.F.);
#5126=ADVANCED_FACE('',(#465),#4919,.F.);
#5127=ADVANCED_FACE('',(#466),#4920,.F.);
#5128=ADVANCED_FACE('',(#467),#4921,.F.);
#5129=ADVANCED_FACE('',(#468),#4922,.F.);
#5130=ADVANCED_FACE('',(#469),#4923,.F.);
#5131=ADVANCED_FACE('',(#470),#4924,.F.);
#5132=ADVANCED_FACE('',(#471),#4925,.F.);
#5133=ADVANCED_FACE('',(#472),#4926,.F.);
#5134=ADVANCED_FACE('',(#473),#4927,.F.);
#5135=ADVANCED_FACE('',(#474),#4928,.F.);
#5136=ADVANCED_FACE('',(#475),#4929,.F.);
#5137=ADVANCED_FACE('',(#476),#4930,.F.);
#5138=ADVANCED_FACE('',(#477),#4931,.T.);
#5139=ADVANCED_FACE('',(#478),#4932,.F.);
#5140=ADVANCED_FACE('',(#479),#267,.T.);
#5141=ADVANCED_FACE('',(#480),#4933,.F.);
#5142=ADVANCED_FACE('',(#481,#125,#126,#127,#128,#129,#130,#131,#132,#133,
#134,#135,#136,#137,#138,#139,#140,#141,#142,#143,#144,#145,#146,#147,#148,
#149,#150,#151,#152,#153,#154,#155,#156,#157,#158,#159,#160,#161,#162,#163,
#164),#268,.F.);
#5143=ADVANCED_FACE('',(#482),#4934,.F.);
#5144=ADVANCED_FACE('',(#483),#4935,.F.);
#5145=ADVANCED_FACE('',(#484),#4936,.F.);
#5146=ADVANCED_FACE('',(#485),#4937,.F.);
#5147=ADVANCED_FACE('',(#486),#4938,.F.);
#5148=ADVANCED_FACE('',(#487),#4939,.F.);
#5149=ADVANCED_FACE('',(#488),#4940,.F.);
#5150=ADVANCED_FACE('',(#489),#4941,.F.);
#5151=ADVANCED_FACE('',(#490),#4942,.F.);
#5152=ADVANCED_FACE('',(#491),#269,.T.);
#5153=ADVANCED_FACE('',(#492),#4943,.F.);
#5154=ADVANCED_FACE('',(#493),#270,.T.);
#5155=ADVANCED_FACE('',(#494),#4944,.F.);
#5156=ADVANCED_FACE('',(#495),#271,.T.);
#5157=ADVANCED_FACE('',(#496),#4945,.F.);
#5158=ADVANCED_FACE('',(#497),#272,.T.);
#5159=ADVANCED_FACE('',(#498),#4946,.F.);
#5160=ADVANCED_FACE('',(#499),#273,.T.);
#5161=ADVANCED_FACE('',(#500),#4947,.F.);
#5162=ADVANCED_FACE('',(#501),#35,.F.);
#5163=ADVANCED_FACE('',(#502),#4948,.T.);
#5164=ADVANCED_FACE('',(#503),#36,.F.);
#5165=ADVANCED_FACE('',(#504),#37,.F.);
#5166=ADVANCED_FACE('',(#505),#4949,.T.);
#5167=ADVANCED_FACE('',(#506),#38,.F.);
#5168=ADVANCED_FACE('',(#507),#274,.T.);
#5169=ADVANCED_FACE('',(#508,#165,#166),#275,.F.);
#5170=ADVANCED_FACE('',(#509),#276,.T.);
#5171=ADVANCED_FACE('',(#510),#277,.T.);
#5172=ADVANCED_FACE('',(#511),#278,.T.);
#5173=ADVANCED_FACE('',(#512),#4950,.T.);
#5174=ADVANCED_FACE('',(#513,#167),#279,.F.);
#5175=ADVANCED_FACE('',(#514,#168),#280,.F.);
#5176=ADVANCED_FACE('',(#515,#169),#281,.F.);
#5177=ADVANCED_FACE('',(#516,#170),#282,.F.);
#5178=ADVANCED_FACE('',(#517,#171),#283,.F.);
#5179=ADVANCED_FACE('',(#518,#172),#284,.F.);
#5180=ADVANCED_FACE('',(#519),#4951,.F.);
#5181=ADVANCED_FACE('',(#520),#4952,.F.);
#5182=ADVANCED_FACE('',(#521),#4953,.F.);
#5183=ADVANCED_FACE('',(#522),#4954,.F.);
#5184=ADVANCED_FACE('',(#523),#4955,.F.);
#5185=ADVANCED_FACE('',(#524),#4956,.F.);
#5186=ADVANCED_FACE('',(#525),#285,.T.);
#5187=ADVANCED_FACE('',(#526),#4957,.T.);
#5188=ADVANCED_FACE('',(#527),#286,.T.);
#5189=ADVANCED_FACE('',(#528),#287,.T.);
#5190=ADVANCED_FACE('',(#529),#4958,.T.);
#5191=ADVANCED_FACE('',(#530),#288,.T.);
#5192=ADVANCED_FACE('',(#531),#4959,.F.);
#5193=ADVANCED_FACE('',(#532),#289,.T.);
#5194=ADVANCED_FACE('',(#533),#290,.T.);
#5195=ADVANCED_FACE('',(#534),#291,.T.);
#5196=ADVANCED_FACE('',(#535),#4960,.T.);
#5197=ADVANCED_FACE('',(#536),#292,.T.);
#5198=ADVANCED_FACE('',(#537),#293,.T.);
#5199=ADVANCED_FACE('',(#538),#294,.T.);
#5200=ADVANCED_FACE('',(#539),#4961,.T.);
#5201=ADVANCED_FACE('',(#540),#295,.T.);
#5202=ADVANCED_FACE('',(#541),#4962,.T.);
#5203=ADVANCED_FACE('',(#542),#296,.T.);
#5204=ADVANCED_FACE('',(#543),#4963,.T.);
#5205=ADVANCED_FACE('',(#544),#297,.T.);
#5206=ADVANCED_FACE('',(#545),#4964,.T.);
#5207=ADVANCED_FACE('',(#546),#298,.T.);
#5208=ADVANCED_FACE('',(#547),#299,.T.);
#5209=ADVANCED_FACE('',(#548),#300,.T.);
#5210=ADVANCED_FACE('',(#549),#4965,.T.);
#5211=ADVANCED_FACE('',(#550),#301,.T.);
#5212=ADVANCED_FACE('',(#551),#4966,.F.);
#5213=ADVANCED_FACE('',(#552),#302,.T.);
#5214=ADVANCED_FACE('',(#553),#303,.T.);
#5215=ADVANCED_FACE('',(#554),#4967,.F.);
#5216=ADVANCED_FACE('',(#555),#304,.T.);
#5217=ADVANCED_FACE('',(#556),#4968,.T.);
#5218=ADVANCED_FACE('',(#557),#305,.T.);
#5219=ADVANCED_FACE('',(#558),#306,.T.);
#5220=ADVANCED_FACE('',(#559),#307,.T.);
#5221=ADVANCED_FACE('',(#560),#4969,.T.);
#5222=ADVANCED_FACE('',(#561),#308,.T.);
#5223=CLOSED_SHELL('',(#4970,#4971,#4972,#4973,#4974,#4975,#4976,#4977,
#4978,#4979,#4980,#4981,#4982,#4983,#4984,#4985,#4986,#4987,#4988,#4989,
#4990,#4991,#4992,#4993,#4994,#4995,#4996,#4997,#4998,#4999,#5000,#5001,
#5002,#5003,#5004,#5005,#5006,#5007,#5008,#5009,#5010,#5011,#5012,#5013,
#5014,#5015,#5016,#5017,#5018,#5019,#5020,#5021,#5022,#5023,#5024,#5025,
#5026,#5027,#5028,#5029,#5030,#5031,#5032,#5033,#5034,#5035,#5036,#5037,
#5038,#5039,#5040,#5041,#5042,#5043,#5044,#5045,#5046,#5047,#5048,#5049,
#5050,#5051,#5052,#5053,#5054,#5055,#5056,#5057,#5058,#5059,#5060,#5061,
#5062,#5063,#5064,#5065,#5066,#5067,#5068,#5069,#5070,#5071,#5072,#5073,
#5074,#5075,#5076,#5077,#5078,#5079,#5080,#5081,#5082,#5083,#5084,#5085,
#5086,#5087,#5088,#5089,#5090,#5091,#5092,#5093,#5094,#5095,#5096,#5097,
#5098,#5099,#5100,#5101,#5102,#5103,#5104,#5105,#5106,#5107,#5108,#5109,
#5110,#5111,#5112,#5113,#5114,#5115,#5116,#5117,#5118,#5119,#5120,#5121,
#5122,#5123,#5124,#5125,#5126,#5127,#5128,#5129,#5130,#5131,#5132,#5133,
#5134,#5135,#5136,#5137,#5138,#5139,#5140,#5141,#5142,#5143,#5144,#5145,
#5146,#5147,#5148,#5149,#5150,#5151,#5152,#5153,#5154,#5155,#5156,#5157,
#5158,#5159,#5160,#5161,#5162,#5163,#5164,#5165,#5166,#5167,#5168,#5169,
#5170,#5171,#5172,#5173,#5174,#5175,#5176,#5177,#5178,#5179,#5180,#5181,
#5182,#5183,#5184,#5185,#5186,#5187,#5188,#5189,#5190,#5191,#5192,#5193,
#5194,#5195,#5196,#5197,#5198,#5199,#5200,#5201,#5202,#5203,#5204,#5205,
#5206,#5207,#5208,#5209,#5210,#5211,#5212,#5213,#5214,#5215,#5216,#5217,
#5218,#5219,#5220,#5221,#5222));
#5224=DERIVED_UNIT_ELEMENT(#5227,1.);
#5225=DERIVED_UNIT_ELEMENT(#9474,-3.);
#5226=DIMENSIONAL_EXPONENTS(0.,1.,0.,0.,0.,0.,0.);
#5227=(
CONVERSION_BASED_UNIT('gram',#5229)
MASS_UNIT()
NAMED_UNIT(#5226)
);
#5228=(
MASS_UNIT()
NAMED_UNIT(*)
SI_UNIT(.KILO.,.GRAM.)
);
#5229=MASS_MEASURE_WITH_UNIT(MASS_MEASURE(0.001),#5228);
#5230=DERIVED_UNIT((#5224,#5225));
#5231=MEASURE_REPRESENTATION_ITEM('density measure',
POSITIVE_RATIO_MEASURE(1.),#5230);
#5232=PROPERTY_DEFINITION_REPRESENTATION(#5237,#5234);
#5233=PROPERTY_DEFINITION_REPRESENTATION(#5238,#5235);
#5234=REPRESENTATION('material name',(#5236),#9471);
#5235=REPRESENTATION('density',(#5231),#9471);
#5236=DESCRIPTIVE_REPRESENTATION_ITEM('Generic','Generic');
#5237=PROPERTY_DEFINITION('material property','material name',#9481);
#5238=PROPERTY_DEFINITION('material property','density of part',#9481);
#5239=DATE_TIME_ROLE('creation_date');
#5240=APPLIED_DATE_AND_TIME_ASSIGNMENT(#5241,#5239,(#9481));
#5241=DATE_AND_TIME(#5242,#5243);
#5242=CALENDAR_DATE(2022,21,11);
#5243=LOCAL_TIME(0,0,0.,#5244);
#5244=COORDINATED_UNIVERSAL_TIME_OFFSET(0,0,.BEHIND.);
#5245=AXIS2_PLACEMENT_3D('',#7345,#5811,#5812);
#5246=AXIS2_PLACEMENT_3D('',#7346,#5813,#5814);
#5247=AXIS2_PLACEMENT_3D('',#7349,#5815,#5816);
#5248=AXIS2_PLACEMENT_3D('',#7353,#5818,#5819);
#5249=AXIS2_PLACEMENT_3D('',#7357,#5821,#5822);
#5250=AXIS2_PLACEMENT_3D('',#7359,#5824,#5825);
#5251=AXIS2_PLACEMENT_3D('',#7362,#5826,#5827);
#5252=AXIS2_PLACEMENT_3D('',#7366,#5829,#5830);
#5253=AXIS2_PLACEMENT_3D('',#7370,#5832,#5833);
#5254=AXIS2_PLACEMENT_3D('',#7372,#5835,#5836);
#5255=AXIS2_PLACEMENT_3D('',#7378,#5840,#5841);
#5256=AXIS2_PLACEMENT_3D('',#7381,#5842,#5843);
#5257=AXIS2_PLACEMENT_3D('',#7385,#5845,#5846);
#5258=AXIS2_PLACEMENT_3D('',#7387,#5848,#5849);
#5259=AXIS2_PLACEMENT_3D('',#7397,#5855,#5856);
#5260=AXIS2_PLACEMENT_3D('',#7399,#5857,#5858);
#5261=AXIS2_PLACEMENT_3D('',#7402,#5860,#5861);
#5262=AXIS2_PLACEMENT_3D('',#7403,#5862,#5863);
#5263=AXIS2_PLACEMENT_3D('',#7405,#5864,#5865);
#5264=AXIS2_PLACEMENT_3D('',#7408,#5867,#5868);
#5265=AXIS2_PLACEMENT_3D('',#7409,#5869,#5870);
#5266=AXIS2_PLACEMENT_3D('',#7411,#5871,#5872);
#5267=AXIS2_PLACEMENT_3D('',#7414,#5874,#5875);
#5268=AXIS2_PLACEMENT_3D('',#7415,#5876,#5877);
#5269=AXIS2_PLACEMENT_3D('',#7417,#5878,#5879);
#5270=AXIS2_PLACEMENT_3D('',#7420,#5881,#5882);
#5271=AXIS2_PLACEMENT_3D('',#7421,#5883,#5884);
#5272=AXIS2_PLACEMENT_3D('',#7435,#5886,#5887);
#5273=AXIS2_PLACEMENT_3D('',#7439,#5889,#5890);
#5274=AXIS2_PLACEMENT_3D('',#7442,#5892,#5893);
#5275=AXIS2_PLACEMENT_3D('',#7443,#5894,#5895);
#5276=AXIS2_PLACEMENT_3D('',#7445,#5896,#5897);
#5277=AXIS2_PLACEMENT_3D('',#7448,#5899,#5900);
#5278=AXIS2_PLACEMENT_3D('',#7449,#5901,#5902);
#5279=AXIS2_PLACEMENT_3D('',#7466,#5904,#5905);
#5280=AXIS2_PLACEMENT_3D('',#7467,#5906,#5907);
#5281=AXIS2_PLACEMENT_3D('',#7468,#5908,#5909);
#5282=AXIS2_PLACEMENT_3D('',#7473,#5911,#5912);
#5283=AXIS2_PLACEMENT_3D('',#7494,#5913,#5914);
#5284=AXIS2_PLACEMENT_3D('',#7497,#5916,#5917);
#5285=AXIS2_PLACEMENT_3D('',#7498,#5918,#5919);
#5286=AXIS2_PLACEMENT_3D('',#7499,#5920,#5921);
#5287=AXIS2_PLACEMENT_3D('',#7500,#5922,#5923);
#5288=AXIS2_PLACEMENT_3D('',#7501,#5924,#5925);
#5289=AXIS2_PLACEMENT_3D('',#7505,#5927,#5928);
#5290=AXIS2_PLACEMENT_3D('',#7506,#5929,#5930);
#5291=AXIS2_PLACEMENT_3D('',#7507,#5931,#5932);
#5292=AXIS2_PLACEMENT_3D('',#7509,#5933,#5934);
#5293=AXIS2_PLACEMENT_3D('',#7512,#5936,#5937);
#5294=AXIS2_PLACEMENT_3D('',#7513,#5938,#5939);
#5295=AXIS2_PLACEMENT_3D('',#7514,#5940,#5941);
#5296=AXIS2_PLACEMENT_3D('',#7515,#5942,#5943);
#5297=AXIS2_PLACEMENT_3D('',#7517,#5944,#5945);
#5298=AXIS2_PLACEMENT_3D('',#7519,#5946,#5947);
#5299=AXIS2_PLACEMENT_3D('',#7522,#5949,#5950);
#5300=AXIS2_PLACEMENT_3D('',#7523,#5951,#5952);
#5301=AXIS2_PLACEMENT_3D('',#7527,#5954,#5955);
#5302=AXIS2_PLACEMENT_3D('',#7540,#5956,#5957);
#5303=AXIS2_PLACEMENT_3D('',#7541,#5958,#5959);
#5304=AXIS2_PLACEMENT_3D('',#7542,#5960,#5961);
#5305=AXIS2_PLACEMENT_3D('',#7563,#5967,#5968);
#5306=AXIS2_PLACEMENT_3D('',#7565,#5969,#5970);
#5307=AXIS2_PLACEMENT_3D('',#7568,#5972,#5973);
#5308=AXIS2_PLACEMENT_3D('',#7570,#5974,#5975);
#5309=AXIS2_PLACEMENT_3D('',#7572,#5976,#5977);
#5310=AXIS2_PLACEMENT_3D('',#7574,#5978,#5979);
#5311=AXIS2_PLACEMENT_3D('',#7578,#5981,#5982);
#5312=AXIS2_PLACEMENT_3D('',#7590,#5988,#5989);
#5313=AXIS2_PLACEMENT_3D('',#7594,#5991,#5992);
#5314=AXIS2_PLACEMENT_3D('',#7598,#5994,#5995);
#5315=AXIS2_PLACEMENT_3D('',#7604,#5998,#5999);
#5316=AXIS2_PLACEMENT_3D('',#7618,#6006,#6007);
#5317=AXIS2_PLACEMENT_3D('',#7622,#6009,#6010);
#5318=AXIS2_PLACEMENT_3D('',#7624,#6011,#6012);
#5319=AXIS2_PLACEMENT_3D('',#7626,#6013,#6014);
#5320=AXIS2_PLACEMENT_3D('',#7628,#6015,#6016);
#5321=AXIS2_PLACEMENT_3D('',#7644,#6024,#6025);
#5322=AXIS2_PLACEMENT_3D('',#7646,#6026,#6027);
#5323=AXIS2_PLACEMENT_3D('',#7648,#6028,#6029);
#5324=AXIS2_PLACEMENT_3D('',#7652,#6031,#6032);
#5325=AXIS2_PLACEMENT_3D('',#7664,#6038,#6039);
#5326=AXIS2_PLACEMENT_3D('',#7668,#6041,#6042);
#5327=AXIS2_PLACEMENT_3D('',#7672,#6044,#6045);
#5328=AXIS2_PLACEMENT_3D('',#7676,#6047,#6048);
#5329=AXIS2_PLACEMENT_3D('',#7680,#6050,#6051);
#5330=AXIS2_PLACEMENT_3D('',#7692,#6057,#6058);
#5331=AXIS2_PLACEMENT_3D('',#7696,#6060,#6061);
#5332=AXIS2_PLACEMENT_3D('',#7698,#6062,#6063);
#5333=AXIS2_PLACEMENT_3D('',#7700,#6064,#6065);
#5334=AXIS2_PLACEMENT_3D('',#7704,#6067,#6068);
#5335=AXIS2_PLACEMENT_3D('',#7705,#6069,#6070);
#5336=AXIS2_PLACEMENT_3D('',#7707,#6071,#6072);
#5337=AXIS2_PLACEMENT_3D('',#7709,#6073,#6074);
#5338=AXIS2_PLACEMENT_3D('',#7713,#6076,#6077);
#5339=AXIS2_PLACEMENT_3D('',#7717,#6079,#6080);
#5340=AXIS2_PLACEMENT_3D('',#7719,#6081,#6082);
#5341=AXIS2_PLACEMENT_3D('',#7720,#6083,#6084);
#5342=AXIS2_PLACEMENT_3D('',#7724,#6086,#6087);
#5343=AXIS2_PLACEMENT_3D('',#7727,#6088,#6089);
#5344=AXIS2_PLACEMENT_3D('',#7728,#6090,#6091);
#5345=AXIS2_PLACEMENT_3D('',#7732,#6093,#6094);
#5346=AXIS2_PLACEMENT_3D('',#7736,#6096,#6097);
#5347=AXIS2_PLACEMENT_3D('',#7740,#6099,#6100);
#5348=AXIS2_PLACEMENT_3D('',#7744,#6102,#6103);
#5349=AXIS2_PLACEMENT_3D('',#7748,#6105,#6106);
#5350=AXIS2_PLACEMENT_3D('',#7752,#6108,#6109);
#5351=AXIS2_PLACEMENT_3D('',#7756,#6111,#6112);
#5352=AXIS2_PLACEMENT_3D('',#7760,#6114,#6115);
#5353=AXIS2_PLACEMENT_3D('',#7764,#6117,#6118);
#5354=AXIS2_PLACEMENT_3D('',#7768,#6120,#6121);
#5355=AXIS2_PLACEMENT_3D('',#7772,#6123,#6124);
#5356=AXIS2_PLACEMENT_3D('',#7774,#6125,#6126);
#5357=AXIS2_PLACEMENT_3D('',#7776,#6127,#6128);
#5358=AXIS2_PLACEMENT_3D('',#7778,#6129,#6130);
#5359=AXIS2_PLACEMENT_3D('',#7780,#6131,#6132);
#5360=AXIS2_PLACEMENT_3D('',#7782,#6133,#6134);
#5361=AXIS2_PLACEMENT_3D('',#7784,#6135,#6136);
#5362=AXIS2_PLACEMENT_3D('',#7786,#6137,#6138);
#5363=AXIS2_PLACEMENT_3D('',#7788,#6139,#6140);
#5364=AXIS2_PLACEMENT_3D('',#7790,#6141,#6142);
#5365=AXIS2_PLACEMENT_3D('',#7792,#6143,#6144);
#5366=AXIS2_PLACEMENT_3D('',#7794,#6145,#6146);
#5367=AXIS2_PLACEMENT_3D('',#7796,#6147,#6148);
#5368=AXIS2_PLACEMENT_3D('',#7798,#6149,#6150);
#5369=AXIS2_PLACEMENT_3D('',#7800,#6151,#6152);
#5370=AXIS2_PLACEMENT_3D('',#7802,#6153,#6154);
#5371=AXIS2_PLACEMENT_3D('',#7804,#6155,#6156);
#5372=AXIS2_PLACEMENT_3D('',#7806,#6157,#6158);
#5373=AXIS2_PLACEMENT_3D('',#7808,#6159,#6160);
#5374=AXIS2_PLACEMENT_3D('',#7810,#6161,#6162);
#5375=AXIS2_PLACEMENT_3D('',#7812,#6163,#6164);
#5376=AXIS2_PLACEMENT_3D('',#7814,#6165,#6166);
#5377=AXIS2_PLACEMENT_3D('',#7816,#6167,#6168);
#5378=AXIS2_PLACEMENT_3D('',#7818,#6169,#6170);
#5379=AXIS2_PLACEMENT_3D('',#7820,#6171,#6172);
#5380=AXIS2_PLACEMENT_3D('',#7822,#6173,#6174);
#5381=AXIS2_PLACEMENT_3D('',#7824,#6175,#6176);
#5382=AXIS2_PLACEMENT_3D('',#7826,#6177,#6178);
#5383=AXIS2_PLACEMENT_3D('',#7828,#6179,#6180);
#5384=AXIS2_PLACEMENT_3D('',#7830,#6181,#6182);
#5385=AXIS2_PLACEMENT_3D('',#7832,#6183,#6184);
#5386=AXIS2_PLACEMENT_3D('',#7834,#6185,#6186);
#5387=AXIS2_PLACEMENT_3D('',#7836,#6187,#6188);
#5388=AXIS2_PLACEMENT_3D('',#7838,#6189,#6190);
#5389=AXIS2_PLACEMENT_3D('',#7840,#6191,#6192);
#5390=AXIS2_PLACEMENT_3D('',#7842,#6193,#6194);
#5391=AXIS2_PLACEMENT_3D('',#7844,#6195,#6196);
#5392=AXIS2_PLACEMENT_3D('',#7846,#6197,#6198);
#5393=AXIS2_PLACEMENT_3D('',#7848,#6199,#6200);
#5394=AXIS2_PLACEMENT_3D('',#7850,#6201,#6202);
#5395=AXIS2_PLACEMENT_3D('',#7852,#6203,#6204);
#5396=AXIS2_PLACEMENT_3D('',#7854,#6205,#6206);
#5397=AXIS2_PLACEMENT_3D('',#7856,#6207,#6208);
#5398=AXIS2_PLACEMENT_3D('',#7858,#6209,#6210);
#5399=AXIS2_PLACEMENT_3D('',#7860,#6211,#6212);
#5400=AXIS2_PLACEMENT_3D('',#7862,#6213,#6214);
#5401=AXIS2_PLACEMENT_3D('',#7864,#6215,#6216);
#5402=AXIS2_PLACEMENT_3D('',#7866,#6217,#6218);
#5403=AXIS2_PLACEMENT_3D('',#7868,#6219,#6220);
#5404=AXIS2_PLACEMENT_3D('',#7870,#6221,#6222);
#5405=AXIS2_PLACEMENT_3D('',#7872,#6223,#6224);
#5406=AXIS2_PLACEMENT_3D('',#7874,#6225,#6226);
#5407=AXIS2_PLACEMENT_3D('',#7876,#6227,#6228);
#5408=AXIS2_PLACEMENT_3D('',#7877,#6229,#6230);
#5409=AXIS2_PLACEMENT_3D('',#7879,#6231,#6232);
#5410=AXIS2_PLACEMENT_3D('',#7881,#6233,#6234);
#5411=AXIS2_PLACEMENT_3D('',#7883,#6235,#6236);
#5412=AXIS2_PLACEMENT_3D('',#7901,#6237,#6238);
#5413=AXIS2_PLACEMENT_3D('',#7905,#6240,#6241);
#5414=AXIS2_PLACEMENT_3D('',#7967,#6243,#6244);
#5415=AXIS2_PLACEMENT_3D('',#7972,#6246,#6247);
#5416=AXIS2_PLACEMENT_3D('',#7987,#6249,#6250);
#5417=AXIS2_PLACEMENT_3D('',#7989,#6251,#6252);
#5418=AXIS2_PLACEMENT_3D('',#7991,#6253,#6254);
#5419=AXIS2_PLACEMENT_3D('',#7992,#6255,#6256);
#5420=AXIS2_PLACEMENT_3D('',#7994,#6257,#6258);
#5421=AXIS2_PLACEMENT_3D('',#8071,#6259,#6260);
#5422=AXIS2_PLACEMENT_3D('',#8074,#6262,#6263);
#5423=AXIS2_PLACEMENT_3D('',#8075,#6264,#6265);
#5424=AXIS2_PLACEMENT_3D('',#8076,#6266,#6267);
#5425=AXIS2_PLACEMENT_3D('',#8078,#6268,#6269);
#5426=AXIS2_PLACEMENT_3D('',#8080,#6270,#6271);
#5427=AXIS2_PLACEMENT_3D('',#8082,#6272,#6273);
#5428=AXIS2_PLACEMENT_3D('',#8100,#6274,#6275);
#5429=AXIS2_PLACEMENT_3D('',#8104,#6277,#6278);
#5430=AXIS2_PLACEMENT_3D('',#8166,#6280,#6281);
#5431=AXIS2_PLACEMENT_3D('',#8171,#6283,#6284);
#5432=AXIS2_PLACEMENT_3D('',#8186,#6286,#6287);
#5433=AXIS2_PLACEMENT_3D('',#8188,#6288,#6289);
#5434=AXIS2_PLACEMENT_3D('',#8190,#6290,#6291);
#5435=AXIS2_PLACEMENT_3D('',#8191,#6292,#6293);
#5436=AXIS2_PLACEMENT_3D('',#8193,#6294,#6295);
#5437=AXIS2_PLACEMENT_3D('',#8270,#6296,#6297);
#5438=AXIS2_PLACEMENT_3D('',#8273,#6299,#6300);
#5439=AXIS2_PLACEMENT_3D('',#8274,#6301,#6302);
#5440=AXIS2_PLACEMENT_3D('',#8275,#6303,#6304);
#5441=AXIS2_PLACEMENT_3D('',#8277,#6305,#6306);
#5442=AXIS2_PLACEMENT_3D('',#8281,#6308,#6309);
#5443=AXIS2_PLACEMENT_3D('',#8285,#6311,#6312);
#5444=AXIS2_PLACEMENT_3D('',#8306,#6313,#6314);
#5445=AXIS2_PLACEMENT_3D('',#8309,#6316,#6317);
#5446=AXIS2_PLACEMENT_3D('',#8310,#6318,#6319);
#5447=AXIS2_PLACEMENT_3D('',#8312,#6320,#6321);
#5448=AXIS2_PLACEMENT_3D('',#8316,#6323,#6324);
#5449=AXIS2_PLACEMENT_3D('',#8320,#6326,#6327);
#5450=AXIS2_PLACEMENT_3D('',#8341,#6328,#6329);
#5451=AXIS2_PLACEMENT_3D('',#8344,#6331,#6332);
#5452=AXIS2_PLACEMENT_3D('',#8345,#6333,#6334);
#5453=AXIS2_PLACEMENT_3D('',#8348,#6337,#6338);
#5454=AXIS2_PLACEMENT_3D('',#8351,#6341,#6342);
#5455=AXIS2_PLACEMENT_3D('',#8355,#6344,#6345);
#5456=AXIS2_PLACEMENT_3D('',#8359,#6347,#6348);
#5457=AXIS2_PLACEMENT_3D('',#8363,#6350,#6351);
#5458=AXIS2_PLACEMENT_3D('',#8367,#6353,#6354);
#5459=AXIS2_PLACEMENT_3D('',#8379,#6360,#6361);
#5460=AXIS2_PLACEMENT_3D('',#8383,#6363,#6364);
#5461=AXIS2_PLACEMENT_3D('',#8391,#6368,#6369);
#5462=AXIS2_PLACEMENT_3D('',#8394,#6371,#6372);
#5463=AXIS2_PLACEMENT_3D('',#8396,#6373,#6374);
#5464=AXIS2_PLACEMENT_3D('',#8397,#6375,#6376);
#5465=AXIS2_PLACEMENT_3D('',#8401,#6378,#6379);
#5466=AXIS2_PLACEMENT_3D('',#8409,#6383,#6384);
#5467=AXIS2_PLACEMENT_3D('',#8413,#6386,#6387);
#5468=AXIS2_PLACEMENT_3D('',#8427,#6394,#6395);
#5469=AXIS2_PLACEMENT_3D('',#8433,#6398,#6399);
#5470=AXIS2_PLACEMENT_3D('',#8437,#6401,#6402);
#5471=AXIS2_PLACEMENT_3D('',#8440,#6404,#6405);
#5472=AXIS2_PLACEMENT_3D('',#8442,#6406,#6407);
#5473=AXIS2_PLACEMENT_3D('',#8443,#6408,#6409);
#5474=AXIS2_PLACEMENT_3D('',#8447,#6412,#6413);
#5475=AXIS2_PLACEMENT_3D('',#8451,#6416,#6417);
#5476=AXIS2_PLACEMENT_3D('',#8452,#6418,#6419);
#5477=AXIS2_PLACEMENT_3D('',#8453,#6420,#6421);
#5478=AXIS2_PLACEMENT_3D('',#8456,#6424,#6425);
#5479=AXIS2_PLACEMENT_3D('',#8458,#6427,#6428);
#5480=AXIS2_PLACEMENT_3D('',#8459,#6429,#6430);
#5481=AXIS2_PLACEMENT_3D('',#8465,#6434,#6435);
#5482=AXIS2_PLACEMENT_3D('',#8469,#6438,#6439);
#5483=AXIS2_PLACEMENT_3D('',#8473,#6442,#6443);
#5484=AXIS2_PLACEMENT_3D('',#8479,#6447,#6448);
#5485=AXIS2_PLACEMENT_3D('',#8483,#6451,#6452);
#5486=AXIS2_PLACEMENT_3D('',#8486,#6455,#6456);
#5487=AXIS2_PLACEMENT_3D('',#8488,#6458,#6459);
#5488=AXIS2_PLACEMENT_3D('',#8490,#6461,#6462);
#5489=AXIS2_PLACEMENT_3D('',#8493,#6465,#6466);
#5490=AXIS2_PLACEMENT_3D('',#8495,#6468,#6469);
#5491=AXIS2_PLACEMENT_3D('',#8499,#6471,#6472);
#5492=AXIS2_PLACEMENT_3D('',#8503,#6474,#6475);
#5493=AXIS2_PLACEMENT_3D('',#8509,#6478,#6479);
#5494=AXIS2_PLACEMENT_3D('',#8513,#6481,#6482);
#5495=AXIS2_PLACEMENT_3D('',#8517,#6484,#6485);
#5496=AXIS2_PLACEMENT_3D('',#8521,#6487,#6488);
#5497=AXIS2_PLACEMENT_3D('',#8525,#6490,#6491);
#5498=AXIS2_PLACEMENT_3D('',#8528,#6493,#6494);
#5499=AXIS2_PLACEMENT_3D('',#8530,#6495,#6496);
#5500=AXIS2_PLACEMENT_3D('',#8531,#6497,#6498);
#5501=AXIS2_PLACEMENT_3D('',#8545,#6500,#6501);
#5502=AXIS2_PLACEMENT_3D('',#8547,#6502,#6503);
#5503=AXIS2_PLACEMENT_3D('',#8549,#6505,#6506);
#5504=AXIS2_PLACEMENT_3D('',#8576,#6509,#6510);
#5505=AXIS2_PLACEMENT_3D('',#8581,#6513,#6514);
#5506=AXIS2_PLACEMENT_3D('',#8582,#6515,#6516);
#5507=AXIS2_PLACEMENT_3D('',#8596,#6519,#6520);
#5508=AXIS2_PLACEMENT_3D('',#8599,#6521,#6522);
#5509=AXIS2_PLACEMENT_3D('',#8601,#6524,#6525);
#5510=AXIS2_PLACEMENT_3D('',#8602,#6526,#6527);
#5511=AXIS2_PLACEMENT_3D('',#8604,#6528,#6529);
#5512=AXIS2_PLACEMENT_3D('',#8607,#6532,#6533);
#5513=AXIS2_PLACEMENT_3D('',#8610,#6534,#6535);
#5514=AXIS2_PLACEMENT_3D('',#8611,#6536,#6537);
#5515=AXIS2_PLACEMENT_3D('',#8612,#6538,#6539);
#5516=AXIS2_PLACEMENT_3D('',#8615,#6540,#6541);
#5517=AXIS2_PLACEMENT_3D('',#8616,#6542,#6543);
#5518=AXIS2_PLACEMENT_3D('',#8617,#6544,#6545);
#5519=AXIS2_PLACEMENT_3D('',#8621,#6548,#6549);
#5520=AXIS2_PLACEMENT_3D('',#8623,#6550,#6551);
#5521=AXIS2_PLACEMENT_3D('',#8643,#6552,#6553);
#5522=AXIS2_PLACEMENT_3D('',#8644,#6554,#6555);
#5523=AXIS2_PLACEMENT_3D('',#8645,#6556,#6557);
#5524=AXIS2_PLACEMENT_3D('',#8646,#6558,#6559);
#5525=AXIS2_PLACEMENT_3D('',#8651,#6562,#6563);
#5526=AXIS2_PLACEMENT_3D('',#8652,#6564,#6565);
#5527=AXIS2_PLACEMENT_3D('',#8654,#6566,#6567);
#5528=AXIS2_PLACEMENT_3D('',#8658,#6570,#6571);
#5529=AXIS2_PLACEMENT_3D('',#8660,#6572,#6573);
#5530=AXIS2_PLACEMENT_3D('',#8662,#6574,#6575);
#5531=AXIS2_PLACEMENT_3D('',#8663,#6576,#6577);
#5532=AXIS2_PLACEMENT_3D('',#8664,#6578,#6579);
#5533=AXIS2_PLACEMENT_3D('',#8667,#6582,#6583);
#5534=AXIS2_PLACEMENT_3D('',#8669,#6584,#6585);
#5535=AXIS2_PLACEMENT_3D('',#8670,#6586,#6587);
#5536=AXIS2_PLACEMENT_3D('',#8671,#6588,#6589);
#5537=AXIS2_PLACEMENT_3D('',#8673,#6591,#6592);
#5538=AXIS2_PLACEMENT_3D('',#8675,#6593,#6594);
#5539=AXIS2_PLACEMENT_3D('',#8677,#6595,#6596);
#5540=AXIS2_PLACEMENT_3D('',#8678,#6597,#6598);
#5541=AXIS2_PLACEMENT_3D('',#8679,#6599,#6600);
#5542=AXIS2_PLACEMENT_3D('',#8681,#6602,#6603);
#5543=AXIS2_PLACEMENT_3D('',#8705,#6617,#6618);
#5544=AXIS2_PLACEMENT_3D('',#8707,#6619,#6620);
#5545=AXIS2_PLACEMENT_3D('',#8709,#6621,#6622);
#5546=AXIS2_PLACEMENT_3D('',#8710,#6623,#6624);
#5547=AXIS2_PLACEMENT_3D('',#8711,#6625,#6626);
#5548=AXIS2_PLACEMENT_3D('',#8714,#6627,#6628);
#5549=AXIS2_PLACEMENT_3D('',#8717,#6631,#6632);
#5550=AXIS2_PLACEMENT_3D('',#8720,#6633,#6634);
#5551=AXIS2_PLACEMENT_3D('',#8721,#6635,#6636);
#5552=AXIS2_PLACEMENT_3D('',#8722,#6637,#6638);
#5553=AXIS2_PLACEMENT_3D('',#8723,#6639,#6640);
#5554=AXIS2_PLACEMENT_3D('',#8725,#6642,#6643);
#5555=AXIS2_PLACEMENT_3D('',#8784,#6654,#6655);
#5556=AXIS2_PLACEMENT_3D('',#8817,#6669,#6670);
#5557=AXIS2_PLACEMENT_3D('',#8819,#6671,#6672);
#5558=AXIS2_PLACEMENT_3D('',#8821,#6674,#6675);
#5559=AXIS2_PLACEMENT_3D('',#8822,#6676,#6677);
#5560=AXIS2_PLACEMENT_3D('',#8823,#6678,#6679);
#5561=AXIS2_PLACEMENT_3D('',#8825,#6681,#6682);
#5562=AXIS2_PLACEMENT_3D('',#8826,#6683,#6684);
#5563=AXIS2_PLACEMENT_3D('',#8827,#6685,#6686);
#5564=AXIS2_PLACEMENT_3D('',#8867,#6688,#6689);
#5565=AXIS2_PLACEMENT_3D('',#8868,#6690,#6691);
#5566=AXIS2_PLACEMENT_3D('',#8910,#6694,#6695);
#5567=AXIS2_PLACEMENT_3D('',#8914,#6698,#6699);
#5568=AXIS2_PLACEMENT_3D('',#8916,#6700,#6701);
#5569=AXIS2_PLACEMENT_3D('',#8917,#6702,#6703);
#5570=AXIS2_PLACEMENT_3D('',#8918,#6704,#6705);
#5571=AXIS2_PLACEMENT_3D('',#8920,#6707,#6708);
#5572=AXIS2_PLACEMENT_3D('',#8922,#6710,#6711);
#5573=AXIS2_PLACEMENT_3D('',#8923,#6712,#6713);
#5574=AXIS2_PLACEMENT_3D('',#8925,#6715,#6716);
#5575=AXIS2_PLACEMENT_3D('',#8927,#6718,#6719);
#5576=AXIS2_PLACEMENT_3D('',#8928,#6720,#6721);
#5577=AXIS2_PLACEMENT_3D('',#8930,#6722,#6723);
#5578=AXIS2_PLACEMENT_3D('',#8932,#6725,#6726);
#5579=AXIS2_PLACEMENT_3D('',#8933,#6727,#6728);
#5580=AXIS2_PLACEMENT_3D('',#8934,#6729,#6730);
#5581=AXIS2_PLACEMENT_3D('',#8936,#6732,#6733);
#5582=AXIS2_PLACEMENT_3D('',#8938,#6735,#6736);
#5583=AXIS2_PLACEMENT_3D('',#8939,#6737,#6738);
#5584=AXIS2_PLACEMENT_3D('',#8943,#6740,#6741);
#5585=AXIS2_PLACEMENT_3D('',#8945,#6743,#6744);
#5586=AXIS2_PLACEMENT_3D('',#8946,#6745,#6746);
#5587=AXIS2_PLACEMENT_3D('',#8947,#6747,#6748);
#5588=AXIS2_PLACEMENT_3D('',#8948,#6749,#6750);
#5589=AXIS2_PLACEMENT_3D('',#8950,#6752,#6753);
#5590=AXIS2_PLACEMENT_3D('',#8952,#6755,#6756);
#5591=AXIS2_PLACEMENT_3D('',#8953,#6757,#6758);
#5592=AXIS2_PLACEMENT_3D('',#8955,#6760,#6761);
#5593=AXIS2_PLACEMENT_3D('',#8957,#6763,#6764);
#5594=AXIS2_PLACEMENT_3D('',#8958,#6765,#6766);
#5595=AXIS2_PLACEMENT_3D('',#8960,#6768,#6769);
#5596=AXIS2_PLACEMENT_3D('',#8962,#6771,#6772);
#5597=AXIS2_PLACEMENT_3D('',#8963,#6773,#6774);
#5598=AXIS2_PLACEMENT_3D('',#8965,#6776,#6777);
#5599=AXIS2_PLACEMENT_3D('',#8967,#6779,#6780);
#5600=AXIS2_PLACEMENT_3D('',#8968,#6781,#6782);
#5601=AXIS2_PLACEMENT_3D('',#8970,#6784,#6785);
#5602=AXIS2_PLACEMENT_3D('',#8972,#6787,#6788);
#5603=AXIS2_PLACEMENT_3D('',#8973,#6789,#6790);
#5604=AXIS2_PLACEMENT_3D('',#8975,#6792,#6793);
#5605=AXIS2_PLACEMENT_3D('',#8977,#6795,#6796);
#5606=AXIS2_PLACEMENT_3D('',#8978,#6797,#6798);
#5607=AXIS2_PLACEMENT_3D('',#8980,#6800,#6801);
#5608=AXIS2_PLACEMENT_3D('',#8982,#6803,#6804);
#5609=AXIS2_PLACEMENT_3D('',#8983,#6805,#6806);
#5610=AXIS2_PLACEMENT_3D('',#8985,#6808,#6809);
#5611=AXIS2_PLACEMENT_3D('',#8987,#6811,#6812);
#5612=AXIS2_PLACEMENT_3D('',#8988,#6813,#6814);
#5613=AXIS2_PLACEMENT_3D('',#8990,#6816,#6817);
#5614=AXIS2_PLACEMENT_3D('',#8992,#6819,#6820);
#5615=AXIS2_PLACEMENT_3D('',#8993,#6821,#6822);
#5616=AXIS2_PLACEMENT_3D('',#8995,#6824,#6825);
#5617=AXIS2_PLACEMENT_3D('',#8997,#6827,#6828);
#5618=AXIS2_PLACEMENT_3D('',#8998,#6829,#6830);
#5619=AXIS2_PLACEMENT_3D('',#9000,#6832,#6833);
#5620=AXIS2_PLACEMENT_3D('',#9002,#6835,#6836);
#5621=AXIS2_PLACEMENT_3D('',#9003,#6837,#6838);
#5622=AXIS2_PLACEMENT_3D('',#9005,#6839,#6840);
#5623=AXIS2_PLACEMENT_3D('',#9007,#6842,#6843);
#5624=AXIS2_PLACEMENT_3D('',#9009,#6844,#6845);
#5625=AXIS2_PLACEMENT_3D('',#9011,#6847,#6848);
#5626=AXIS2_PLACEMENT_3D('',#9013,#6849,#6850);
#5627=AXIS2_PLACEMENT_3D('',#9015,#6852,#6853);
#5628=AXIS2_PLACEMENT_3D('',#9017,#6854,#6855);
#5629=AXIS2_PLACEMENT_3D('',#9019,#6857,#6858);
#5630=AXIS2_PLACEMENT_3D('',#9021,#6859,#6860);
#5631=AXIS2_PLACEMENT_3D('',#9023,#6862,#6863);
#5632=AXIS2_PLACEMENT_3D('',#9025,#6864,#6865);
#5633=AXIS2_PLACEMENT_3D('',#9027,#6867,#6868);
#5634=AXIS2_PLACEMENT_3D('',#9029,#6869,#6870);
#5635=AXIS2_PLACEMENT_3D('',#9031,#6872,#6873);
#5636=AXIS2_PLACEMENT_3D('',#9033,#6874,#6875);
#5637=AXIS2_PLACEMENT_3D('',#9035,#6877,#6878);
#5638=AXIS2_PLACEMENT_3D('',#9037,#6879,#6880);
#5639=AXIS2_PLACEMENT_3D('',#9039,#6882,#6883);
#5640=AXIS2_PLACEMENT_3D('',#9041,#6884,#6885);
#5641=AXIS2_PLACEMENT_3D('',#9043,#6887,#6888);
#5642=AXIS2_PLACEMENT_3D('',#9045,#6889,#6890);
#5643=AXIS2_PLACEMENT_3D('',#9047,#6892,#6893);
#5644=AXIS2_PLACEMENT_3D('',#9049,#6894,#6895);
#5645=AXIS2_PLACEMENT_3D('',#9051,#6897,#6898);
#5646=AXIS2_PLACEMENT_3D('',#9053,#6899,#6900);
#5647=AXIS2_PLACEMENT_3D('',#9055,#6902,#6903);
#5648=AXIS2_PLACEMENT_3D('',#9057,#6904,#6905);
#5649=AXIS2_PLACEMENT_3D('',#9059,#6907,#6908);
#5650=AXIS2_PLACEMENT_3D('',#9061,#6909,#6910);
#5651=AXIS2_PLACEMENT_3D('',#9063,#6912,#6913);
#5652=AXIS2_PLACEMENT_3D('',#9065,#6914,#6915);
#5653=AXIS2_PLACEMENT_3D('',#9067,#6917,#6918);
#5654=AXIS2_PLACEMENT_3D('',#9069,#6919,#6920);
#5655=AXIS2_PLACEMENT_3D('',#9071,#6922,#6923);
#5656=AXIS2_PLACEMENT_3D('',#9073,#6924,#6925);
#5657=AXIS2_PLACEMENT_3D('',#9075,#6927,#6928);
#5658=AXIS2_PLACEMENT_3D('',#9077,#6929,#6930);
#5659=AXIS2_PLACEMENT_3D('',#9079,#6932,#6933);
#5660=AXIS2_PLACEMENT_3D('',#9081,#6934,#6935);
#5661=AXIS2_PLACEMENT_3D('',#9083,#6937,#6938);
#5662=AXIS2_PLACEMENT_3D('',#9085,#6939,#6940);
#5663=AXIS2_PLACEMENT_3D('',#9087,#6942,#6943);
#5664=AXIS2_PLACEMENT_3D('',#9089,#6944,#6945);
#5665=AXIS2_PLACEMENT_3D('',#9091,#6947,#6948);
#5666=AXIS2_PLACEMENT_3D('',#9093,#6949,#6950);
#5667=AXIS2_PLACEMENT_3D('',#9095,#6952,#6953);
#5668=AXIS2_PLACEMENT_3D('',#9097,#6954,#6955);
#5669=AXIS2_PLACEMENT_3D('',#9099,#6957,#6958);
#5670=AXIS2_PLACEMENT_3D('',#9101,#6959,#6960);
#5671=AXIS2_PLACEMENT_3D('',#9103,#6962,#6963);
#5672=AXIS2_PLACEMENT_3D('',#9105,#6964,#6965);
#5673=AXIS2_PLACEMENT_3D('',#9107,#6967,#6968);
#5674=AXIS2_PLACEMENT_3D('',#9109,#6969,#6970);
#5675=AXIS2_PLACEMENT_3D('',#9111,#6972,#6973);
#5676=AXIS2_PLACEMENT_3D('',#9113,#6974,#6975);
#5677=AXIS2_PLACEMENT_3D('',#9115,#6977,#6978);
#5678=AXIS2_PLACEMENT_3D('',#9117,#6979,#6980);
#5679=AXIS2_PLACEMENT_3D('',#9119,#6982,#6983);
#5680=AXIS2_PLACEMENT_3D('',#9121,#6984,#6985);
#5681=AXIS2_PLACEMENT_3D('',#9123,#6987,#6988);
#5682=AXIS2_PLACEMENT_3D('',#9125,#6989,#6990);
#5683=AXIS2_PLACEMENT_3D('',#9127,#6992,#6993);
#5684=AXIS2_PLACEMENT_3D('',#9129,#6994,#6995);
#5685=AXIS2_PLACEMENT_3D('',#9131,#6997,#6998);
#5686=AXIS2_PLACEMENT_3D('',#9133,#6999,#7000);
#5687=AXIS2_PLACEMENT_3D('',#9135,#7002,#7003);
#5688=AXIS2_PLACEMENT_3D('',#9137,#7004,#7005);
#5689=AXIS2_PLACEMENT_3D('',#9139,#7007,#7008);
#5690=AXIS2_PLACEMENT_3D('',#9141,#7009,#7010);
#5691=AXIS2_PLACEMENT_3D('',#9143,#7012,#7013);
#5692=AXIS2_PLACEMENT_3D('',#9145,#7014,#7015);
#5693=AXIS2_PLACEMENT_3D('',#9147,#7017,#7018);
#5694=AXIS2_PLACEMENT_3D('',#9149,#7019,#7020);
#5695=AXIS2_PLACEMENT_3D('',#9151,#7022,#7023);
#5696=AXIS2_PLACEMENT_3D('',#9153,#7024,#7025);
#5697=AXIS2_PLACEMENT_3D('',#9155,#7027,#7028);
#5698=AXIS2_PLACEMENT_3D('',#9157,#7029,#7030);
#5699=AXIS2_PLACEMENT_3D('',#9159,#7032,#7033);
#5700=AXIS2_PLACEMENT_3D('',#9161,#7034,#7035);
#5701=AXIS2_PLACEMENT_3D('',#9163,#7037,#7038);
#5702=AXIS2_PLACEMENT_3D('',#9165,#7040,#7041);
#5703=AXIS2_PLACEMENT_3D('',#9166,#7042,#7043);
#5704=AXIS2_PLACEMENT_3D('',#9168,#7044,#7045);
#5705=AXIS2_PLACEMENT_3D('',#9170,#7047,#7048);
#5706=AXIS2_PLACEMENT_3D('',#9174,#7051,#7052);
#5707=AXIS2_PLACEMENT_3D('',#9175,#7053,#7054);
#5708=AXIS2_PLACEMENT_3D('',#9176,#7055,#7056);
#5709=AXIS2_PLACEMENT_3D('',#9177,#7057,#7058);
#5710=AXIS2_PLACEMENT_3D('',#9179,#7060,#7061);
#5711=AXIS2_PLACEMENT_3D('',#9181,#7063,#7064);
#5712=AXIS2_PLACEMENT_3D('',#9183,#7065,#7066);
#5713=AXIS2_PLACEMENT_3D('',#9185,#7068,#7069);
#5714=AXIS2_PLACEMENT_3D('',#9187,#7071,#7072);
#5715=AXIS2_PLACEMENT_3D('',#9189,#7074,#7075);
#5716=AXIS2_PLACEMENT_3D('',#9191,#7077,#7078);
#5717=AXIS2_PLACEMENT_3D('',#9193,#7079,#7080);
#5718=AXIS2_PLACEMENT_3D('',#9195,#7082,#7083);
#5719=AXIS2_PLACEMENT_3D('',#9197,#7085,#7086);
#5720=AXIS2_PLACEMENT_3D('',#9200,#7089,#7090);
#5721=AXIS2_PLACEMENT_3D('',#9206,#7094,#7095);
#5722=AXIS2_PLACEMENT_3D('',#9208,#7097,#7098);
#5723=AXIS2_PLACEMENT_3D('',#9214,#7102,#7103);
#5724=AXIS2_PLACEMENT_3D('',#9217,#7106,#7107);
#5725=AXIS2_PLACEMENT_3D('',#9223,#7111,#7112);
#5726=AXIS2_PLACEMENT_3D('',#9226,#7115,#7116);
#5727=AXIS2_PLACEMENT_3D('',#9232,#7120,#7121);
#5728=AXIS2_PLACEMENT_3D('',#9235,#7123,#7124);
#5729=AXIS2_PLACEMENT_3D('',#9236,#7125,#7126);
#5730=AXIS2_PLACEMENT_3D('',#9242,#7130,#7131);
#5731=AXIS2_PLACEMENT_3D('',#9244,#7133,#7134);
#5732=AXIS2_PLACEMENT_3D('',#9246,#7135,#7136);
#5733=AXIS2_PLACEMENT_3D('',#9265,#7137,#7138);
#5734=AXIS2_PLACEMENT_3D('',#9268,#7140,#7141);
#5735=AXIS2_PLACEMENT_3D('',#9270,#7143,#7144);
#5736=AXIS2_PLACEMENT_3D('',#9289,#7145,#7146);
#5737=AXIS2_PLACEMENT_3D('',#9290,#7147,#7148);
#5738=AXIS2_PLACEMENT_3D('',#9292,#7149,#7150);
#5739=AXIS2_PLACEMENT_3D('',#9311,#7151,#7152);
#5740=AXIS2_PLACEMENT_3D('',#9314,#7154,#7155);
#5741=AXIS2_PLACEMENT_3D('',#9316,#7157,#7158);
#5742=AXIS2_PLACEMENT_3D('',#9336,#7159,#7160);
#5743=AXIS2_PLACEMENT_3D('',#9337,#7161,#7162);
#5744=AXIS2_PLACEMENT_3D('',#9338,#7163,#7164);
#5745=AXIS2_PLACEMENT_3D('',#9342,#7168,#7169);
#5746=AXIS2_PLACEMENT_3D('',#9346,#7171,#7172);
#5747=AXIS2_PLACEMENT_3D('',#9350,#7174,#7175);
#5748=AXIS2_PLACEMENT_3D('',#9355,#7178,#7179);
#5749=AXIS2_PLACEMENT_3D('',#9359,#7182,#7183);
#5750=AXIS2_PLACEMENT_3D('',#9362,#7186,#7187);
#5751=AXIS2_PLACEMENT_3D('',#9368,#7191,#7192);
#5752=AXIS2_PLACEMENT_3D('',#9370,#7194,#7195);
#5753=AXIS2_PLACEMENT_3D('',#9373,#7197,#7198);
#5754=AXIS2_PLACEMENT_3D('',#9374,#7199,#7200);
#5755=AXIS2_PLACEMENT_3D('',#9375,#7201,#7202);
#5756=AXIS2_PLACEMENT_3D('',#9377,#7203,#7204);
#5757=AXIS2_PLACEMENT_3D('',#9378,#7205,#7206);
#5758=AXIS2_PLACEMENT_3D('',#9380,#7207,#7208);
#5759=AXIS2_PLACEMENT_3D('',#9381,#7209,#7210);
#5760=AXIS2_PLACEMENT_3D('',#9383,#7211,#7212);
#5761=AXIS2_PLACEMENT_3D('',#9384,#7213,#7214);
#5762=AXIS2_PLACEMENT_3D('',#9386,#7215,#7216);
#5763=AXIS2_PLACEMENT_3D('',#9387,#7217,#7218);
#5764=AXIS2_PLACEMENT_3D('',#9388,#7219,#7220);
#5765=AXIS2_PLACEMENT_3D('',#9390,#7221,#7222);
#5766=AXIS2_PLACEMENT_3D('',#9391,#7223,#7224);
#5767=AXIS2_PLACEMENT_3D('',#9393,#7225,#7226);
#5768=AXIS2_PLACEMENT_3D('',#9394,#7227,#7228);
#5769=AXIS2_PLACEMENT_3D('',#9396,#7230,#7231);
#5770=AXIS2_PLACEMENT_3D('',#9398,#7233,#7234);
#5771=AXIS2_PLACEMENT_3D('',#9400,#7236,#7237);
#5772=AXIS2_PLACEMENT_3D('',#9402,#7239,#7240);
#5773=AXIS2_PLACEMENT_3D('',#9404,#7242,#7243);
#5774=AXIS2_PLACEMENT_3D('',#9406,#7245,#7246);
#5775=AXIS2_PLACEMENT_3D('',#9408,#7248,#7249);
#5776=AXIS2_PLACEMENT_3D('',#9410,#7251,#7252);
#5777=AXIS2_PLACEMENT_3D('',#9411,#7253,#7254);
#5778=AXIS2_PLACEMENT_3D('',#9413,#7256,#7257);
#5779=AXIS2_PLACEMENT_3D('',#9415,#7259,#7260);
#5780=AXIS2_PLACEMENT_3D('',#9417,#7262,#7263);
#5781=AXIS2_PLACEMENT_3D('',#9419,#7265,#7266);
#5782=AXIS2_PLACEMENT_3D('',#9420,#7267,#7268);
#5783=AXIS2_PLACEMENT_3D('',#9422,#7270,#7271);
#5784=AXIS2_PLACEMENT_3D('',#9424,#7273,#7274);
#5785=AXIS2_PLACEMENT_3D('',#9426,#7276,#7277);
#5786=AXIS2_PLACEMENT_3D('',#9427,#7278,#7279);
#5787=AXIS2_PLACEMENT_3D('',#9429,#7281,#7282);
#5788=AXIS2_PLACEMENT_3D('',#9431,#7284,#7285);
#5789=AXIS2_PLACEMENT_3D('',#9433,#7287,#7288);
#5790=AXIS2_PLACEMENT_3D('',#9434,#7289,#7290);
#5791=AXIS2_PLACEMENT_3D('',#9435,#7291,#7292);
#5792=AXIS2_PLACEMENT_3D('',#9436,#7293,#7294);
#5793=AXIS2_PLACEMENT_3D('',#9437,#7295,#7296);
#5794=AXIS2_PLACEMENT_3D('',#9439,#7298,#7299);
#5795=AXIS2_PLACEMENT_3D('',#9441,#7301,#7302);
#5796=AXIS2_PLACEMENT_3D('',#9442,#7303,#7304);
#5797=AXIS2_PLACEMENT_3D('',#9444,#7306,#7307);
#5798=AXIS2_PLACEMENT_3D('',#9446,#7309,#7310);
#5799=AXIS2_PLACEMENT_3D('',#9448,#7312,#7313);
#5800=AXIS2_PLACEMENT_3D('',#9450,#7315,#7316);
#5801=AXIS2_PLACEMENT_3D('',#9452,#7318,#7319);
#5802=AXIS2_PLACEMENT_3D('',#9453,#7320,#7321);
#5803=AXIS2_PLACEMENT_3D('',#9455,#7323,#7324);
#5804=AXIS2_PLACEMENT_3D('',#9457,#7326,#7327);
#5805=AXIS2_PLACEMENT_3D('',#9459,#7329,#7330);
#5806=AXIS2_PLACEMENT_3D('',#9461,#7332,#7333);
#5807=AXIS2_PLACEMENT_3D('',#9462,#7334,#7335);
#5808=AXIS2_PLACEMENT_3D('',#9464,#7337,#7338);
#5809=AXIS2_PLACEMENT_3D('',#9466,#7340,#7341);
#5810=AXIS2_PLACEMENT_3D('',#9468,#7343,#7344);
#5811=DIRECTION('axis',(0.,0.,1.));
#5812=DIRECTION('refdir',(1.,0.,0.));
#5813=DIRECTION('center_axis',(0.,0.,1.));
#5814=DIRECTION('ref_axis',(1.,0.,0.));
#5815=DIRECTION('center_axis',(0.,0.,1.));
#5816=DIRECTION('ref_axis',(1.,0.,0.));
#5817=DIRECTION('',(0.,0.,-1.));
#5818=DIRECTION('center_axis',(0.,0.,-1.));
#5819=DIRECTION('ref_axis',(1.,0.,0.));
#5820=DIRECTION('',(0.,0.,1.));
#5821=DIRECTION('center_axis',(0.,0.,-1.));
#5822=DIRECTION('ref_axis',(1.,0.,0.));
#5823=DIRECTION('',(0.,0.,1.));
#5824=DIRECTION('center_axis',(0.,0.,-1.));
#5825=DIRECTION('ref_axis',(1.,0.,0.));
#5826=DIRECTION('center_axis',(0.,0.,-1.));
#5827=DIRECTION('ref_axis',(1.,0.,0.));
#5828=DIRECTION('',(0.,0.,-1.));
#5829=DIRECTION('center_axis',(0.,0.,-1.));
#5830=DIRECTION('ref_axis',(1.,0.,0.));
#5831=DIRECTION('',(0.,0.,1.));
#5832=DIRECTION('center_axis',(0.,0.,1.));
#5833=DIRECTION('ref_axis',(1.,0.,0.));
#5834=DIRECTION('',(0.,0.,-1.));
#5835=DIRECTION('center_axis',(1.,2.0095114166095E-16,0.));
#5836=DIRECTION('ref_axis',(2.0095114166095E-16,-1.,0.));
#5837=DIRECTION('',(-2.0095114166095E-16,1.,0.));
#5838=DIRECTION('',(0.,0.,-1.));
#5839=DIRECTION('',(2.0095114166095E-16,-1.,0.));
#5840=DIRECTION('center_axis',(0.,0.,1.));
#5841=DIRECTION('ref_axis',(-1.,0.,0.));
#5842=DIRECTION('center_axis',(0.,0.,1.));
#5843=DIRECTION('ref_axis',(-1.,0.,0.));
#5844=DIRECTION('',(0.,0.,-1.));
#5845=DIRECTION('center_axis',(0.,0.,-1.));
#5846=DIRECTION('ref_axis',(-1.,0.,0.));
#5847=DIRECTION('',(0.,0.,1.));
#5848=DIRECTION('center_axis',(-1.,0.,0.));
#5849=DIRECTION('ref_axis',(0.,1.,0.));
#5850=DIRECTION('',(-1.05328251461645E-15,1.,0.));
#5851=DIRECTION('',(0.,0.,-1.));
#5852=DIRECTION('',(0.,1.,0.));
#5853=DIRECTION('',(0.,0.,-1.));
#5854=DIRECTION('',(0.,-1.,0.));
#5855=DIRECTION('center_axis',(0.,0.,-1.));
#5856=DIRECTION('ref_axis',(1.,0.,0.));
#5857=DIRECTION('center_axis',(0.,0.,-1.));
#5858=DIRECTION('ref_axis',(1.,0.,0.));
#5859=DIRECTION('',(0.,0.,-1.));
#5860=DIRECTION('center_axis',(0.,0.,1.));
#5861=DIRECTION('ref_axis',(1.,0.,0.));
#5862=DIRECTION('center_axis',(0.,0.,-1.));
#5863=DIRECTION('ref_axis',(1.,0.,0.));
#5864=DIRECTION('center_axis',(0.,0.,-1.));
#5865=DIRECTION('ref_axis',(1.,0.,0.));
#5866=DIRECTION('',(0.,0.,-1.));
#5867=DIRECTION('center_axis',(0.,0.,1.));
#5868=DIRECTION('ref_axis',(1.,0.,0.));
#5869=DIRECTION('center_axis',(0.,0.,-1.));
#5870=DIRECTION('ref_axis',(1.,0.,0.));
#5871=DIRECTION('center_axis',(0.,0.,-1.));
#5872=DIRECTION('ref_axis',(1.,0.,0.));
#5873=DIRECTION('',(0.,0.,-1.));
#5874=DIRECTION('center_axis',(0.,0.,1.));
#5875=DIRECTION('ref_axis',(1.,0.,0.));
#5876=DIRECTION('center_axis',(0.,0.,-1.));
#5877=DIRECTION('ref_axis',(1.,0.,0.));
#5878=DIRECTION('center_axis',(0.,0.,-1.));
#5879=DIRECTION('ref_axis',(1.,0.,0.));
#5880=DIRECTION('',(0.,0.,-1.));
#5881=DIRECTION('center_axis',(0.,0.,1.));
#5882=DIRECTION('ref_axis',(1.,0.,0.));
#5883=DIRECTION('center_axis',(0.,0.,-1.));
#5884=DIRECTION('ref_axis',(0.0562483846455474,-0.998416806361335,0.));
#5885=DIRECTION('',(0.,0.,-1.));
#5886=DIRECTION('center_axis',(0.,0.,1.));
#5887=DIRECTION('ref_axis',(1.,0.,0.));
#5888=DIRECTION('',(0.,0.,-1.));
#5889=DIRECTION('center_axis',(0.,0.,1.));
#5890=DIRECTION('ref_axis',(1.,0.,0.));
#5891=DIRECTION('',(0.,0.,1.));
#5892=DIRECTION('center_axis',(0.,0.,-1.));
#5893=DIRECTION('ref_axis',(1.,0.,0.));
#5894=DIRECTION('center_axis',(0.,0.,-1.));
#5895=DIRECTION('ref_axis',(-0.999220138396596,-0.0394856305849048,0.));
#5896=DIRECTION('center_axis',(0.,0.,1.));
#5897=DIRECTION('ref_axis',(1.,0.,0.));
#5898=DIRECTION('',(0.,0.,1.));
#5899=DIRECTION('center_axis',(0.,0.,-1.));
#5900=DIRECTION('ref_axis',(1.,0.,0.));
#5901=DIRECTION('center_axis',(0.,0.,-1.));
#5902=DIRECTION('ref_axis',(1.,0.,0.));
#5903=DIRECTION('',(0.,0.,-1.));
#5904=DIRECTION('center_axis',(0.,0.,1.));
#5905=DIRECTION('ref_axis',(1.,0.,0.));
#5906=DIRECTION('center_axis',(0.,0.,-1.));
#5907=DIRECTION('ref_axis',(1.,0.,0.));
#5908=DIRECTION('center_axis',(0.,0.,-1.));
#5909=DIRECTION('ref_axis',(-0.948243193796699,-0.31754502896162,0.));
#5910=DIRECTION('',(0.,0.,-1.));
#5911=DIRECTION('center_axis',(0.,0.,1.));
#5912=DIRECTION('ref_axis',(1.,0.,0.));
#5913=DIRECTION('center_axis',(0.,0.,1.));
#5914=DIRECTION('ref_axis',(1.,0.,0.));
#5915=DIRECTION('',(0.,0.,1.));
#5916=DIRECTION('center_axis',(0.,0.,-1.));
#5917=DIRECTION('ref_axis',(1.,0.,0.));
#5918=DIRECTION('center_axis',(0.,0.,-1.));
#5919=DIRECTION('ref_axis',(1.,0.,0.));
#5920=DIRECTION('center_axis',(0.,0.,1.));
#5921=DIRECTION('ref_axis',(1.,0.,0.));
#5922=DIRECTION('center_axis',(0.,0.,-1.));
#5923=DIRECTION('ref_axis',(1.,0.,0.));
#5924=DIRECTION('center_axis',(0.,0.,-1.));
#5925=DIRECTION('ref_axis',(1.,0.,0.));
#5926=DIRECTION('',(0.,0.,-1.));
#5927=DIRECTION('center_axis',(0.,0.,1.));
#5928=DIRECTION('ref_axis',(1.,0.,0.));
#5929=DIRECTION('center_axis',(0.,0.,-1.));
#5930=DIRECTION('ref_axis',(1.,0.,0.));
#5931=DIRECTION('center_axis',(0.,0.,-1.));
#5932=DIRECTION('ref_axis',(1.,0.,0.));
#5933=DIRECTION('center_axis',(0.,0.,-1.));
#5934=DIRECTION('ref_axis',(1.,0.,0.));
#5935=DIRECTION('',(0.,0.,1.));
#5936=DIRECTION('center_axis',(0.,0.,1.));
#5937=DIRECTION('ref_axis',(1.,0.,0.));
#5938=DIRECTION('center_axis',(0.,0.,-1.));
#5939=DIRECTION('ref_axis',(-1.,0.,0.));
#5940=DIRECTION('center_axis',(0.,0.,-1.));
#5941=DIRECTION('ref_axis',(-1.,0.,0.));
#5942=DIRECTION('center_axis',(0.,0.,-1.));
#5943=DIRECTION('ref_axis',(-1.,0.,0.));
#5944=DIRECTION('center_axis',(0.,0.,-1.));
#5945=DIRECTION('ref_axis',(-0.942411735790638,-0.334454959963336,0.));
#5946=DIRECTION('center_axis',(0.,0.,1.));
#5947=DIRECTION('ref_axis',(-1.,-5.9211894646675E-15,0.));
#5948=DIRECTION('',(-3.22404431977357E-15,1.,0.));
#5949=DIRECTION('center_axis',(0.,0.,-1.));
#5950=DIRECTION('ref_axis',(-1.,0.,0.));
#5951=DIRECTION('center_axis',(0.,0.,-1.));
#5952=DIRECTION('ref_axis',(0.555613875289777,0.83144044981314,0.));
#5953=DIRECTION('',(0.,0.,-1.));
#5954=DIRECTION('center_axis',(0.,0.,1.));
#5955=DIRECTION('ref_axis',(-1.,0.,0.));
#5956=DIRECTION('center_axis',(0.,0.,-1.));
#5957=DIRECTION('ref_axis',(-1.,0.,0.));
#5958=DIRECTION('center_axis',(0.,0.,-1.));
#5959=DIRECTION('ref_axis',(-1.,0.,0.));
#5960=DIRECTION('center_axis',(1.,0.,0.));
#5961=DIRECTION('ref_axis',(0.,-1.,0.));
#5962=DIRECTION('',(0.,-1.,0.));
#5963=DIRECTION('',(0.,0.,-1.));
#5964=DIRECTION('',(0.,-0.255892560316283,0.966705227861512));
#5965=DIRECTION('',(0.,0.,-1.));
#5966=DIRECTION('',(0.,1.,0.));
#5967=DIRECTION('center_axis',(0.,0.,1.));
#5968=DIRECTION('ref_axis',(1.,0.,0.));
#5969=DIRECTION('center_axis',(0.,0.,-1.));
#5970=DIRECTION('ref_axis',(0.,1.,0.));
#5971=DIRECTION('',(-1.,0.,0.));
#5972=DIRECTION('center_axis',(0.,0.,-1.));
#5973=DIRECTION('ref_axis',(1.,0.,0.));
#5974=DIRECTION('center_axis',(0.,0.,1.));
#5975=DIRECTION('ref_axis',(-0.966128392232084,0.258061871889375,0.));
#5976=DIRECTION('center_axis',(0.,0.,1.));
#5977=DIRECTION('ref_axis',(0.76691424596933,0.641749592387322,0.));
#5978=DIRECTION('center_axis',(0.,0.,1.));
#5979=DIRECTION('ref_axis',(0.999889591653481,-0.0148594920180445,0.));
#5980=DIRECTION('',(-1.,0.,0.));
#5981=DIRECTION('center_axis',(0.,0.,1.));
#5982=DIRECTION('ref_axis',(0.,1.,0.));
#5983=DIRECTION('',(0.,-1.,0.));
#5984=DIRECTION('',(1.,0.,0.));
#5985=DIRECTION('',(0.,-1.,0.));
#5986=DIRECTION('',(-1.,0.,0.));
#5987=DIRECTION('',(0.,-1.,0.));
#5988=DIRECTION('center_axis',(0.,0.,1.));
#5989=DIRECTION('ref_axis',(-1.,0.,0.));
#5990=DIRECTION('',(1.,3.94746089797571E-15,0.));
#5991=DIRECTION('center_axis',(0.,0.,-1.));
#5992=DIRECTION('ref_axis',(-1.,0.,0.));
#5993=DIRECTION('',(0.,-1.,0.));
#5994=DIRECTION('center_axis',(0.,0.,1.));
#5995=DIRECTION('ref_axis',(-0.128777184977374,0.991673553458649,0.));
#5996=DIRECTION('',(0.,-1.,0.));
#5997=DIRECTION('',(-1.,3.22974054803336E-15,0.));
#5998=DIRECTION('center_axis',(0.,0.,1.));
#5999=DIRECTION('ref_axis',(0.,1.,0.));
#6000=DIRECTION('',(0.,-1.,0.));
#6001=DIRECTION('',(1.,0.,0.));
#6002=DIRECTION('',(0.,-1.,0.));
#6003=DIRECTION('',(-1.,0.,0.));
#6004=DIRECTION('',(-0.999999999999395,-1.10039368469565E-6,0.));
#6005=DIRECTION('',(0.,-1.,0.));
#6006=DIRECTION('center_axis',(0.,0.,1.));
#6007=DIRECTION('ref_axis',(-1.,1.77635683940023E-14,0.));
#6008=DIRECTION('',(1.,0.,0.));
#6009=DIRECTION('center_axis',(0.,0.,1.));
#6010=DIRECTION('ref_axis',(0.999999999981488,6.08475545504916E-6,0.));
#6011=DIRECTION('center_axis',(0.,0.,1.));
#6012=DIRECTION('ref_axis',(-1.,0.,0.));
#6013=DIRECTION('center_axis',(0.,0.,1.));
#6014=DIRECTION('ref_axis',(-0.986010673043053,0.166682190545919,0.));
#6015=DIRECTION('center_axis',(0.,0.,1.));
#6016=DIRECTION('ref_axis',(-0.999779385945264,0.0210042719204928,0.));
#6017=DIRECTION('',(1.,7.41897720190069E-11,0.));
#6018=DIRECTION('',(1.,7.41897720190069E-11,0.));
#6019=DIRECTION('',(1.,7.41897720190069E-11,0.));
#6020=DIRECTION('',(1.,7.41897720190069E-11,0.));
#6021=DIRECTION('',(1.,7.41897720190069E-11,0.));
#6022=DIRECTION('',(1.,7.41897720190069E-11,0.));
#6023=DIRECTION('',(1.,7.41897720190069E-11,0.));
#6024=DIRECTION('center_axis',(0.,0.,1.));
#6025=DIRECTION('ref_axis',(0.99999999998253,5.91093397043589E-6,0.));
#6026=DIRECTION('center_axis',(0.,0.,1.));
#6027=DIRECTION('ref_axis',(-0.986013796741545,0.1666637112131,0.));
#6028=DIRECTION('center_axis',(0.,0.,1.));
#6029=DIRECTION('ref_axis',(-0.999999999982604,5.89844164030259E-6,0.));
#6030=DIRECTION('',(1.,0.,0.));
#6031=DIRECTION('center_axis',(0.,0.,1.));
#6032=DIRECTION('ref_axis',(0.,-1.,0.));
#6033=DIRECTION('',(0.,1.,0.));
#6034=DIRECTION('',(-1.,0.,0.));
#6035=DIRECTION('',(0.,1.,0.));
#6036=DIRECTION('',(1.,0.,0.));
#6037=DIRECTION('',(-9.47390624118834E-15,1.,0.));
#6038=DIRECTION('center_axis',(0.,0.,1.));
#6039=DIRECTION('ref_axis',(1.,0.,0.));
#6040=DIRECTION('',(-1.,0.,0.));
#6041=DIRECTION('center_axis',(0.,0.,-1.));
#6042=DIRECTION('ref_axis',(1.,0.,0.));
#6043=DIRECTION('',(0.,1.,0.));
#6044=DIRECTION('center_axis',(0.,0.,1.));
#6045=DIRECTION('ref_axis',(0.125056057244279,-0.992149677491514,0.));
#6046=DIRECTION('',(0.,1.,0.));
#6047=DIRECTION('center_axis',(0.,0.,-1.));
#6048=DIRECTION('ref_axis',(-4.44089209850062E-15,-1.,0.));
#6049=DIRECTION('',(1.,-3.9474588065361E-15,0.));
#6050=DIRECTION('center_axis',(0.,0.,1.));
#6051=DIRECTION('ref_axis',(0.,-1.,0.));
#6052=DIRECTION('',(0.,1.,0.));
#6053=DIRECTION('',(-1.,0.,0.));
#6054=DIRECTION('',(0.,1.,0.));
#6055=DIRECTION('',(1.,0.,0.));
#6056=DIRECTION('',(0.,1.,0.));
#6057=DIRECTION('center_axis',(0.,0.,1.));
#6058=DIRECTION('ref_axis',(1.,0.,0.));
#6059=DIRECTION('',(-1.,-1.53346279732265E-15,0.));
#6060=DIRECTION('center_axis',(0.,0.,1.));
#6061=DIRECTION('ref_axis',(-0.999999986302247,-0.000165515880746388,0.));
#6062=DIRECTION('center_axis',(0.,0.,1.));
#6063=DIRECTION('ref_axis',(0.98602728225616,-0.166583908726295,0.));
#6064=DIRECTION('center_axis',(0.,0.,1.));
#6065=DIRECTION('ref_axis',(0.961110848835527,0.276162879928951,0.));
#6066=DIRECTION('',(0.,-1.,0.));
#6067=DIRECTION('center_axis',(0.,0.,-1.));
#6068=DIRECTION('ref_axis',(-0.942411735790638,0.334454959963336,0.));
#6069=DIRECTION('center_axis',(0.,0.,1.));
#6070=DIRECTION('ref_axis',(-0.942411735790638,0.334454959963336,0.));
#6071=DIRECTION('center_axis',(0.,0.,-1.));
#6072=DIRECTION('ref_axis',(-1.,0.,0.));
#6073=DIRECTION('center_axis',(0.,0.,-1.));
#6074=DIRECTION('ref_axis',(-1.,0.,0.));
#6075=DIRECTION('',(0.,-1.,0.));
#6076=DIRECTION('center_axis',(0.,0.,-1.));
#6077=DIRECTION('ref_axis',(-0.0897459621556118,-0.995964689272046,0.));
#6078=DIRECTION('',(0.,-1.,0.));
#6079=DIRECTION('center_axis',(0.,0.,-1.));
#6080=DIRECTION('ref_axis',(-0.0897459621556118,-0.995964689272046,0.));
#6081=DIRECTION('center_axis',(0.,0.,-1.));
#6082=DIRECTION('ref_axis',(-0.966996074607652,-0.254791270834369,0.));
#6083=DIRECTION('center_axis',(0.,0.,1.));
#6084=DIRECTION('ref_axis',(-0.475252515518448,0.879849445356072,0.));
#6085=DIRECTION('',(0.,1.,0.));
#6086=DIRECTION('center_axis',(0.,0.,-1.));
#6087=DIRECTION('ref_axis',(0.0897459621556115,0.995964689272046,0.));
#6088=DIRECTION('center_axis',(0.,0.,1.));
#6089=DIRECTION('ref_axis',(0.967011245505081,-0.254733686556592,0.));
#6090=DIRECTION('center_axis',(0.,0.,-1.));
#6091=DIRECTION('ref_axis',(0.475359107602238,0.879791861078292,0.));
#6092=DIRECTION('',(-1.,0.,0.));
#6093=DIRECTION('center_axis',(0.,0.,-1.));
#6094=DIRECTION('ref_axis',(-1.,0.,0.));
#6095=DIRECTION('',(0.,-1.,0.));
#6096=DIRECTION('center_axis',(0.,0.,-1.));
#6097=DIRECTION('ref_axis',(-0.0897459621556118,-0.995964689272046,0.));
#6098=DIRECTION('',(0.,1.,0.));
#6099=DIRECTION('center_axis',(0.,0.,-1.));
#6100=DIRECTION('ref_axis',(0.089745962155614,0.995964689272046,0.));
#6101=DIRECTION('',(0.,1.,0.));
#6102=DIRECTION('center_axis',(0.,0.,-1.));
#6103=DIRECTION('ref_axis',(0.0897459621556115,0.995964689272046,0.));
#6104=DIRECTION('',(-1.,0.,0.));
#6105=DIRECTION('center_axis',(0.,0.,-1.));
#6106=DIRECTION('ref_axis',(-1.,0.,0.));
#6107=DIRECTION('',(-1.,0.,0.));
#6108=DIRECTION('center_axis',(0.,0.,-1.));
#6109=DIRECTION('ref_axis',(-1.,0.,0.));
#6110=DIRECTION('',(0.,1.,0.));
#6111=DIRECTION('center_axis',(0.,0.,-1.));
#6112=DIRECTION('ref_axis',(0.089745962155614,0.995964689272046,0.));
#6113=DIRECTION('',(-1.,0.,0.));
#6114=DIRECTION('center_axis',(0.,0.,-1.));
#6115=DIRECTION('ref_axis',(-1.,0.,0.));
#6116=DIRECTION('',(0.,-1.,0.));
#6117=DIRECTION('center_axis',(0.,0.,-1.));
#6118=DIRECTION('ref_axis',(-0.0897459621556118,-0.995964689272046,0.));
#6119=DIRECTION('',(0.,-1.,0.));
#6120=DIRECTION('center_axis',(0.,0.,-1.));
#6121=DIRECTION('ref_axis',(-0.0897459621556118,-0.995964689272046,0.));
#6122=DIRECTION('',(0.,1.,0.));
#6123=DIRECTION('center_axis',(0.,0.,-1.));
#6124=DIRECTION('ref_axis',(0.089745962155614,0.995964689272046,0.));
#6125=DIRECTION('center_axis',(0.,0.,-1.));
#6126=DIRECTION('ref_axis',(-1.,0.,0.));
#6127=DIRECTION('center_axis',(0.,0.,-1.));
#6128=DIRECTION('ref_axis',(-1.,0.,0.));
#6129=DIRECTION('center_axis',(0.,0.,-1.));
#6130=DIRECTION('ref_axis',(-1.,0.,0.));
#6131=DIRECTION('center_axis',(0.,0.,-1.));
#6132=DIRECTION('ref_axis',(-1.,0.,0.));
#6133=DIRECTION('center_axis',(0.,0.,-1.));
#6134=DIRECTION('ref_axis',(-1.,0.,0.));
#6135=DIRECTION('center_axis',(0.,0.,-1.));
#6136=DIRECTION('ref_axis',(-1.,0.,0.));
#6137=DIRECTION('center_axis',(0.,0.,-1.));
#6138=DIRECTION('ref_axis',(-1.,0.,0.));
#6139=DIRECTION('center_axis',(0.,0.,-1.));
#6140=DIRECTION('ref_axis',(-1.,0.,0.));
#6141=DIRECTION('center_axis',(0.,0.,-1.));
#6142=DIRECTION('ref_axis',(-1.,0.,0.));
#6143=DIRECTION('center_axis',(0.,0.,-1.));
#6144=DIRECTION('ref_axis',(-1.,0.,0.));
#6145=DIRECTION('center_axis',(0.,0.,-1.));
#6146=DIRECTION('ref_axis',(-1.,0.,0.));
#6147=DIRECTION('center_axis',(0.,0.,-1.));
#6148=DIRECTION('ref_axis',(-1.,0.,0.));
#6149=DIRECTION('center_axis',(0.,0.,-1.));
#6150=DIRECTION('ref_axis',(-1.,0.,0.));
#6151=DIRECTION('center_axis',(0.,0.,-1.));
#6152=DIRECTION('ref_axis',(-1.,0.,0.));
#6153=DIRECTION('center_axis',(0.,0.,-1.));
#6154=DIRECTION('ref_axis',(-1.,0.,0.));
#6155=DIRECTION('center_axis',(0.,0.,-1.));
#6156=DIRECTION('ref_axis',(-1.,0.,0.));
#6157=DIRECTION('center_axis',(0.,0.,-1.));
#6158=DIRECTION('ref_axis',(-1.,0.,0.));
#6159=DIRECTION('center_axis',(0.,0.,-1.));
#6160=DIRECTION('ref_axis',(-1.,0.,0.));
#6161=DIRECTION('center_axis',(0.,0.,-1.));
#6162=DIRECTION('ref_axis',(-1.,0.,0.));
#6163=DIRECTION('center_axis',(0.,0.,-1.));
#6164=DIRECTION('ref_axis',(-1.,0.,0.));
#6165=DIRECTION('center_axis',(0.,0.,-1.));
#6166=DIRECTION('ref_axis',(-1.,0.,0.));
#6167=DIRECTION('center_axis',(0.,0.,-1.));
#6168=DIRECTION('ref_axis',(-1.,0.,0.));
#6169=DIRECTION('center_axis',(0.,0.,-1.));
#6170=DIRECTION('ref_axis',(-1.,0.,0.));
#6171=DIRECTION('center_axis',(0.,0.,-1.));
#6172=DIRECTION('ref_axis',(-1.,0.,0.));
#6173=DIRECTION('center_axis',(0.,0.,-1.));
#6174=DIRECTION('ref_axis',(-1.,0.,0.));
#6175=DIRECTION('center_axis',(0.,0.,-1.));
#6176=DIRECTION('ref_axis',(-1.,0.,0.));
#6177=DIRECTION('center_axis',(0.,0.,-1.));
#6178=DIRECTION('ref_axis',(-1.,0.,0.));
#6179=DIRECTION('center_axis',(0.,0.,-1.));
#6180=DIRECTION('ref_axis',(-1.,0.,0.));
#6181=DIRECTION('center_axis',(0.,0.,-1.));
#6182=DIRECTION('ref_axis',(-1.,0.,0.));
#6183=DIRECTION('center_axis',(0.,0.,-1.));
#6184=DIRECTION('ref_axis',(-1.,0.,0.));
#6185=DIRECTION('center_axis',(0.,0.,-1.));
#6186=DIRECTION('ref_axis',(-1.,0.,0.));
#6187=DIRECTION('center_axis',(0.,0.,-1.));
#6188=DIRECTION('ref_axis',(-1.,0.,0.));
#6189=DIRECTION('center_axis',(0.,0.,-1.));
#6190=DIRECTION('ref_axis',(-1.,0.,0.));
#6191=DIRECTION('center_axis',(0.,0.,-1.));
#6192=DIRECTION('ref_axis',(-1.,0.,0.));
#6193=DIRECTION('center_axis',(0.,0.,-1.));
#6194=DIRECTION('ref_axis',(-1.,0.,0.));
#6195=DIRECTION('center_axis',(0.,0.,-1.));
#6196=DIRECTION('ref_axis',(-1.,0.,0.));
#6197=DIRECTION('center_axis',(0.,0.,-1.));
#6198=DIRECTION('ref_axis',(-1.,0.,0.));
#6199=DIRECTION('center_axis',(0.,0.,-1.));
#6200=DIRECTION('ref_axis',(-1.,0.,0.));
#6201=DIRECTION('center_axis',(0.,0.,-1.));
#6202=DIRECTION('ref_axis',(-1.,0.,0.));
#6203=DIRECTION('center_axis',(0.,0.,-1.));
#6204=DIRECTION('ref_axis',(-1.,0.,0.));
#6205=DIRECTION('center_axis',(0.,0.,-1.));
#6206=DIRECTION('ref_axis',(-1.,0.,0.));
#6207=DIRECTION('center_axis',(0.,0.,-1.));
#6208=DIRECTION('ref_axis',(-1.,0.,0.));
#6209=DIRECTION('center_axis',(0.,0.,-1.));
#6210=DIRECTION('ref_axis',(-1.,0.,0.));
#6211=DIRECTION('center_axis',(0.,0.,-1.));
#6212=DIRECTION('ref_axis',(-1.,0.,0.));
#6213=DIRECTION('center_axis',(0.,0.,-1.));
#6214=DIRECTION('ref_axis',(-1.,0.,0.));
#6215=DIRECTION('center_axis',(0.,0.,-1.));
#6216=DIRECTION('ref_axis',(-1.,0.,0.));
#6217=DIRECTION('center_axis',(0.,0.,-1.));
#6218=DIRECTION('ref_axis',(-1.,0.,0.));
#6219=DIRECTION('center_axis',(0.,0.,-1.));
#6220=DIRECTION('ref_axis',(-1.,0.,0.));
#6221=DIRECTION('center_axis',(0.,0.,-1.));
#6222=DIRECTION('ref_axis',(-1.,0.,0.));
#6223=DIRECTION('center_axis',(0.,0.,-1.));
#6224=DIRECTION('ref_axis',(-1.,0.,0.));
#6225=DIRECTION('center_axis',(0.,0.,-1.));
#6226=DIRECTION('ref_axis',(-1.,0.,0.));
#6227=DIRECTION('center_axis',(0.,0.,-1.));
#6228=DIRECTION('ref_axis',(-1.,0.,0.));
#6229=DIRECTION('center_axis',(-7.41897720190069E-11,1.,0.));
#6230=DIRECTION('ref_axis',(0.,0.,1.));
#6231=DIRECTION('center_axis',(7.41897720190069E-11,-1.,0.));
#6232=DIRECTION('ref_axis',(0.683130051416119,5.06812627738943E-11,0.730296743010819));
#6233=DIRECTION('center_axis',(-0.5999999997711,-4.45141701327782E-11,0.800000000171675));
#6234=DIRECTION('ref_axis',(-7.41902835829339E-11,1.,0.));
#6235=DIRECTION('center_axis',(-7.41897720190069E-11,1.,0.));
#6236=DIRECTION('ref_axis',(0.683130051416119,5.06813110464216E-11,0.730296743010819));
#6237=DIRECTION('center_axis',(0.,1.,0.));
#6238=DIRECTION('ref_axis',(-0.565685424605293,0.,0.824621125359476));
#6239=DIRECTION('',(0.,1.,0.));
#6240=DIRECTION('center_axis',(0.,1.,0.));
#6241=DIRECTION('ref_axis',(-0.565685424605293,0.,0.824621125359476));
#6242=DIRECTION('',(0.,-1.,0.));
#6243=DIRECTION('center_axis',(0.,-1.,0.));
#6244=DIRECTION('ref_axis',(0.565685424605292,0.,0.824621125359477));
#6245=DIRECTION('',(0.,1.,0.));
#6246=DIRECTION('center_axis',(0.,1.,0.));
#6247=DIRECTION('ref_axis',(0.565685424605292,0.,0.824621125359477));
#6248=DIRECTION('',(0.,-1.,0.));
#6249=DIRECTION('center_axis',(-7.41897720190069E-11,1.,0.));
#6250=DIRECTION('ref_axis',(0.,0.,1.));
#6251=DIRECTION('center_axis',(-7.41897720190069E-11,1.,0.));
#6252=DIRECTION('ref_axis',(-0.683130051363362,-5.06813110498464E-11,0.730296743060169));
#6253=DIRECTION('center_axis',(-7.41897720190069E-11,1.,0.));
#6254=DIRECTION('ref_axis',(-0.683130051363362,-5.06813110498464E-11,0.730296743060169));
#6255=DIRECTION('center_axis',(0.5999999997711,4.45139480881727E-11,0.800000000171675));
#6256=DIRECTION('ref_axis',(0.800000000171675,5.93599243832917E-11,-0.5999999997711));
#6257=DIRECTION('center_axis',(7.41897720190069E-11,-1.,0.));
#6258=DIRECTION('ref_axis',(-0.683130051363362,-5.06812627699803E-11,0.730296743060169));
#6259=DIRECTION('center_axis',(0.,1.,0.));
#6260=DIRECTION('ref_axis',(1.,0.,0.));
#6261=DIRECTION('',(0.,-1.,0.));
#6262=DIRECTION('center_axis',(0.,-1.,0.));
#6263=DIRECTION('ref_axis',(1.,0.,0.));
#6264=DIRECTION('center_axis',(0.,1.,0.));
#6265=DIRECTION('ref_axis',(1.,0.,0.));
#6266=DIRECTION('center_axis',(-7.41897720190069E-11,1.,0.));
#6267=DIRECTION('ref_axis',(0.,0.,1.));
#6268=DIRECTION('center_axis',(7.41897720190069E-11,-1.,0.));
#6269=DIRECTION('ref_axis',(0.683130051416118,5.06812627738943E-11,0.73029674301082));
#6270=DIRECTION('center_axis',(-0.599999999771102,-4.45138370867808E-11,
0.800000000171674));
#6271=DIRECTION('ref_axis',(-7.41897285062712E-11,1.,0.));
#6272=DIRECTION('center_axis',(-7.41897720190069E-11,1.,0.));
#6273=DIRECTION('ref_axis',(0.683130051416118,5.06813110464216E-11,0.73029674301082));
#6274=DIRECTION('center_axis',(0.,1.,0.));
#6275=DIRECTION('ref_axis',(-0.565685424605293,0.,0.824621125359476));
#6276=DIRECTION('',(0.,1.,0.));
#6277=DIRECTION('center_axis',(0.,1.,0.));
#6278=DIRECTION('ref_axis',(-0.565685424605293,0.,0.824621125359476));
#6279=DIRECTION('',(0.,-1.,0.));
#6280=DIRECTION('center_axis',(0.,-1.,0.));
#6281=DIRECTION('ref_axis',(0.565685424605294,0.,0.824621125359476));
#6282=DIRECTION('',(0.,1.,0.));
#6283=DIRECTION('center_axis',(0.,1.,0.));
#6284=DIRECTION('ref_axis',(0.565685424605294,0.,0.824621125359476));
#6285=DIRECTION('',(0.,-1.,0.));
#6286=DIRECTION('center_axis',(-7.41897720190069E-11,1.,0.));
#6287=DIRECTION('ref_axis',(0.,0.,1.));
#6288=DIRECTION('center_axis',(-7.41897720190069E-11,1.,0.));
#6289=DIRECTION('ref_axis',(-0.683130051363361,-5.06813110498464E-11,0.73029674306017));
#6290=DIRECTION('center_axis',(-7.41897720190069E-11,1.,0.));
#6291=DIRECTION('ref_axis',(-0.683130051363361,-5.06813110498464E-11,0.73029674306017));
#6292=DIRECTION('center_axis',(0.599999999771101,4.45137260644777E-11,0.800000000171674));
#6293=DIRECTION('ref_axis',(0.800000000171674,5.93599243832917E-11,-0.599999999771101));
#6294=DIRECTION('center_axis',(7.41897720190069E-11,-1.,0.));
#6295=DIRECTION('ref_axis',(-0.683130051363361,-5.06812627699803E-11,0.73029674306017));
#6296=DIRECTION('center_axis',(0.,1.,0.));
#6297=DIRECTION('ref_axis',(1.,0.,0.));
#6298=DIRECTION('',(0.,-1.,0.));
#6299=DIRECTION('center_axis',(0.,-1.,0.));
#6300=DIRECTION('ref_axis',(1.,0.,0.));
#6301=DIRECTION('center_axis',(0.,1.,0.));
#6302=DIRECTION('ref_axis',(1.,0.,0.));
#6303=DIRECTION('center_axis',(0.,1.,0.));
#6304=DIRECTION('ref_axis',(1.,0.,0.));
#6305=DIRECTION('center_axis',(0.,1.,0.));
#6306=DIRECTION('ref_axis',(1.,0.,0.));
#6307=DIRECTION('',(0.,1.,0.));
#6308=DIRECTION('center_axis',(0.,-1.,0.));
#6309=DIRECTION('ref_axis',(1.,0.,0.));
#6310=DIRECTION('',(0.,-1.,0.));
#6311=DIRECTION('center_axis',(0.,-1.,0.));
#6312=DIRECTION('ref_axis',(1.,0.,0.));
#6313=DIRECTION('center_axis',(0.,-1.,0.));
#6314=DIRECTION('ref_axis',(1.,0.,0.));
#6315=DIRECTION('',(0.,1.,0.));
#6316=DIRECTION('center_axis',(0.,-1.,0.));
#6317=DIRECTION('ref_axis',(1.,0.,0.));
#6318=DIRECTION('center_axis',(0.,1.,0.));
#6319=DIRECTION('ref_axis',(1.,0.,0.));
#6320=DIRECTION('center_axis',(0.,1.,0.));
#6321=DIRECTION('ref_axis',(1.,0.,0.));
#6322=DIRECTION('',(0.,1.,0.));
#6323=DIRECTION('center_axis',(0.,-1.,0.));
#6324=DIRECTION('ref_axis',(1.,0.,0.));
#6325=DIRECTION('',(0.,-1.,0.));
#6326=DIRECTION('center_axis',(0.,-1.,0.));
#6327=DIRECTION('ref_axis',(1.,0.,0.));
#6328=DIRECTION('center_axis',(0.,-1.,0.));
#6329=DIRECTION('ref_axis',(1.,0.,0.));
#6330=DIRECTION('',(0.,1.,0.));
#6331=DIRECTION('center_axis',(0.,-1.,0.));
#6332=DIRECTION('ref_axis',(1.,0.,0.));
#6333=DIRECTION('center_axis',(0.,-1.,0.));
#6334=DIRECTION('ref_axis',(0.,0.,-1.));
#6335=DIRECTION('',(-1.,0.,0.));
#6336=DIRECTION('',(-1.,0.,0.));
#6337=DIRECTION('center_axis',(0.,-1.,0.));
#6338=DIRECTION('ref_axis',(0.,0.,-1.));
#6339=DIRECTION('',(-1.,0.,0.));
#6340=DIRECTION('',(-1.,0.,0.));
#6341=DIRECTION('center_axis',(0.,0.,1.));
#6342=DIRECTION('ref_axis',(1.,0.,0.));
#6343=DIRECTION('',(1.,0.,0.));
#6344=DIRECTION('center_axis',(0.,0.,-1.));
#6345=DIRECTION('ref_axis',(0.707106781186549,-0.707106781186546,0.));
#6346=DIRECTION('',(0.,1.,0.));
#6347=DIRECTION('center_axis',(0.,0.,-1.));
#6348=DIRECTION('ref_axis',(-0.271364290493145,-0.962476712365111,0.));
#6349=DIRECTION('',(0.,-1.,0.));
#6350=DIRECTION('center_axis',(0.,0.,1.));
#6351=DIRECTION('ref_axis',(1.,0.,0.));
#6352=DIRECTION('',(1.,0.,0.));
#6353=DIRECTION('center_axis',(0.,0.,-1.));
#6354=DIRECTION('ref_axis',(1.,0.,0.));
#6355=DIRECTION('',(9.47390624118834E-15,-1.,0.));
#6356=DIRECTION('',(-1.,0.,0.));
#6357=DIRECTION('',(0.,-1.,0.));
#6358=DIRECTION('',(1.,0.,0.));
#6359=DIRECTION('',(0.,-1.,0.));
#6360=DIRECTION('center_axis',(0.,0.,-1.));
#6361=DIRECTION('ref_axis',(0.,-1.,0.));
#6362=DIRECTION('',(-1.,0.,0.));
#6363=DIRECTION('center_axis',(0.,0.,-1.));
#6364=DIRECTION('ref_axis',(-0.999999999982604,5.89844164030259E-6,0.));
#6365=DIRECTION('',(0.,-1.,0.));
#6366=DIRECTION('',(1.,0.,0.));
#6367=DIRECTION('',(2.960612195332E-15,1.,0.));
#6368=DIRECTION('center_axis',(0.,0.,-1.));
#6369=DIRECTION('ref_axis',(0.99999999998253,5.91093397043589E-6,0.));
#6370=DIRECTION('',(-1.,-7.41897720190069E-11,0.));
#6371=DIRECTION('center_axis',(0.,0.,1.));
#6372=DIRECTION('ref_axis',(-1.,0.,0.));
#6373=DIRECTION('center_axis',(0.,0.,1.));
#6374=DIRECTION('ref_axis',(-1.,0.,0.));
#6375=DIRECTION('center_axis',(0.,0.,1.));
#6376=DIRECTION('ref_axis',(1.,0.,0.));
#6377=DIRECTION('',(-1.,-7.41897720190069E-11,0.));
#6378=DIRECTION('center_axis',(0.,0.,-1.));
#6379=DIRECTION('ref_axis',(-0.999779385945264,0.0210042719204928,0.));
#6380=DIRECTION('',(5.55114890050932E-16,-1.,0.));
#6381=DIRECTION('',(1.,7.41897720190069E-11,0.));
#6382=DIRECTION('',(1.8503829928808E-16,1.,0.));
#6383=DIRECTION('center_axis',(0.,0.,-1.));
#6384=DIRECTION('ref_axis',(0.999999999981488,6.08475545504916E-6,0.));
#6385=DIRECTION('',(-1.,0.,0.));
#6386=DIRECTION('center_axis',(0.,0.,-1.));
#6387=DIRECTION('ref_axis',(-1.,1.77635683940023E-14,0.));
#6388=DIRECTION('',(0.,1.,0.));
#6389=DIRECTION('',(0.999999999999395,1.10039368469565E-6,0.));
#6390=DIRECTION('',(1.,0.,0.));
#6391=DIRECTION('',(0.,1.,0.));
#6392=DIRECTION('',(-1.,0.,0.));
#6393=DIRECTION('',(0.,1.,0.));
#6394=DIRECTION('center_axis',(0.,0.,-1.));
#6395=DIRECTION('ref_axis',(0.,1.,0.));
#6396=DIRECTION('',(1.,-3.22974054803336E-15,0.));
#6397=DIRECTION('',(0.,1.,0.));
#6398=DIRECTION('center_axis',(0.,0.,-1.));
#6399=DIRECTION('ref_axis',(0.269651435748302,-0.96295799659117,0.));
#6400=DIRECTION('',(0.,-1.,0.));
#6401=DIRECTION('center_axis',(0.,0.,-1.));
#6402=DIRECTION('ref_axis',(-0.707106781186549,-0.707106781186546,0.));
#6403=DIRECTION('',(1.,0.,0.));
#6404=DIRECTION('center_axis',(0.,0.,1.));
#6405=DIRECTION('ref_axis',(-1.,0.,0.));
#6406=DIRECTION('center_axis',(0.,0.,1.));
#6407=DIRECTION('ref_axis',(-1.,0.,0.));
#6408=DIRECTION('center_axis',(0.,1.,0.));
#6409=DIRECTION('ref_axis',(1.,0.,0.));
#6410=DIRECTION('',(-1.,0.,0.));
#6411=DIRECTION('',(0.,0.,1.));
#6412=DIRECTION('center_axis',(0.,1.,0.));
#6413=DIRECTION('ref_axis',(1.,0.,0.));
#6414=DIRECTION('',(0.,0.,-1.));
#6415=DIRECTION('',(-1.,0.,0.));
#6416=DIRECTION('center_axis',(0.,-1.,0.));
#6417=DIRECTION('ref_axis',(0.,0.,-1.));
#6418=DIRECTION('center_axis',(0.,-1.,0.));
#6419=DIRECTION('ref_axis',(0.,0.,-1.));
#6420=DIRECTION('center_axis',(0.,0.,1.));
#6421=DIRECTION('ref_axis',(1.,0.,0.));
#6422=DIRECTION('',(-1.,-7.41897720190069E-11,0.));
#6423=DIRECTION('',(1.,0.,0.));
#6424=DIRECTION('center_axis',(7.41897720190069E-11,-1.,0.));
#6425=DIRECTION('ref_axis',(-1.,-7.41897720190069E-11,0.));
#6426=DIRECTION('',(0.,0.,1.));
#6427=DIRECTION('center_axis',(7.41897720190069E-11,-1.,0.));
#6428=DIRECTION('ref_axis',(-1.,-7.41897720190069E-11,0.));
#6429=DIRECTION('center_axis',(0.,1.,0.));
#6430=DIRECTION('ref_axis',(-1.,0.,0.));
#6431=DIRECTION('',(0.,0.,-1.));
#6432=DIRECTION('',(-1.,0.,0.));
#6433=DIRECTION('',(0.,0.,1.));
#6434=DIRECTION('center_axis',(1.,0.,0.));
#6435=DIRECTION('ref_axis',(0.,1.,0.));
#6436=DIRECTION('',(0.,1.,0.));
#6437=DIRECTION('',(0.,0.,-1.));
#6438=DIRECTION('center_axis',(0.,-1.,0.));
#6439=DIRECTION('ref_axis',(1.,0.,0.));
#6440=DIRECTION('',(1.,0.,0.));
#6441=DIRECTION('',(0.,0.,-1.));
#6442=DIRECTION('center_axis',(-1.,0.,0.));
#6443=DIRECTION('ref_axis',(0.,-1.,0.));
#6444=DIRECTION('',(0.,0.,1.));
#6445=DIRECTION('',(0.,-1.,0.));
#6446=DIRECTION('',(0.,0.,1.));
#6447=DIRECTION('center_axis',(0.,-1.,0.));
#6448=DIRECTION('ref_axis',(1.,0.,0.));
#6449=DIRECTION('',(0.,0.,-1.));
#6450=DIRECTION('',(1.,0.,0.));
#6451=DIRECTION('center_axis',(1.,0.,0.));
#6452=DIRECTION('ref_axis',(0.,1.,0.));
#6453=DIRECTION('',(0.,0.,1.));
#6454=DIRECTION('',(0.,0.,1.));
#6455=DIRECTION('center_axis',(0.,1.,0.));
#6456=DIRECTION('ref_axis',(-1.,0.,0.));
#6457=DIRECTION('',(0.,0.,-1.));
#6458=DIRECTION('center_axis',(0.,-1.,0.));
#6459=DIRECTION('ref_axis',(1.,0.,0.));
#6460=DIRECTION('',(0.,0.,-1.));
#6461=DIRECTION('center_axis',(-1.,0.,0.));
#6462=DIRECTION('ref_axis',(0.,-1.,0.));
#6463=DIRECTION('',(0.,0.,1.));
#6464=DIRECTION('',(0.,0.,1.));
#6465=DIRECTION('center_axis',(0.,-1.,0.));
#6466=DIRECTION('ref_axis',(1.,0.,0.));
#6467=DIRECTION('',(0.,0.,-1.));
#6468=DIRECTION('center_axis',(0.,0.,1.));
#6469=DIRECTION('ref_axis',(1.,0.,0.));
#6470=DIRECTION('',(0.,1.,0.));
#6471=DIRECTION('center_axis',(0.,0.,-1.));
#6472=DIRECTION('ref_axis',(0.,1.,0.));
#6473=DIRECTION('',(1.,0.,0.));
#6474=DIRECTION('center_axis',(0.,0.,-1.));
#6475=DIRECTION('ref_axis',(0.999889591653481,-0.0148594920180445,0.));
#6476=DIRECTION('',(0.,1.,0.));
#6477=DIRECTION('',(-1.,0.,0.));
#6478=DIRECTION('center_axis',(0.,0.,-1.));
#6479=DIRECTION('ref_axis',(0.,-1.,0.));
#6480=DIRECTION('',(-1.,0.,0.));
#6481=DIRECTION('center_axis',(0.,0.,-1.));
#6482=DIRECTION('ref_axis',(-0.707106781186548,0.707106781186548,0.));
#6483=DIRECTION('',(0.,-1.,0.));
#6484=DIRECTION('center_axis',(0.,0.,-1.));
#6485=DIRECTION('ref_axis',(0.269651435748303,0.962957996591169,0.));
#6486=DIRECTION('',(0.,1.,0.));
#6487=DIRECTION('center_axis',(0.,0.,1.));
#6488=DIRECTION('ref_axis',(-1.,0.,0.));
#6489=DIRECTION('',(-1.,-3.94746089797571E-15,0.));
#6490=DIRECTION('center_axis',(0.,0.,-1.));
#6491=DIRECTION('ref_axis',(-1.,0.,0.));
#6492=DIRECTION('',(0.,1.,0.));
#6493=DIRECTION('center_axis',(0.,0.,1.));
#6494=DIRECTION('ref_axis',(-1.,0.,0.));
#6495=DIRECTION('center_axis',(0.,0.,1.));
#6496=DIRECTION('ref_axis',(-1.,0.,0.));
#6497=DIRECTION('center_axis',(0.,0.,1.));
#6498=DIRECTION('ref_axis',(-0.998991923412934,-0.044890276850628,0.));
#6499=DIRECTION('',(0.,0.,-1.));
#6500=DIRECTION('center_axis',(0.,0.,-1.));
#6501=DIRECTION('ref_axis',(-0.998991923412934,-0.044890276850628,0.));
#6502=DIRECTION('center_axis',(4.92371981835581E-7,-0.966705227861387,-0.255892560316282));
#6503=DIRECTION('ref_axis',(1.30333759883712E-7,-0.255892560316249,0.966705227861512));
#6504=DIRECTION('',(0.,0.,1.));
#6505=DIRECTION('center_axis',(0.,0.,-1.));
#6506=DIRECTION('ref_axis',(0.961110848835527,0.276162879928951,0.));
#6507=DIRECTION('',(0.,0.,1.));
#6508=DIRECTION('',(0.,0.,-1.));
#6509=DIRECTION('center_axis',(0.,0.,-1.));
#6510=DIRECTION('ref_axis',(-0.276813951243746,0.960923533064325,0.));
#6511=DIRECTION('',(0.,0.,-1.));
#6512=DIRECTION('',(0.,0.,-1.));
#6513=DIRECTION('center_axis',(0.,0.,-1.));
#6514=DIRECTION('ref_axis',(1.,0.,0.));
#6515=DIRECTION('center_axis',(-1.,0.,0.));
#6516=DIRECTION('ref_axis',(0.,1.,0.));
#6517=DIRECTION('',(-3.85703031100017E-15,1.,0.));
#6518=DIRECTION('',(0.,0.,-1.));
#6519=DIRECTION('center_axis',(0.,0.,1.));
#6520=DIRECTION('ref_axis',(-0.966128392232084,0.258061871889375,0.));
#6521=DIRECTION('center_axis',(0.,0.,-1.));
#6522=DIRECTION('ref_axis',(-0.966128392232084,0.258061871889375,0.));
#6523=DIRECTION('',(0.,0.,1.));
#6524=DIRECTION('center_axis',(0.,-0.966705227861512,-0.255892560316283));
#6525=DIRECTION('ref_axis',(1.18374088455591E-17,0.255892560316282,-0.966705227861512));
#6526=DIRECTION('center_axis',(0.,0.,-1.));
#6527=DIRECTION('ref_axis',(0.76691424596933,0.641749592387322,0.));
#6528=DIRECTION('center_axis',(0.,0.,-1.));
#6529=DIRECTION('ref_axis',(1.,0.,0.));
#6530=DIRECTION('',(0.,0.,-1.));
#6531=DIRECTION('',(0.,0.,-1.));
#6532=DIRECTION('center_axis',(0.,0.,-1.));
#6533=DIRECTION('ref_axis',(1.,0.,0.));
#6534=DIRECTION('center_axis',(0.,0.966705227861512,0.255892560316283));
#6535=DIRECTION('ref_axis',(0.,-0.255892560316283,0.966705227861512));
#6536=DIRECTION('center_axis',(0.,0.,-1.));
#6537=DIRECTION('ref_axis',(1.,0.,0.));
#6538=DIRECTION('center_axis',(0.,0.,-1.));
#6539=DIRECTION('ref_axis',(1.,0.,0.));
#6540=DIRECTION('center_axis',(-4.92371981835581E-7,0.966705227861387,0.255892560316282));
#6541=DIRECTION('ref_axis',(0.,-0.255892560316313,0.966705227861504));
#6542=DIRECTION('center_axis',(0.,0.,-1.));
#6543=DIRECTION('ref_axis',(1.,0.,0.));
#6544=DIRECTION('center_axis',(-1.,0.,0.));
#6545=DIRECTION('ref_axis',(0.,1.,0.));
#6546=DIRECTION('',(0.,1.,0.));
#6547=DIRECTION('',(0.,0.255892560316283,-0.966705227861512));
#6548=DIRECTION('center_axis',(0.,0.,-1.));
#6549=DIRECTION('ref_axis',(-1.,0.,0.));
#6550=DIRECTION('center_axis',(0.,0.,1.));
#6551=DIRECTION('ref_axis',(-1.,0.,0.));
#6552=DIRECTION('center_axis',(0.,0.,1.));
#6553=DIRECTION('ref_axis',(-1.,0.,0.));
#6554=DIRECTION('center_axis',(0.,0.,-1.));
#6555=DIRECTION('ref_axis',(-1.,0.,0.));
#6556=DIRECTION('center_axis',(0.,0.,-1.));
#6557=DIRECTION('ref_axis',(-1.,0.,0.));
#6558=DIRECTION('center_axis',(0.,0.,1.));
#6559=DIRECTION('ref_axis',(1.,0.,0.));
#6560=DIRECTION('',(0.,-1.,0.));
#6561=DIRECTION('',(-1.,0.,0.));
#6562=DIRECTION('center_axis',(0.,0.,-1.));
#6563=DIRECTION('ref_axis',(0.707106781186548,-0.707106781186548,0.));
#6564=DIRECTION('center_axis',(0.,0.,1.));
#6565=DIRECTION('ref_axis',(1.,0.,0.));
#6566=DIRECTION('center_axis',(0.,0.,-1.));
#6567=DIRECTION('ref_axis',(-0.707106781186546,-0.707106781186549,0.));
#6568=DIRECTION('',(-1.,0.,0.));
#6569=DIRECTION('',(0.,1.,0.));
#6570=DIRECTION('center_axis',(-0.408248290463863,-0.816496580927726,0.408248290463863));
#6571=DIRECTION('ref_axis',(-0.577350269189626,0.577350269189626,0.577350269189626));
#6572=DIRECTION('center_axis',(0.,-1.,-2.22044604925031E-15));
#6573=DIRECTION('ref_axis',(-1.,0.,0.));
#6574=DIRECTION('center_axis',(0.,0.,-1.));
#6575=DIRECTION('ref_axis',(0.,1.,0.));
#6576=DIRECTION('center_axis',(1.,0.,0.));
#6577=DIRECTION('ref_axis',(0.,0.,1.));
#6578=DIRECTION('center_axis',(0.,0.,-1.));
#6579=DIRECTION('ref_axis',(-0.707106781186548,0.707106781186548,0.));
#6580=DIRECTION('',(0.,0.,1.));
#6581=DIRECTION('',(0.,0.,-1.));
#6582=DIRECTION('center_axis',(0.,0.,-1.));
#6583=DIRECTION('ref_axis',(-1.,0.,0.));
#6584=DIRECTION('center_axis',(-1.,0.,0.));
#6585=DIRECTION('ref_axis',(0.,0.,1.));
#6586=DIRECTION('center_axis',(0.,0.,1.));
#6587=DIRECTION('ref_axis',(0.707106781186548,-0.707106781186548,0.));
#6588=DIRECTION('center_axis',(-1.,0.,0.));
#6589=DIRECTION('ref_axis',(0.,0.707106781186548,0.707106781186548));
#6590=DIRECTION('',(1.,0.,0.));
#6591=DIRECTION('center_axis',(0.408248290463861,-0.816496580927729,-0.408248290463859));
#6592=DIRECTION('ref_axis',(-0.577350269189626,-0.577350269189623,0.577350269189628));
#6593=DIRECTION('center_axis',(1.,0.,0.));
#6594=DIRECTION('ref_axis',(0.,-1.,0.));
#6595=DIRECTION('center_axis',(0.,0.,-1.));
#6596=DIRECTION('ref_axis',(-1.,0.,0.));
#6597=DIRECTION('center_axis',(0.,1.,0.));
#6598=DIRECTION('ref_axis',(0.,0.,1.));
#6599=DIRECTION('center_axis',(0.,0.,-1.));
#6600=DIRECTION('ref_axis',(-0.707106781186549,-0.707106781186546,0.));
#6601=DIRECTION('',(0.,0.,1.));
#6602=DIRECTION('center_axis',(0.,-1.,0.));
#6603=DIRECTION('ref_axis',(-0.707106781186548,0.,0.707106781186548));
#6604=DIRECTION('',(0.,-1.,0.));
#6605=DIRECTION('',(0.,1.,0.));
#6606=DIRECTION('',(0.,-1.,0.));
#6607=DIRECTION('',(0.,-1.,0.));
#6608=DIRECTION('',(0.,-1.,0.));
#6609=DIRECTION('',(0.,-1.,0.));
#6610=DIRECTION('',(0.,-1.,0.));
#6611=DIRECTION('',(0.,-1.,0.));
#6612=DIRECTION('',(0.,-1.,0.));
#6613=DIRECTION('',(0.,-1.,0.));
#6614=DIRECTION('',(0.,-1.,0.));
#6615=DIRECTION('',(0.,-1.,0.));
#6616=DIRECTION('',(0.,-1.,0.));
#6617=DIRECTION('center_axis',(0.408248290463863,-0.816496580927726,0.408248290463863));
#6618=DIRECTION('ref_axis',(0.577350269189626,0.577350269189626,0.577350269189626));
#6619=DIRECTION('center_axis',(-1.,0.,0.));
#6620=DIRECTION('ref_axis',(0.,1.,0.));
#6621=DIRECTION('center_axis',(0.,0.,-1.));
#6622=DIRECTION('ref_axis',(1.,0.,0.));
#6623=DIRECTION('center_axis',(4.44089209850062E-15,-1.,0.));
#6624=DIRECTION('ref_axis',(0.,0.,1.));
#6625=DIRECTION('center_axis',(0.,0.,-1.));
#6626=DIRECTION('ref_axis',(0.707106781186548,0.707106781186548,0.));
#6627=DIRECTION('center_axis',(0.,0.,-1.));
#6628=DIRECTION('ref_axis',(0.707106781186548,0.707106781186548,0.));
#6629=DIRECTION('',(0.,0.,1.));
#6630=DIRECTION('',(0.,0.,-1.));
#6631=DIRECTION('center_axis',(-0.408248290463863,-0.816496580927726,-0.408248290463863));
#6632=DIRECTION('ref_axis',(0.577350269189628,-0.577350269189624,0.577350269189626));
#6633=DIRECTION('center_axis',(0.,1.,0.));
#6634=DIRECTION('ref_axis',(1.,0.,0.));
#6635=DIRECTION('center_axis',(0.,0.,-1.));
#6636=DIRECTION('ref_axis',(0.,-1.,0.));
#6637=DIRECTION('center_axis',(-1.,0.,0.));
#6638=DIRECTION('ref_axis',(0.,0.,1.));
#6639=DIRECTION('center_axis',(0.,0.,-1.));
#6640=DIRECTION('ref_axis',(0.707106781186549,-0.707106781186546,0.));
#6641=DIRECTION('',(0.,0.,-1.));
#6642=DIRECTION('center_axis',(1.,0.,0.));
#6643=DIRECTION('ref_axis',(0.,-0.707106781186546,0.707106781186549));
#6644=DIRECTION('',(-1.,0.,0.));
#6645=DIRECTION('',(1.,0.,0.));
#6646=DIRECTION('',(1.,0.,0.));
#6647=DIRECTION('',(1.,0.,0.));
#6648=DIRECTION('',(1.,0.,0.));
#6649=DIRECTION('',(1.,0.,0.));
#6650=DIRECTION('',(1.,0.,0.));
#6651=DIRECTION('',(1.,0.,0.));
#6652=DIRECTION('',(1.,0.,0.));
#6653=DIRECTION('',(1.,0.,0.));
#6654=DIRECTION('center_axis',(0.,1.,0.));
#6655=DIRECTION('ref_axis',(0.707106781186548,0.,0.707106781186548));
#6656=DIRECTION('',(0.,1.,0.));
#6657=DIRECTION('',(0.,1.,0.));
#6658=DIRECTION('',(0.,1.,0.));
#6659=DIRECTION('',(0.,1.,0.));
#6660=DIRECTION('',(0.,1.,0.));
#6661=DIRECTION('',(0.,1.,0.));
#6662=DIRECTION('',(0.,1.,0.));
#6663=DIRECTION('',(0.,1.,0.));
#6664=DIRECTION('',(0.,1.,0.));
#6665=DIRECTION('',(0.,1.,0.));
#6666=DIRECTION('',(0.,1.,0.));
#6667=DIRECTION('',(0.,-1.,0.));
#6668=DIRECTION('',(0.,1.,0.));
#6669=DIRECTION('center_axis',(-1.,0.,0.));
#6670=DIRECTION('ref_axis',(0.,0.707106781186548,0.707106781186548));
#6671=DIRECTION('center_axis',(-1.,0.,0.));
#6672=DIRECTION('ref_axis',(0.,0.,1.));
#6673=DIRECTION('',(1.,0.,0.));
#6674=DIRECTION('center_axis',(0.,0.,-1.));
#6675=DIRECTION('ref_axis',(-1.,0.,0.));
#6676=DIRECTION('center_axis',(0.,0.,1.));
#6677=DIRECTION('ref_axis',(-0.707106781186546,-0.707106781186549,0.));
#6678=DIRECTION('center_axis',(0.,0.,-1.));
#6679=DIRECTION('ref_axis',(0.,-1.,0.));
#6680=DIRECTION('',(0.,0.,-1.));
#6681=DIRECTION('center_axis',(0.,-0.966705227861512,-0.255892560316283));
#6682=DIRECTION('ref_axis',(0.,-0.255892560316283,0.966705227861512));
#6683=DIRECTION('center_axis',(0.,-1.,0.));
#6684=DIRECTION('ref_axis',(-1.,0.,0.));
#6685=DIRECTION('center_axis',(1.,0.,0.));
#6686=DIRECTION('ref_axis',(0.,-1.,0.));
#6687=DIRECTION('',(0.,-1.,0.));
#6688=DIRECTION('center_axis',(0.,1.,0.));
#6689=DIRECTION('ref_axis',(1.,0.,0.));
#6690=DIRECTION('center_axis',(-1.,0.,0.));
#6691=DIRECTION('ref_axis',(0.,1.,0.));
#6692=DIRECTION('',(0.,1.,0.));
#6693=DIRECTION('',(0.,1.,0.));
#6694=DIRECTION('center_axis',(0.,-1.,0.));
#6695=DIRECTION('ref_axis',(-1.,0.,0.));
#6696=DIRECTION('',(0.,0.,-1.));
#6697=DIRECTION('',(-1.,0.,0.));
#6698=DIRECTION('center_axis',(0.,0.,-1.));
#6699=DIRECTION('ref_axis',(-1.,2.22044604925031E-15,0.));
#6700=DIRECTION('center_axis',(4.92371981835581E-7,-0.966705227861387,-0.255892560316282));
#6701=DIRECTION('ref_axis',(5.68195624586905E-16,0.255892560316313,-0.966705227861504));
#6702=DIRECTION('center_axis',(0.,0.,-1.));
#6703=DIRECTION('ref_axis',(-1.,2.22044604925031E-15,0.));
#6704=DIRECTION('center_axis',(0.,0.,-1.));
#6705=DIRECTION('ref_axis',(-0.0897459621556118,-0.995964689272046,0.));
#6706=DIRECTION('',(0.,0.,-1.));
#6707=DIRECTION('center_axis',(0.,0.,1.));
#6708=DIRECTION('ref_axis',(-0.0897459621556118,-0.995964689272046,0.));
#6709=DIRECTION('',(0.,0.,-1.));
#6710=DIRECTION('center_axis',(-1.,0.,0.));
#6711=DIRECTION('ref_axis',(0.,1.,0.));
#6712=DIRECTION('center_axis',(0.,0.,-1.));
#6713=DIRECTION('ref_axis',(-0.0897459621556118,-0.995964689272046,0.));
#6714=DIRECTION('',(0.,0.,-1.));
#6715=DIRECTION('center_axis',(0.,0.,1.));
#6716=DIRECTION('ref_axis',(-0.0897459621556118,-0.995964689272046,0.));
#6717=DIRECTION('',(0.,0.,-1.));
#6718=DIRECTION('center_axis',(-1.,0.,0.));
#6719=DIRECTION('ref_axis',(0.,1.,0.));
#6720=DIRECTION('center_axis',(0.,0.,-1.));
#6721=DIRECTION('ref_axis',(-0.966996074607652,-0.254791270834369,0.));
#6722=DIRECTION('center_axis',(0.,0.,1.));
#6723=DIRECTION('ref_axis',(-0.966996074607652,-0.254791270834369,0.));
#6724=DIRECTION('',(0.,0.,-1.));
#6725=DIRECTION('center_axis',(0.,0.,-1.));
#6726=DIRECTION('ref_axis',(-0.475252515518448,0.879849445356072,0.));
#6727=DIRECTION('center_axis',(0.,0.,1.));
#6728=DIRECTION('ref_axis',(-1.,0.,0.));
#6729=DIRECTION('center_axis',(0.,0.,-1.));
#6730=DIRECTION('ref_axis',(0.0897459621556115,0.995964689272046,0.));
#6731=DIRECTION('',(0.,0.,-1.));
#6732=DIRECTION('center_axis',(0.,0.,1.));
#6733=DIRECTION('ref_axis',(0.0897459621556115,0.995964689272046,0.));
#6734=DIRECTION('',(0.,0.,-1.));
#6735=DIRECTION('center_axis',(1.,0.,0.));
#6736=DIRECTION('ref_axis',(0.,-1.,0.));
#6737=DIRECTION('center_axis',(0.,0.,-1.));
#6738=DIRECTION('ref_axis',(0.475359107602238,0.879791861078292,0.));
#6739=DIRECTION('',(0.,0.,-1.));
#6740=DIRECTION('center_axis',(0.,0.,1.));
#6741=DIRECTION('ref_axis',(0.475359107602238,0.879791861078292,0.));
#6742=DIRECTION('',(0.,0.,-1.));
#6743=DIRECTION('center_axis',(0.,0.,-1.));
#6744=DIRECTION('ref_axis',(0.967011245505081,-0.254733686556592,0.));
#6745=DIRECTION('center_axis',(0.,0.,1.));
#6746=DIRECTION('ref_axis',(-1.,0.,0.));
#6747=DIRECTION('center_axis',(0.,0.,1.));
#6748=DIRECTION('ref_axis',(-1.,0.,0.));
#6749=DIRECTION('center_axis',(0.,0.,-1.));
#6750=DIRECTION('ref_axis',(-1.,0.,0.));
#6751=DIRECTION('',(0.,0.,-1.));
#6752=DIRECTION('center_axis',(0.,0.,1.));
#6753=DIRECTION('ref_axis',(-1.,0.,0.));
#6754=DIRECTION('',(0.,0.,-1.));
#6755=DIRECTION('center_axis',(0.,1.,0.));
#6756=DIRECTION('ref_axis',(1.,0.,0.));
#6757=DIRECTION('center_axis',(0.,0.,-1.));
#6758=DIRECTION('ref_axis',(-0.0897459621556118,-0.995964689272046,0.));
#6759=DIRECTION('',(0.,0.,-1.));
#6760=DIRECTION('center_axis',(0.,0.,1.));
#6761=DIRECTION('ref_axis',(-0.0897459621556118,-0.995964689272046,0.));
#6762=DIRECTION('',(0.,0.,-1.));
#6763=DIRECTION('center_axis',(-1.,0.,0.));
#6764=DIRECTION('ref_axis',(0.,1.,0.));
#6765=DIRECTION('center_axis',(0.,0.,-1.));
#6766=DIRECTION('ref_axis',(0.089745962155614,0.995964689272046,0.));
#6767=DIRECTION('',(0.,0.,-1.));
#6768=DIRECTION('center_axis',(0.,0.,1.));
#6769=DIRECTION('ref_axis',(0.089745962155614,0.995964689272046,0.));
#6770=DIRECTION('',(0.,0.,-1.));
#6771=DIRECTION('center_axis',(1.,0.,0.));
#6772=DIRECTION('ref_axis',(0.,-1.,0.));
#6773=DIRECTION('center_axis',(0.,0.,-1.));
#6774=DIRECTION('ref_axis',(0.0897459621556115,0.995964689272046,0.));
#6775=DIRECTION('',(0.,0.,-1.));
#6776=DIRECTION('center_axis',(0.,0.,1.));
#6777=DIRECTION('ref_axis',(0.0897459621556115,0.995964689272046,0.));
#6778=DIRECTION('',(0.,0.,-1.));
#6779=DIRECTION('center_axis',(1.,0.,0.));
#6780=DIRECTION('ref_axis',(0.,-1.,0.));
#6781=DIRECTION('center_axis',(0.,0.,-1.));
#6782=DIRECTION('ref_axis',(-1.,0.,0.));
#6783=DIRECTION('',(0.,0.,-1.));
#6784=DIRECTION('center_axis',(0.,0.,1.));
#6785=DIRECTION('ref_axis',(-1.,0.,0.));
#6786=DIRECTION('',(0.,0.,-1.));
#6787=DIRECTION('center_axis',(0.,1.,0.));
#6788=DIRECTION('ref_axis',(1.,0.,0.));
#6789=DIRECTION('center_axis',(0.,0.,-1.));
#6790=DIRECTION('ref_axis',(-1.,0.,0.));
#6791=DIRECTION('',(0.,0.,-1.));
#6792=DIRECTION('center_axis',(0.,0.,1.));
#6793=DIRECTION('ref_axis',(-1.,0.,0.));
#6794=DIRECTION('',(0.,0.,-1.));
#6795=DIRECTION('center_axis',(0.,1.,0.));
#6796=DIRECTION('ref_axis',(1.,0.,0.));
#6797=DIRECTION('center_axis',(0.,0.,-1.));
#6798=DIRECTION('ref_axis',(0.089745962155614,0.995964689272046,0.));
#6799=DIRECTION('',(0.,0.,-1.));
#6800=DIRECTION('center_axis',(0.,0.,1.));
#6801=DIRECTION('ref_axis',(0.089745962155614,0.995964689272046,0.));
#6802=DIRECTION('',(0.,0.,-1.));
#6803=DIRECTION('center_axis',(1.,0.,0.));
#6804=DIRECTION('ref_axis',(0.,-1.,0.));
#6805=DIRECTION('center_axis',(0.,0.,-1.));
#6806=DIRECTION('ref_axis',(-1.,0.,0.));
#6807=DIRECTION('',(0.,0.,-1.));
#6808=DIRECTION('center_axis',(0.,0.,1.));
#6809=DIRECTION('ref_axis',(-1.,0.,0.));
#6810=DIRECTION('',(0.,0.,-1.));
#6811=DIRECTION('center_axis',(0.,1.,0.));
#6812=DIRECTION('ref_axis',(1.,0.,0.));
#6813=DIRECTION('center_axis',(0.,0.,-1.));
#6814=DIRECTION('ref_axis',(-0.0897459621556118,-0.995964689272046,0.));
#6815=DIRECTION('',(0.,0.,-1.));
#6816=DIRECTION('center_axis',(0.,0.,1.));
#6817=DIRECTION('ref_axis',(-0.0897459621556118,-0.995964689272046,0.));
#6818=DIRECTION('',(0.,0.,-1.));
#6819=DIRECTION('center_axis',(-1.,0.,0.));
#6820=DIRECTION('ref_axis',(0.,1.,0.));
#6821=DIRECTION('center_axis',(0.,0.,-1.));
#6822=DIRECTION('ref_axis',(-0.0897459621556118,-0.995964689272046,0.));
#6823=DIRECTION('',(0.,0.,-1.));
#6824=DIRECTION('center_axis',(0.,0.,1.));
#6825=DIRECTION('ref_axis',(-0.0897459621556118,-0.995964689272046,0.));
#6826=DIRECTION('',(0.,0.,-1.));
#6827=DIRECTION('center_axis',(-1.,0.,0.));
#6828=DIRECTION('ref_axis',(0.,1.,0.));
#6829=DIRECTION('center_axis',(0.,0.,-1.));
#6830=DIRECTION('ref_axis',(0.089745962155614,0.995964689272046,0.));
#6831=DIRECTION('',(0.,0.,-1.));
#6832=DIRECTION('center_axis',(0.,0.,1.));
#6833=DIRECTION('ref_axis',(0.089745962155614,0.995964689272046,0.));
#6834=DIRECTION('',(0.,0.,-1.));
#6835=DIRECTION('center_axis',(1.,0.,0.));
#6836=DIRECTION('ref_axis',(0.,-1.,0.));
#6837=DIRECTION('center_axis',(0.,0.,-1.));
#6838=DIRECTION('ref_axis',(-1.,0.,0.));
#6839=DIRECTION('center_axis',(0.,0.,1.));
#6840=DIRECTION('ref_axis',(-1.,0.,0.));
#6841=DIRECTION('',(0.,0.,1.));
#6842=DIRECTION('center_axis',(0.,0.,-1.));
#6843=DIRECTION('ref_axis',(-1.,0.,0.));
#6844=DIRECTION('center_axis',(0.,0.,1.));
#6845=DIRECTION('ref_axis',(-1.,0.,0.));
#6846=DIRECTION('',(0.,0.,1.));
#6847=DIRECTION('center_axis',(0.,0.,-1.));
#6848=DIRECTION('ref_axis',(-1.,0.,0.));
#6849=DIRECTION('center_axis',(0.,0.,1.));
#6850=DIRECTION('ref_axis',(-1.,0.,0.));
#6851=DIRECTION('',(0.,0.,1.));
#6852=DIRECTION('center_axis',(0.,0.,-1.));
#6853=DIRECTION('ref_axis',(-1.,0.,0.));
#6854=DIRECTION('center_axis',(0.,0.,1.));
#6855=DIRECTION('ref_axis',(-1.,0.,0.));
#6856=DIRECTION('',(0.,0.,1.));
#6857=DIRECTION('center_axis',(0.,0.,-1.));
#6858=DIRECTION('ref_axis',(-1.,0.,0.));
#6859=DIRECTION('center_axis',(0.,0.,1.));
#6860=DIRECTION('ref_axis',(-1.,0.,0.));
#6861=DIRECTION('',(0.,0.,1.));
#6862=DIRECTION('center_axis',(0.,0.,-1.));
#6863=DIRECTION('ref_axis',(-1.,0.,0.));
#6864=DIRECTION('center_axis',(0.,0.,1.));
#6865=DIRECTION('ref_axis',(-1.,0.,0.));
#6866=DIRECTION('',(0.,0.,1.));
#6867=DIRECTION('center_axis',(0.,0.,-1.));
#6868=DIRECTION('ref_axis',(-1.,0.,0.));
#6869=DIRECTION('center_axis',(0.,0.,1.));
#6870=DIRECTION('ref_axis',(-1.,0.,0.));
#6871=DIRECTION('',(0.,0.,1.));
#6872=DIRECTION('center_axis',(0.,0.,-1.));
#6873=DIRECTION('ref_axis',(-1.,0.,0.));
#6874=DIRECTION('center_axis',(0.,0.,1.));
#6875=DIRECTION('ref_axis',(-1.,0.,0.));
#6876=DIRECTION('',(0.,0.,1.));
#6877=DIRECTION('center_axis',(0.,0.,-1.));
#6878=DIRECTION('ref_axis',(-1.,0.,0.));
#6879=DIRECTION('center_axis',(0.,0.,1.));
#6880=DIRECTION('ref_axis',(-1.,0.,0.));
#6881=DIRECTION('',(0.,0.,1.));
#6882=DIRECTION('center_axis',(0.,0.,-1.));
#6883=DIRECTION('ref_axis',(-1.,0.,0.));
#6884=DIRECTION('center_axis',(0.,0.,1.));
#6885=DIRECTION('ref_axis',(-1.,0.,0.));
#6886=DIRECTION('',(0.,0.,1.));
#6887=DIRECTION('center_axis',(0.,0.,-1.));
#6888=DIRECTION('ref_axis',(-1.,0.,0.));
#6889=DIRECTION('center_axis',(0.,0.,1.));
#6890=DIRECTION('ref_axis',(-1.,0.,0.));
#6891=DIRECTION('',(0.,0.,1.));
#6892=DIRECTION('center_axis',(0.,0.,-1.));
#6893=DIRECTION('ref_axis',(-1.,0.,0.));
#6894=DIRECTION('center_axis',(0.,0.,1.));
#6895=DIRECTION('ref_axis',(-1.,0.,0.));
#6896=DIRECTION('',(0.,0.,1.));
#6897=DIRECTION('center_axis',(0.,0.,-1.));
#6898=DIRECTION('ref_axis',(-1.,0.,0.));
#6899=DIRECTION('center_axis',(0.,0.,1.));
#6900=DIRECTION('ref_axis',(-1.,0.,0.));
#6901=DIRECTION('',(0.,0.,1.));
#6902=DIRECTION('center_axis',(0.,0.,-1.));
#6903=DIRECTION('ref_axis',(-1.,0.,0.));
#6904=DIRECTION('center_axis',(0.,0.,1.));
#6905=DIRECTION('ref_axis',(-1.,0.,0.));
#6906=DIRECTION('',(0.,0.,1.));
#6907=DIRECTION('center_axis',(0.,0.,-1.));
#6908=DIRECTION('ref_axis',(-1.,0.,0.));
#6909=DIRECTION('center_axis',(0.,0.,1.));
#6910=DIRECTION('ref_axis',(-1.,0.,0.));
#6911=DIRECTION('',(0.,0.,1.));
#6912=DIRECTION('center_axis',(0.,0.,-1.));
#6913=DIRECTION('ref_axis',(-1.,0.,0.));
#6914=DIRECTION('center_axis',(0.,0.,1.));
#6915=DIRECTION('ref_axis',(-1.,0.,0.));
#6916=DIRECTION('',(0.,0.,1.));
#6917=DIRECTION('center_axis',(0.,0.,-1.));
#6918=DIRECTION('ref_axis',(-1.,0.,0.));
#6919=DIRECTION('center_axis',(0.,0.,1.));
#6920=DIRECTION('ref_axis',(-1.,0.,0.));
#6921=DIRECTION('',(0.,0.,1.));
#6922=DIRECTION('center_axis',(0.,0.,-1.));
#6923=DIRECTION('ref_axis',(-1.,0.,0.));
#6924=DIRECTION('center_axis',(0.,0.,1.));
#6925=DIRECTION('ref_axis',(-1.,0.,0.));
#6926=DIRECTION('',(0.,0.,1.));
#6927=DIRECTION('center_axis',(0.,0.,-1.));
#6928=DIRECTION('ref_axis',(-1.,0.,0.));
#6929=DIRECTION('center_axis',(0.,0.,1.));
#6930=DIRECTION('ref_axis',(-1.,0.,0.));
#6931=DIRECTION('',(0.,0.,1.));
#6932=DIRECTION('center_axis',(0.,0.,-1.));
#6933=DIRECTION('ref_axis',(-1.,0.,0.));
#6934=DIRECTION('center_axis',(0.,0.,1.));
#6935=DIRECTION('ref_axis',(-1.,0.,0.));
#6936=DIRECTION('',(0.,0.,1.));
#6937=DIRECTION('center_axis',(0.,0.,-1.));
#6938=DIRECTION('ref_axis',(-1.,0.,0.));
#6939=DIRECTION('center_axis',(0.,0.,1.));
#6940=DIRECTION('ref_axis',(-1.,0.,0.));
#6941=DIRECTION('',(0.,0.,1.));
#6942=DIRECTION('center_axis',(0.,0.,-1.));
#6943=DIRECTION('ref_axis',(-1.,0.,0.));
#6944=DIRECTION('center_axis',(0.,0.,1.));
#6945=DIRECTION('ref_axis',(-1.,0.,0.));
#6946=DIRECTION('',(0.,0.,1.));
#6947=DIRECTION('center_axis',(0.,0.,-1.));
#6948=DIRECTION('ref_axis',(-1.,0.,0.));
#6949=DIRECTION('center_axis',(0.,0.,1.));
#6950=DIRECTION('ref_axis',(-1.,0.,0.));
#6951=DIRECTION('',(0.,0.,1.));
#6952=DIRECTION('center_axis',(0.,0.,-1.));
#6953=DIRECTION('ref_axis',(-1.,0.,0.));
#6954=DIRECTION('center_axis',(0.,0.,1.));
#6955=DIRECTION('ref_axis',(-1.,0.,0.));
#6956=DIRECTION('',(0.,0.,1.));
#6957=DIRECTION('center_axis',(0.,0.,-1.));
#6958=DIRECTION('ref_axis',(-1.,0.,0.));
#6959=DIRECTION('center_axis',(0.,0.,1.));
#6960=DIRECTION('ref_axis',(-1.,0.,0.));
#6961=DIRECTION('',(0.,0.,1.));
#6962=DIRECTION('center_axis',(0.,0.,-1.));
#6963=DIRECTION('ref_axis',(-1.,0.,0.));
#6964=DIRECTION('center_axis',(0.,0.,1.));
#6965=DIRECTION('ref_axis',(-1.,0.,0.));
#6966=DIRECTION('',(0.,0.,1.));
#6967=DIRECTION('center_axis',(0.,0.,-1.));
#6968=DIRECTION('ref_axis',(-1.,0.,0.));
#6969=DIRECTION('center_axis',(0.,0.,1.));
#6970=DIRECTION('ref_axis',(-1.,0.,0.));
#6971=DIRECTION('',(0.,0.,1.));
#6972=DIRECTION('center_axis',(0.,0.,-1.));
#6973=DIRECTION('ref_axis',(-1.,0.,0.));
#6974=DIRECTION('center_axis',(0.,0.,1.));
#6975=DIRECTION('ref_axis',(-1.,0.,0.));
#6976=DIRECTION('',(0.,0.,1.));
#6977=DIRECTION('center_axis',(0.,0.,-1.));
#6978=DIRECTION('ref_axis',(-1.,0.,0.));
#6979=DIRECTION('center_axis',(0.,0.,1.));
#6980=DIRECTION('ref_axis',(-1.,0.,0.));
#6981=DIRECTION('',(0.,0.,1.));
#6982=DIRECTION('center_axis',(0.,0.,-1.));
#6983=DIRECTION('ref_axis',(-1.,0.,0.));
#6984=DIRECTION('center_axis',(0.,0.,1.));
#6985=DIRECTION('ref_axis',(-1.,0.,0.));
#6986=DIRECTION('',(0.,0.,1.));
#6987=DIRECTION('center_axis',(0.,0.,-1.));
#6988=DIRECTION('ref_axis',(-1.,0.,0.));
#6989=DIRECTION('center_axis',(0.,0.,1.));
#6990=DIRECTION('ref_axis',(-1.,0.,0.));
#6991=DIRECTION('',(0.,0.,1.));
#6992=DIRECTION('center_axis',(0.,0.,-1.));
#6993=DIRECTION('ref_axis',(-1.,0.,0.));
#6994=DIRECTION('center_axis',(0.,0.,1.));
#6995=DIRECTION('ref_axis',(-1.,0.,0.));
#6996=DIRECTION('',(0.,0.,1.));
#6997=DIRECTION('center_axis',(0.,0.,-1.));
#6998=DIRECTION('ref_axis',(-1.,0.,0.));
#6999=DIRECTION('center_axis',(0.,0.,1.));
#7000=DIRECTION('ref_axis',(-1.,0.,0.));
#7001=DIRECTION('',(0.,0.,1.));
#7002=DIRECTION('center_axis',(0.,0.,-1.));
#7003=DIRECTION('ref_axis',(-1.,0.,0.));
#7004=DIRECTION('center_axis',(0.,0.,1.));
#7005=DIRECTION('ref_axis',(-1.,0.,0.));
#7006=DIRECTION('',(0.,0.,1.));
#7007=DIRECTION('center_axis',(0.,0.,-1.));
#7008=DIRECTION('ref_axis',(-1.,0.,0.));
#7009=DIRECTION('center_axis',(0.,0.,1.));
#7010=DIRECTION('ref_axis',(-1.,0.,0.));
#7011=DIRECTION('',(0.,0.,1.));
#7012=DIRECTION('center_axis',(0.,0.,-1.));
#7013=DIRECTION('ref_axis',(-1.,0.,0.));
#7014=DIRECTION('center_axis',(0.,0.,1.));
#7015=DIRECTION('ref_axis',(-1.,0.,0.));
#7016=DIRECTION('',(0.,0.,1.));
#7017=DIRECTION('center_axis',(0.,0.,-1.));
#7018=DIRECTION('ref_axis',(-1.,0.,0.));
#7019=DIRECTION('center_axis',(0.,0.,1.));
#7020=DIRECTION('ref_axis',(-1.,0.,0.));
#7021=DIRECTION('',(0.,0.,1.));
#7022=DIRECTION('center_axis',(0.,0.,-1.));
#7023=DIRECTION('ref_axis',(-1.,0.,0.));
#7024=DIRECTION('center_axis',(0.,0.,1.));
#7025=DIRECTION('ref_axis',(-1.,0.,0.));
#7026=DIRECTION('',(0.,0.,1.));
#7027=DIRECTION('center_axis',(0.,0.,-1.));
#7028=DIRECTION('ref_axis',(-1.,0.,0.));
#7029=DIRECTION('center_axis',(0.,0.,1.));
#7030=DIRECTION('ref_axis',(-1.,0.,0.));
#7031=DIRECTION('',(0.,0.,1.));
#7032=DIRECTION('center_axis',(0.,0.,-1.));
#7033=DIRECTION('ref_axis',(-1.,0.,0.));
#7034=DIRECTION('center_axis',(0.,0.,1.));
#7035=DIRECTION('ref_axis',(-1.,0.,0.));
#7036=DIRECTION('',(0.,0.,1.));
#7037=DIRECTION('center_axis',(0.,0.,-1.));
#7038=DIRECTION('ref_axis',(-0.942411735790638,0.334454959963336,0.));
#7039=DIRECTION('',(0.,0.,-1.));
#7040=DIRECTION('center_axis',(0.,0.,-1.));
#7041=DIRECTION('ref_axis',(-0.942411735790638,0.334454959963336,0.));
#7042=DIRECTION('center_axis',(0.,0.,-1.));
#7043=DIRECTION('ref_axis',(0.,1.,0.));
#7044=DIRECTION('center_axis',(0.,0.,1.));
#7045=DIRECTION('ref_axis',(0.,1.,0.));
#7046=DIRECTION('',(0.,0.,-1.));
#7047=DIRECTION('center_axis',(0.,1.,0.));
#7048=DIRECTION('ref_axis',(1.,0.,0.));
#7049=DIRECTION('',(1.,0.,0.));
#7050=DIRECTION('',(0.,0.,-1.));
#7051=DIRECTION('center_axis',(0.,0.,-1.));
#7052=DIRECTION('ref_axis',(1.,0.,0.));
#7053=DIRECTION('center_axis',(0.,0.,1.));
#7054=DIRECTION('ref_axis',(1.,0.,0.));
#7055=DIRECTION('center_axis',(0.,0.,1.));
#7056=DIRECTION('ref_axis',(1.,0.,0.));
#7057=DIRECTION('center_axis',(0.,0.,-1.));
#7058=DIRECTION('ref_axis',(-1.,0.,0.));
#7059=DIRECTION('',(0.,0.,1.));
#7060=DIRECTION('center_axis',(0.,0.,-1.));
#7061=DIRECTION('ref_axis',(-1.,0.,0.));
#7062=DIRECTION('',(0.,0.,1.));
#7063=DIRECTION('center_axis',(0.,0.,-1.));
#7064=DIRECTION('ref_axis',(-1.,0.,0.));
#7065=DIRECTION('center_axis',(0.,0.,1.));
#7066=DIRECTION('ref_axis',(-1.,0.,0.));
#7067=DIRECTION('',(0.,0.,1.));
#7068=DIRECTION('center_axis',(0.,0.,-1.));
#7069=DIRECTION('ref_axis',(-1.,0.,0.));
#7070=DIRECTION('',(0.,0.,1.));
#7071=DIRECTION('center_axis',(0.,0.,-1.));
#7072=DIRECTION('ref_axis',(-1.,0.,0.));
#7073=DIRECTION('',(0.,0.,1.));
#7074=DIRECTION('center_axis',(0.,0.,-1.));
#7075=DIRECTION('ref_axis',(-1.,0.,0.));
#7076=DIRECTION('',(0.,0.,1.));
#7077=DIRECTION('center_axis',(0.,0.,-1.));
#7078=DIRECTION('ref_axis',(-1.,0.,0.));
#7079=DIRECTION('center_axis',(0.,0.,1.));
#7080=DIRECTION('ref_axis',(-1.,0.,0.));
#7081=DIRECTION('',(0.,0.,1.));
#7082=DIRECTION('center_axis',(0.,0.,-1.));
#7083=DIRECTION('ref_axis',(-1.,0.,0.));
#7084=DIRECTION('',(0.,0.,1.));
#7085=DIRECTION('center_axis',(0.,0.,1.));
#7086=DIRECTION('ref_axis',(0.99999999998253,5.91093397043589E-6,0.));
#7087=DIRECTION('',(0.,0.,-1.));
#7088=DIRECTION('',(0.,0.,-1.));
#7089=DIRECTION('center_axis',(-1.,2.960612195332E-15,0.));
#7090=DIRECTION('ref_axis',(2.960612195332E-15,1.,0.));
#7091=DIRECTION('',(9.85351299418486E-16,0.33282011773514,0.942990333582889));
#7092=DIRECTION('',(2.960612195332E-15,1.,0.));
#7093=DIRECTION('',(0.,0.,-1.));
#7094=DIRECTION('center_axis',(0.,0.,-1.));
#7095=DIRECTION('ref_axis',(-0.999779385945264,0.0210042719204928,0.));
#7096=DIRECTION('',(0.,0.,-1.));
#7097=DIRECTION('center_axis',(1.,5.55114890050932E-16,0.));
#7098=DIRECTION('ref_axis',(5.55114890050932E-16,-1.,0.));
#7099=DIRECTION('',(0.,0.,-1.));
#7100=DIRECTION('',(5.55114890050932E-16,-1.,0.));
#7101=DIRECTION('',(1.8475340306328E-16,-0.332820117735138,-0.942990333582889));
#7102=DIRECTION('center_axis',(0.,0.,-1.));
#7103=DIRECTION('ref_axis',(-0.999999999982604,5.89844164030259E-6,0.));
#7104=DIRECTION('',(0.,0.,1.));
#7105=DIRECTION('',(0.,0.,-1.));
#7106=DIRECTION('center_axis',(1.,0.,0.));
#7107=DIRECTION('ref_axis',(0.,-1.,0.));
#7108=DIRECTION('',(0.,0.,-1.));
#7109=DIRECTION('',(0.,-1.,0.));
#7110=DIRECTION('',(0.,-0.33282011773514,-0.942990333582889));
#7111=DIRECTION('center_axis',(0.,0.,1.));
#7112=DIRECTION('ref_axis',(0.999999999981488,6.08475545504916E-6,0.));
#7113=DIRECTION('',(0.,0.,-1.));
#7114=DIRECTION('',(0.,0.,-1.));
#7115=DIRECTION('center_axis',(-1.,1.8503829928808E-16,0.));
#7116=DIRECTION('ref_axis',(1.8503829928808E-16,1.,0.));
#7117=DIRECTION('',(6.15844685545686E-17,0.332820117735138,0.942990333582889));
#7118=DIRECTION('',(1.8503829928808E-16,1.,0.));
#7119=DIRECTION('',(0.,0.,-1.));
#7120=DIRECTION('center_axis',(0.,0.,1.));
#7121=DIRECTION('ref_axis',(-0.999999986302247,-0.000165515880746388,0.));
#7122=DIRECTION('',(0.,0.,-1.));
#7123=DIRECTION('center_axis',(0.,0.,-1.));
#7124=DIRECTION('ref_axis',(-0.999999986302247,-0.000165515880746388,0.));
#7125=DIRECTION('center_axis',(1.,0.,0.));
#7126=DIRECTION('ref_axis',(0.,-1.,0.));
#7127=DIRECTION('',(0.,-1.,0.));
#7128=DIRECTION('',(0.,-0.255892560316313,0.966705227861504));
#7129=DIRECTION('',(0.,-1.,0.));
#7130=DIRECTION('center_axis',(0.,0.,-1.));
#7131=DIRECTION('ref_axis',(0.999889591653481,-0.0148594920180445,0.));
#7132=DIRECTION('',(0.,0.,1.));
#7133=DIRECTION('center_axis',(0.,0.,1.));
#7134=DIRECTION('ref_axis',(1.,0.,0.));
#7135=DIRECTION('center_axis',(0.,0.,-1.));
#7136=DIRECTION('ref_axis',(0.625051790612498,0.780583281304507,0.));
#7137=DIRECTION('center_axis',(0.,0.,-1.));
#7138=DIRECTION('ref_axis',(-0.128777184977374,0.991673553458649,0.));
#7139=DIRECTION('',(0.,0.,-1.));
#7140=DIRECTION('center_axis',(0.,0.,-1.));
#7141=DIRECTION('ref_axis',(0.625051790612498,0.780583281304507,0.));
#7142=DIRECTION('',(0.,0.,-1.));
#7143=DIRECTION('center_axis',(0.,0.,1.));
#7144=DIRECTION('ref_axis',(1.,0.,0.));
#7145=DIRECTION('center_axis',(0.,0.,-1.));
#7146=DIRECTION('ref_axis',(0.625051790612498,0.780583281304507,0.));
#7147=DIRECTION('center_axis',(0.,0.,1.));
#7148=DIRECTION('ref_axis',(1.,0.,0.));
#7149=DIRECTION('center_axis',(0.,0.,-1.));
#7150=DIRECTION('ref_axis',(-0.624901054201981,-0.780703959550131,0.));
#7151=DIRECTION('center_axis',(0.,0.,-1.));
#7152=DIRECTION('ref_axis',(0.125056057244279,-0.992149677491514,0.));
#7153=DIRECTION('',(0.,0.,-1.));
#7154=DIRECTION('center_axis',(0.,0.,-1.));
#7155=DIRECTION('ref_axis',(-0.624901054201981,-0.780703959550131,0.));
#7156=DIRECTION('',(0.,0.,-1.));
#7157=DIRECTION('center_axis',(0.,0.,1.));
#7158=DIRECTION('ref_axis',(1.,0.,0.));
#7159=DIRECTION('center_axis',(0.,0.,-1.));
#7160=DIRECTION('ref_axis',(-0.624901054201981,-0.780703959550131,0.));
#7161=DIRECTION('center_axis',(0.,0.,-1.));
#7162=DIRECTION('ref_axis',(-0.271364290493145,0.962476712365111,0.));
#7163=DIRECTION('center_axis',(4.92371981835581E-7,-0.966705227861387,-0.255892560316282));
#7164=DIRECTION('ref_axis',(0.,0.255892560316313,-0.966705227861504));
#7165=DIRECTION('',(-0.99999999999987,-5.09330008408848E-7,0.));
#7166=DIRECTION('',(-0.99999999999987,-5.09330008408848E-7,0.));
#7167=DIRECTION('',(-0.99999999999987,-5.09330008408848E-7,0.));
#7168=DIRECTION('center_axis',(0.,0.,1.));
#7169=DIRECTION('ref_axis',(1.,0.,0.));
#7170=DIRECTION('',(0.,-1.,0.));
#7171=DIRECTION('center_axis',(0.,0.,-1.));
#7172=DIRECTION('ref_axis',(0.,-1.,0.));
#7173=DIRECTION('',(-1.,3.9474588065361E-15,0.));
#7174=DIRECTION('center_axis',(0.,0.,1.));
#7175=DIRECTION('ref_axis',(-4.44089209850062E-15,-1.,0.));
#7176=DIRECTION('',(0.,-1.,0.));
#7177=DIRECTION('',(1.,1.53346279732265E-15,0.));
#7178=DIRECTION('center_axis',(0.,0.,-1.));
#7179=DIRECTION('ref_axis',(1.,0.,0.));
#7180=DIRECTION('',(0.,-1.,0.));
#7181=DIRECTION('',(-1.,0.,0.));
#7182=DIRECTION('center_axis',(0.,-0.966705227861512,-0.255892560316283));
#7183=DIRECTION('ref_axis',(0.,0.255892560316283,-0.966705227861512));
#7184=DIRECTION('',(-1.,0.,0.));
#7185=DIRECTION('',(-1.,0.,0.));
#7186=DIRECTION('center_axis',(-6.99602378646419E-11,0.942990333582889,
-0.332820117735138));
#7187=DIRECTION('ref_axis',(0.,0.332820117735138,0.942990333582889));
#7188=DIRECTION('',(1.,7.41897720190069E-11,0.));
#7189=DIRECTION('',(1.,0.,0.));
#7190=DIRECTION('',(1.,7.41897720190069E-11,0.));
#7191=DIRECTION('center_axis',(0.,0.942990333582889,-0.33282011773514));
#7192=DIRECTION('ref_axis',(0.,0.33282011773514,0.942990333582889));
#7193=DIRECTION('',(1.,0.,0.));
#7194=DIRECTION('center_axis',(0.,0.,-1.));
#7195=DIRECTION('ref_axis',(-1.,0.,0.));
#7196=DIRECTION('',(0.,0.,-1.));
#7197=DIRECTION('center_axis',(0.,0.,-1.));
#7198=DIRECTION('ref_axis',(-1.,0.,0.));
#7199=DIRECTION('center_axis',(0.,0.,1.));
#7200=DIRECTION('ref_axis',(1.,0.,0.));
#7201=DIRECTION('center_axis',(0.,0.,-1.));
#7202=DIRECTION('ref_axis',(-0.986013796741545,0.1666637112131,0.));
#7203=DIRECTION('center_axis',(0.,0.,1.));
#7204=DIRECTION('ref_axis',(-1.,0.,0.));
#7205=DIRECTION('center_axis',(0.,0.,1.));
#7206=DIRECTION('ref_axis',(1.,0.,0.));
#7207=DIRECTION('center_axis',(0.,0.,1.));
#7208=DIRECTION('ref_axis',(-1.,0.,0.));
#7209=DIRECTION('center_axis',(0.,0.,1.));
#7210=DIRECTION('ref_axis',(1.,0.,0.));
#7211=DIRECTION('center_axis',(0.,0.,1.));
#7212=DIRECTION('ref_axis',(-1.,0.,0.));
#7213=DIRECTION('center_axis',(0.,0.,1.));
#7214=DIRECTION('ref_axis',(1.,0.,0.));
#7215=DIRECTION('center_axis',(0.,0.,1.));
#7216=DIRECTION('ref_axis',(-1.,0.,0.));
#7217=DIRECTION('center_axis',(0.,0.,1.));
#7218=DIRECTION('ref_axis',(1.,0.,0.));
#7219=DIRECTION('center_axis',(0.,0.,-1.));
#7220=DIRECTION('ref_axis',(-0.930931870720042,-0.36519289708,0.));
#7221=DIRECTION('center_axis',(0.,0.,1.));
#7222=DIRECTION('ref_axis',(-1.,0.,0.));
#7223=DIRECTION('center_axis',(0.,0.,1.));
#7224=DIRECTION('ref_axis',(1.,0.,0.));
#7225=DIRECTION('center_axis',(0.,0.,1.));
#7226=DIRECTION('ref_axis',(-1.,0.,0.));
#7227=DIRECTION('center_axis',(0.,0.,-1.));
#7228=DIRECTION('ref_axis',(-1.,0.,0.));
#7229=DIRECTION('',(0.,0.,1.));
#7230=DIRECTION('center_axis',(0.,0.,-1.));
#7231=DIRECTION('ref_axis',(-1.,0.,0.));
#7232=DIRECTION('',(0.,0.,1.));
#7233=DIRECTION('center_axis',(0.,0.,-1.));
#7234=DIRECTION('ref_axis',(-1.,0.,0.));
#7235=DIRECTION('',(0.,0.,1.));
#7236=DIRECTION('center_axis',(0.,0.,-1.));
#7237=DIRECTION('ref_axis',(-1.,0.,0.));
#7238=DIRECTION('',(0.,0.,1.));
#7239=DIRECTION('center_axis',(0.,0.,-1.));
#7240=DIRECTION('ref_axis',(-1.,0.,0.));
#7241=DIRECTION('',(0.,0.,1.));
#7242=DIRECTION('center_axis',(0.,0.,-1.));
#7243=DIRECTION('ref_axis',(-1.,0.,0.));
#7244=DIRECTION('',(0.,0.,1.));
#7245=DIRECTION('center_axis',(0.,1.,0.));
#7246=DIRECTION('ref_axis',(1.,0.,0.));
#7247=DIRECTION('',(0.,0.,-1.));
#7248=DIRECTION('center_axis',(0.,0.,-1.));
#7249=DIRECTION('ref_axis',(0.,1.,0.));
#7250=DIRECTION('',(0.,0.,-1.));
#7251=DIRECTION('center_axis',(-1.,0.,0.));
#7252=DIRECTION('ref_axis',(0.,1.,0.));
#7253=DIRECTION('center_axis',(-1.,0.,0.));
#7254=DIRECTION('ref_axis',(0.,1.,0.));
#7255=DIRECTION('',(0.,0.,-1.));
#7256=DIRECTION('center_axis',(0.,0.,-1.));
#7257=DIRECTION('ref_axis',(-1.,0.,0.));
#7258=DIRECTION('',(0.,0.,-1.));
#7259=DIRECTION('center_axis',(3.94746089797571E-15,-1.,0.));
#7260=DIRECTION('ref_axis',(-1.,-3.94746089797571E-15,0.));
#7261=DIRECTION('',(0.,0.,-1.));
#7262=DIRECTION('center_axis',(0.,0.,-1.));
#7263=DIRECTION('ref_axis',(-1.,0.,0.));
#7264=DIRECTION('',(0.,0.,-1.));
#7265=DIRECTION('center_axis',(-1.,0.,0.));
#7266=DIRECTION('ref_axis',(0.,1.,0.));
#7267=DIRECTION('center_axis',(-1.,0.,0.));
#7268=DIRECTION('ref_axis',(0.,1.,0.));
#7269=DIRECTION('',(0.,0.,-1.));
#7270=DIRECTION('center_axis',(3.22974054803336E-15,1.,0.));
#7271=DIRECTION('ref_axis',(1.,-3.22974054803336E-15,0.));
#7272=DIRECTION('',(0.,0.,-1.));
#7273=DIRECTION('center_axis',(0.,0.,-1.));
#7274=DIRECTION('ref_axis',(0.,1.,0.));
#7275=DIRECTION('',(0.,0.,-1.));
#7276=DIRECTION('center_axis',(-1.,0.,0.));
#7277=DIRECTION('ref_axis',(0.,1.,0.));
#7278=DIRECTION('center_axis',(-1.10039368469565E-6,0.999999999999395,0.));
#7279=DIRECTION('ref_axis',(0.999999999999395,1.10039368469565E-6,0.));
#7280=DIRECTION('',(0.,0.,-1.));
#7281=DIRECTION('center_axis',(-1.,0.,0.));
#7282=DIRECTION('ref_axis',(0.,1.,0.));
#7283=DIRECTION('',(0.,0.,-1.));
#7284=DIRECTION('center_axis',(0.,0.,-1.));
#7285=DIRECTION('ref_axis',(-1.,1.77635683940023E-14,0.));
#7286=DIRECTION('',(0.,0.,-1.));
#7287=DIRECTION('center_axis',(0.,-1.,0.));
#7288=DIRECTION('ref_axis',(-1.,0.,0.));
#7289=DIRECTION('center_axis',(0.,0.,-1.));
#7290=DIRECTION('ref_axis',(0.193578728074399,-0.981084744574646,0.));
#7291=DIRECTION('center_axis',(7.41897720190069E-11,-1.,0.));
#7292=DIRECTION('ref_axis',(-1.,-7.41897720190069E-11,0.));
#7293=DIRECTION('center_axis',(0.,0.,-1.));
#7294=DIRECTION('ref_axis',(4.16333634234434E-16,-1.,0.));
#7295=DIRECTION('center_axis',(0.,-1.,0.));
#7296=DIRECTION('ref_axis',(-1.,0.,0.));
#7297=DIRECTION('',(0.,0.,-1.));
#7298=DIRECTION('center_axis',(0.,0.,-1.));
#7299=DIRECTION('ref_axis',(0.,-1.,0.));
#7300=DIRECTION('',(0.,0.,-1.));
#7301=DIRECTION('center_axis',(1.,0.,0.));
#7302=DIRECTION('ref_axis',(0.,-1.,0.));
#7303=DIRECTION('center_axis',(0.,-1.,0.));
#7304=DIRECTION('ref_axis',(-1.,0.,0.));
#7305=DIRECTION('',(0.,0.,-1.));
#7306=DIRECTION('center_axis',(1.,9.47390624118834E-15,0.));
#7307=DIRECTION('ref_axis',(9.47390624118834E-15,-1.,0.));
#7308=DIRECTION('',(0.,0.,-1.));
#7309=DIRECTION('center_axis',(0.,0.,-1.));
#7310=DIRECTION('ref_axis',(1.,0.,0.));
#7311=DIRECTION('',(0.,0.,-1.));
#7312=DIRECTION('center_axis',(0.,1.,0.));
#7313=DIRECTION('ref_axis',(1.,0.,0.));
#7314=DIRECTION('',(0.,0.,-1.));
#7315=DIRECTION('center_axis',(0.,0.,-1.));
#7316=DIRECTION('ref_axis',(1.,0.,0.));
#7317=DIRECTION('',(0.,0.,-1.));
#7318=DIRECTION('center_axis',(1.,0.,0.));
#7319=DIRECTION('ref_axis',(0.,-1.,0.));
#7320=DIRECTION('center_axis',(1.,0.,0.));
#7321=DIRECTION('ref_axis',(0.,-1.,0.));
#7322=DIRECTION('',(0.,0.,-1.));
#7323=DIRECTION('center_axis',(0.,0.,-1.));
#7324=DIRECTION('ref_axis',(-4.44089209850062E-15,-1.,0.));
#7325=DIRECTION('',(0.,0.,-1.));
#7326=DIRECTION('center_axis',(-3.9474588065361E-15,-1.,0.));
#7327=DIRECTION('ref_axis',(-1.,3.9474588065361E-15,0.));
#7328=DIRECTION('',(0.,0.,-1.));
#7329=DIRECTION('center_axis',(0.,0.,-1.));
#7330=DIRECTION('ref_axis',(0.,-1.,0.));
#7331=DIRECTION('',(0.,0.,-1.));
#7332=DIRECTION('center_axis',(1.,0.,0.));
#7333=DIRECTION('ref_axis',(0.,-1.,0.));
#7334=DIRECTION('center_axis',(0.,-1.,0.));
#7335=DIRECTION('ref_axis',(-1.,0.,0.));
#7336=DIRECTION('',(0.,0.,-1.));
#7337=DIRECTION('center_axis',(1.,0.,0.));
#7338=DIRECTION('ref_axis',(0.,-1.,0.));
#7339=DIRECTION('',(0.,0.,-1.));
#7340=DIRECTION('center_axis',(0.,0.,-1.));
#7341=DIRECTION('ref_axis',(1.,0.,0.));
#7342=DIRECTION('',(0.,0.,-1.));
#7343=DIRECTION('center_axis',(-1.53346279732265E-15,1.,0.));
#7344=DIRECTION('ref_axis',(1.,1.53346279732265E-15,0.));
#7345=CARTESIAN_POINT('',(0.,0.,0.));
#7346=CARTESIAN_POINT('Origin',(-23.2500000000473,-38.1066454225749,30.3695787906647));
#7347=CARTESIAN_POINT('',(-29.5334360374165,-41.7234024733445,30.3695787906647));
#7348=CARTESIAN_POINT('',(-30.5000000000473,-38.1066454225749,30.3695787906647));
#7349=CARTESIAN_POINT('Origin',(-23.2500000000473,-38.1066454225749,30.3695787906647));
#7350=CARTESIAN_POINT('',(-29.5334360374165,-41.7234024733445,27.1195787906647));
#7351=CARTESIAN_POINT('',(-29.5334360374165,-41.7234024733445,30.3695787906647));
#7352=CARTESIAN_POINT('',(-30.3917338415203,-39.3548992980182,27.1195787906647));
#7353=CARTESIAN_POINT('Origin',(-23.2500000000473,-38.1066454225749,27.1195787906647));
#7354=CARTESIAN_POINT('',(-30.3917338415203,-39.3548992980182,28.8695787906647));
#7355=CARTESIAN_POINT('',(-30.3917338415203,-39.3548992980182,30.3695787906647));
#7356=CARTESIAN_POINT('',(-30.5000000000473,-38.1066454225749,28.8695787906647));
#7357=CARTESIAN_POINT('Origin',(-23.2500000000473,-38.1066454225749,28.8695787906647));
#7358=CARTESIAN_POINT('',(-30.5000000000473,-38.1066454225749,30.3695787906647));
#7359=CARTESIAN_POINT('Origin',(-23.2500000000473,-48.0340199481354,30.3695787906647));
#7360=CARTESIAN_POINT('',(-30.3917338415203,-46.7857660726922,28.8695787906647));
#7361=CARTESIAN_POINT('',(-30.5000000000473,-48.0340199481354,28.8695787906647));
#7362=CARTESIAN_POINT('Origin',(-23.2500000000473,-48.0340199481354,28.8695787906647));
#7363=CARTESIAN_POINT('',(-30.3917338415203,-46.7857660726922,27.1195787906647));
#7364=CARTESIAN_POINT('',(-30.3917338415203,-46.7857660726922,30.3695787906647));
#7365=CARTESIAN_POINT('',(-29.5334360374165,-44.4172628973659,27.1195787906647));
#7366=CARTESIAN_POINT('Origin',(-23.2500000000473,-48.0340199481354,27.1195787906647));
#7367=CARTESIAN_POINT('',(-29.5334360374165,-44.4172628973659,30.3695787906647));
#7368=CARTESIAN_POINT('',(-29.5334360374165,-44.4172628973659,30.3695787906647));
#7369=CARTESIAN_POINT('',(-30.5000000000473,-48.0340199481354,30.3695787906647));
#7370=CARTESIAN_POINT('Origin',(-23.2500000000473,-48.0340199481354,30.3695787906647));
#7371=CARTESIAN_POINT('',(-30.5000000000473,-48.0340199481354,30.3695787906647));
#7372=CARTESIAN_POINT('Origin',(-30.5000000000473,-45.6777515508584,30.3695787906647));
#7373=CARTESIAN_POINT('',(-30.5000000000473,-67.7771139222024,30.3695787906647));
#7374=CARTESIAN_POINT('',(-30.5000000000473,-67.7771139222024,30.3695787906647));
#7375=CARTESIAN_POINT('',(-30.5000000000473,-67.7771139222024,28.8695787906647));
#7376=CARTESIAN_POINT('',(-30.5000000000473,-67.7771139222024,30.3695787906647));
#7377=CARTESIAN_POINT('',(-30.5000000000473,-67.7771139222024,28.8695787906647));
#7378=CARTESIAN_POINT('Origin',(23.2499999999818,-47.0848606350888,30.3695787906647));
#7379=CARTESIAN_POINT('',(30.0795649499832,-44.6518496211984,30.3695787906647));
#7380=CARTESIAN_POINT('',(30.4999999999818,-47.0848606350888,30.3695787906647));
#7381=CARTESIAN_POINT('Origin',(23.2499999999818,-47.0848606350888,30.3695787906647));
#7382=CARTESIAN_POINT('',(30.0795649499832,-44.6518496211984,27.1195787906647));
#7383=CARTESIAN_POINT('',(30.0795649499832,-44.6518496211984,30.3695787906647));
#7384=CARTESIAN_POINT('',(30.4999999999818,-47.0848606350888,27.1195787906647));
#7385=CARTESIAN_POINT('Origin',(23.2499999999818,-47.0848606350888,27.1195787906647));
#7386=CARTESIAN_POINT('',(30.4999999999818,-47.0848606350888,30.3695787906647));
#7387=CARTESIAN_POINT('Origin',(30.4999999999818,-67.7771139222024,30.3695787906647));
#7388=CARTESIAN_POINT('',(30.4999999999818,-47.1358832777011,27.1195787906647));
#7389=CARTESIAN_POINT('',(30.4999999999818,-35.1293082702588,27.1195787906647));
#7390=CARTESIAN_POINT('',(30.4999999999818,-47.1358832777011,28.8695787906647));
#7391=CARTESIAN_POINT('',(30.4999999999818,-47.1358832777011,30.3695787906647));
#7392=CARTESIAN_POINT('',(30.4999999999818,-67.7771139222024,28.8695787906647));
#7393=CARTESIAN_POINT('',(30.4999999999818,-45.6545388779666,28.8695787906647));
#7394=CARTESIAN_POINT('',(30.4999999999818,-67.7771139222024,30.3695787906647));
#7395=CARTESIAN_POINT('',(30.4999999999818,-67.7771139222024,30.3695787906647));
#7396=CARTESIAN_POINT('',(30.4999999999818,-45.6545388779666,30.3695787906647));
#7397=CARTESIAN_POINT('Origin',(32.6229891382596,-43.745762760853,30.3695787906647));
#7398=CARTESIAN_POINT('',(30.3729891382596,-43.745762760853,30.3695787906647));
#7399=CARTESIAN_POINT('Origin',(32.6229891382596,-43.745762760853,30.3695787906647));
#7400=CARTESIAN_POINT('',(30.3729891382596,-43.745762760853,27.1195787906647));
#7401=CARTESIAN_POINT('',(30.3729891382596,-43.745762760853,30.3695787906647));
#7402=CARTESIAN_POINT('Origin',(32.6229891382596,-43.745762760853,27.1195787906647));
#7403=CARTESIAN_POINT('Origin',(31.7381233804369,-128.241129572239,30.3695787906647));
#7404=CARTESIAN_POINT('',(29.4881233804369,-128.241129572239,30.3695787906647));
#7405=CARTESIAN_POINT('Origin',(31.7381233804369,-128.241129572239,30.3695787906647));
#7406=CARTESIAN_POINT('',(29.4881233804369,-128.241129572239,27.1195787906647));
#7407=CARTESIAN_POINT('',(29.4881233804369,-128.241129572239,30.3695787906647));
#7408=CARTESIAN_POINT('Origin',(31.7381233804369,-128.241129572239,27.1195787906647));
#7409=CARTESIAN_POINT('Origin',(-31.873474285816,-43.0703326853552,30.3695787906647));
#7410=CARTESIAN_POINT('',(-34.123474285816,-43.0703326853552,30.3695787906647));
#7411=CARTESIAN_POINT('Origin',(-31.873474285816,-43.0703326853552,30.3695787906647));
#7412=CARTESIAN_POINT('',(-34.123474285816,-43.0703326853552,27.1195787906647));
#7413=CARTESIAN_POINT('',(-34.123474285816,-43.0703326853552,30.3695787906647));
#7414=CARTESIAN_POINT('Origin',(-31.873474285816,-43.0703326853552,27.1195787906647));
#7415=CARTESIAN_POINT('Origin',(-32.7583400436388,-127.565699496741,30.3695787906647));
#7416=CARTESIAN_POINT('',(-35.4583400436388,-127.565699496741,30.3695787906647));
#7417=CARTESIAN_POINT('Origin',(-32.7583400436388,-127.565699496741,30.3695787906647));
#7418=CARTESIAN_POINT('',(-35.4583400436388,-127.565699496741,27.1195787906647));
#7419=CARTESIAN_POINT('',(-35.4583400436388,-127.565699496741,30.3695787906647));
#7420=CARTESIAN_POINT('Origin',(-32.7583400436388,-127.565699496741,27.1195787906647));
#7421=CARTESIAN_POINT('Origin',(31.7381233804369,-128.241129572239,30.3695787906647));
#7422=CARTESIAN_POINT('',(35.6730684575792,-127.52265399633,28.7274429397968));
#7423=CARTESIAN_POINT('',(35.6730684529066,-127.522653910406,27.1195787906647));
#7424=CARTESIAN_POINT('',(35.6730684529066,-127.522653910406,30.3695787906647));
#7425=CARTESIAN_POINT('',(34.9325680732727,-130.648518843714,28.8695787906647));
#7426=CARTESIAN_POINT('Ctrl Pts',(34.9325680732727,-130.648518843714,28.8695787906647));
#7427=CARTESIAN_POINT('Ctrl Pts',(35.1559795748483,-130.352066710283,28.8695787906647));
#7428=CARTESIAN_POINT('Ctrl Pts',(35.3446442664665,-130.013224664505,28.8317365768906));
#7429=CARTESIAN_POINT('Ctrl Pts',(35.6529801521685,-129.196661100508,28.743951398471));
#7430=CARTESIAN_POINT('Ctrl Pts',(35.7381233804369,-128.704550856448,28.7001744989246));
#7431=CARTESIAN_POINT('Ctrl Pts',(35.7381233804369,-128.006343210764,28.7001744989246));
#7432=CARTESIAN_POINT('Ctrl Pts',(35.7171220553421,-127.763926560024,28.7098842207719));
#7433=CARTESIAN_POINT('Ctrl Pts',(35.6730684681313,-127.522653993788,28.7274429313419));
#7434=CARTESIAN_POINT('',(27.7387106664394,-128.309671115227,28.8695787906647));
#7435=CARTESIAN_POINT('Origin',(31.7381233804369,-128.241129572239,28.8695787906647));
#7436=CARTESIAN_POINT('',(27.7387106664394,-128.309671115227,30.3695787906647));
#7437=CARTESIAN_POINT('',(27.7387106664394,-128.309671115227,30.3695787906647));
#7438=CARTESIAN_POINT('',(27.7473794748406,-127.96916803094,30.3695787906647));
#7439=CARTESIAN_POINT('Origin',(31.7381233804369,-128.241129572239,30.3695787906647));
#7440=CARTESIAN_POINT('',(27.7473794748406,-127.96916803094,27.1195787906647));
#7441=CARTESIAN_POINT('',(27.7473794748406,-127.96916803094,30.3695787906647));
#7442=CARTESIAN_POINT('Origin',(31.7381233804369,-128.241129572239,27.1195787906647));
#7443=CARTESIAN_POINT('Origin',(32.6229891382596,-43.745762760853,30.3695787906647));
#7444=CARTESIAN_POINT('',(30.0159969124727,-43.0432020626309,30.3695787906647));
#7445=CARTESIAN_POINT('Origin',(32.6229891382596,-43.745762760853,30.3695787906647));
#7446=CARTESIAN_POINT('',(30.0159969124727,-43.0432020626309,27.1195787906647));
#7447=CARTESIAN_POINT('',(30.0159969124727,-43.0432020626309,30.3695787906647));
#7448=CARTESIAN_POINT('Origin',(32.6229891382596,-43.745762760853,27.1195787906647));
#7449=CARTESIAN_POINT('Origin',(32.6229891382596,-43.745762760853,30.3695787906647));
#7450=CARTESIAN_POINT('',(36.6144455460933,-43.484466483279,27.9518394645729));
#7451=CARTESIAN_POINT('',(36.6144455460744,-43.4844664835851,27.1195787906647));
#7452=CARTESIAN_POINT('',(36.6144455460744,-43.4844664835851,30.3695787906647));
#7453=CARTESIAN_POINT('',(34.9325680732727,-47.0116233125214,28.8695787906647));
#7454=CARTESIAN_POINT('Ctrl Pts',(34.9325680732727,-47.0116233125214,28.8695787906647));
#7455=CARTESIAN_POINT('Ctrl Pts',(35.0212230220494,-46.9489275547143,28.8695787906647));
#7456=CARTESIAN_POINT('Ctrl Pts',(35.1057120785851,-46.8836628126719,28.8636236814357));
#7457=CARTESIAN_POINT('Ctrl Pts',(35.6456594582285,-46.4336878579724,28.7952589218296));
#7458=CARTESIAN_POINT('Ctrl Pts',(36.0049215531061,-45.9580803977656,28.5884387334665));
#7459=CARTESIAN_POINT('Ctrl Pts',(36.3700171400802,-45.174997202225,28.2695295259268));
#7460=CARTESIAN_POINT('Ctrl Pts',(36.4628411816655,-44.9028547337686,28.1615508892187));
#7461=CARTESIAN_POINT('Ctrl Pts',(36.589192409052,-44.339527844261,27.9949781324008));
#7462=CARTESIAN_POINT('Ctrl Pts',(36.6229891382596,-44.047796280709,27.9384457716536));
#7463=CARTESIAN_POINT('Ctrl Pts',(36.6229891382596,-43.6577997318817,27.9384457716536));
#7464=CARTESIAN_POINT('Ctrl Pts',(36.6200903826545,-43.5706947274346,27.9430671571127));
#7465=CARTESIAN_POINT('Ctrl Pts',(36.6144455460554,-43.4844664832936,27.9518394646921));
#7466=CARTESIAN_POINT('Origin',(32.6229891382596,-43.745762760853,28.8695787906647));
#7467=CARTESIAN_POINT('Origin',(32.6229891382596,-43.745762760853,27.1195787906647));
#7468=CARTESIAN_POINT('Origin',(-32.7583400436388,-127.565699496741,30.3695787906647));
#7469=CARTESIAN_POINT('',(-31.0276307592928,-131.171894912006,28.8695787906647));
#7470=CARTESIAN_POINT('',(-31.0276307592928,-131.171894912006,27.1195787906647));
#7471=CARTESIAN_POINT('',(-31.0276307592928,-131.171894912006,30.3695787906647));
#7472=CARTESIAN_POINT('',(-35.067431926703,-130.831904431458,28.8695787906647));
#7473=CARTESIAN_POINT('Origin',(-32.7583400436388,-127.565699496741,28.8695787906647));
#7474=CARTESIAN_POINT('',(-35.067431926703,-124.299494562024,28.8695787906647));
#7475=CARTESIAN_POINT('Ctrl Pts',(-35.067431926703,-124.299494562024,28.8695787906647));
#7476=CARTESIAN_POINT('Ctrl Pts',(-35.1561628262714,-124.362224183731,28.8695787906647));
#7477=CARTESIAN_POINT('Ctrl Pts',(-35.2407234940528,-124.427528496636,28.863613376955));
#7478=CARTESIAN_POINT('Ctrl Pts',(-35.780856527587,-124.877575562367,28.7951671150396));
#7479=CARTESIAN_POINT('Ctrl Pts',(-36.1401730476693,-125.353219270976,28.5882208513101));
#7480=CARTESIAN_POINT('Ctrl Pts',(-36.5053234327277,-126.136344062989,28.2690825201238));
#7481=CARTESIAN_POINT('Ctrl Pts',(-36.5981595597123,-126.408495331707,28.1610180749322));
#7482=CARTESIAN_POINT('Ctrl Pts',(-36.7245322692644,-126.971852352288,27.994283707013));
#7483=CARTESIAN_POINT('Ctrl Pts',(-36.7583400436388,-127.263605299822,27.9376751065842));
#7484=CARTESIAN_POINT('Ctrl Pts',(-36.7583400436388,-127.86779369366,27.9376751065842));
#7485=CARTESIAN_POINT('Ctrl Pts',(-36.7245322692644,-128.159546641194,27.994283707013));
#7486=CARTESIAN_POINT('Ctrl Pts',(-36.5981595597123,-128.722903661775,28.1610180749322));
#7487=CARTESIAN_POINT('Ctrl Pts',(-36.5053234327276,-128.995054930493,28.2690825201238));
#7488=CARTESIAN_POINT('Ctrl Pts',(-36.1401730476693,-129.778179722506,28.5882208513101));
#7489=CARTESIAN_POINT('Ctrl Pts',(-35.780856527587,-130.253823431115,28.7951671150396));
#7490=CARTESIAN_POINT('Ctrl Pts',(-35.2407234940527,-130.703870496845,28.863613376955));
#7491=CARTESIAN_POINT('Ctrl Pts',(-35.1561628262714,-130.769174809751,28.8695787906647));
#7492=CARTESIAN_POINT('Ctrl Pts',(-35.067431926703,-130.831904431458,28.8695787906647));
#7493=CARTESIAN_POINT('',(-33.5483847370358,-123.644496953842,28.8695787906647));
#7494=CARTESIAN_POINT('Origin',(-32.7583400436388,-127.565699496741,28.8695787906647));
#7495=CARTESIAN_POINT('',(-33.5483847370358,-123.644496953842,27.1195787906647));
#7496=CARTESIAN_POINT('',(-33.5483847370358,-123.644496953842,30.3695787906647));
#7497=CARTESIAN_POINT('Origin',(-32.7583400436388,-127.565699496741,27.1195787906647));
#7498=CARTESIAN_POINT('Origin',(-31.873474285816,-43.0703326853552,30.3695787906647));
#7499=CARTESIAN_POINT('Origin',(-31.873474285816,-43.0703326853552,30.3695787906647));
#7500=CARTESIAN_POINT('Origin',(-31.873474285816,-43.0703326853552,27.1195787906647));
#7501=CARTESIAN_POINT('Origin',(-31.873474285816,-43.0703326853552,30.3695787906647));
#7502=CARTESIAN_POINT('',(-31.072953952651,-39.151255345446,28.8695787906647));
#7503=CARTESIAN_POINT('',(-31.072953952651,-39.151255345446,27.1195787906647));
#7504=CARTESIAN_POINT('',(-31.072953952651,-39.151255345446,30.3695787906647));
#7505=CARTESIAN_POINT('Origin',(-31.873474285816,-43.0703326853552,28.8695787906647));
#7506=CARTESIAN_POINT('Origin',(-31.873474285816,-43.0703326853552,27.1195787906647));
#7507=CARTESIAN_POINT('Origin',(-31.873474285816,-43.0703326853552,30.3695787906647));
#7508=CARTESIAN_POINT('',(-33.6181957858547,-46.6697697090163,28.8695787906647));
#7509=CARTESIAN_POINT('Origin',(-31.873474285816,-43.0703326853552,28.8695787906647));
#7510=CARTESIAN_POINT('',(-33.6181957858547,-46.6697697090163,27.1195787906647));
#7511=CARTESIAN_POINT('',(-33.6181957858547,-46.6697697090163,30.3695787906647));
#7512=CARTESIAN_POINT('Origin',(-31.873474285816,-43.0703326853552,27.1195787906647));
#7513=CARTESIAN_POINT('Origin',(31.6823245473103,-127.250692369107,27.1195787906647));
#7514=CARTESIAN_POINT('Origin',(31.6823245473103,-127.250692369107,27.1195787906647));
#7515=CARTESIAN_POINT('Origin',(33.3411622736551,-42.7506923691072,27.1195787906647));
#7516=CARTESIAN_POINT('',(30.1544704147256,-41.8535756200278,27.1195787906647));
#7517=CARTESIAN_POINT('Origin',(32.6823245473103,-42.7506923691072,27.1195787906647));
#7518=CARTESIAN_POINT('',(30.4999999999818,-39.8468458602478,27.1195787906647));
#7519=CARTESIAN_POINT('Origin',(24.4999999999818,-39.8468458602478,27.1195787906647));
#7520=CARTESIAN_POINT('',(30.4999999999818,-39.3984603410209,27.1195787906647));
#7521=CARTESIAN_POINT('',(30.4999999999818,-39.8468458602478,27.1195787906647));
#7522=CARTESIAN_POINT('Origin',(32.6823245473103,-42.7506923691072,27.1195787906647));
#7523=CARTESIAN_POINT('Origin',(32.6823245473103,-42.7506923691072,28.8695787906647));
#7524=CARTESIAN_POINT('',(30.4999999999818,-39.3984603410209,28.8695787906647));
#7525=CARTESIAN_POINT('',(30.4999999999818,-39.3984603410209,28.8695787906647));
#7526=CARTESIAN_POINT('',(34.9325680732727,-39.4436689228849,28.8695787906647));
#7527=CARTESIAN_POINT('Origin',(32.6823245473103,-42.7506923691072,28.8695787906647));
#7528=CARTESIAN_POINT('Ctrl Pts',(36.6144455461321,-43.4844664832764,27.9518394645729));
#7529=CARTESIAN_POINT('Ctrl Pts',(36.6584403916165,-43.2487085675519,27.8834696703763));
#7530=CARTESIAN_POINT('Ctrl Pts',(36.6823245473103,-43.0051075384972,27.8382646435414));
#7531=CARTESIAN_POINT('Ctrl Pts',(36.6823245473103,-42.4407774722362,27.8382646435414));
#7532=CARTESIAN_POINT('Ctrl Pts',(36.6471458906658,-42.1469174318597,27.9055404184905));
#7533=CARTESIAN_POINT('Ctrl Pts',(36.5183403287385,-41.5805055952111,28.0936369407675));
#7534=CARTESIAN_POINT('Ctrl Pts',(36.4241790234678,-41.3074895092667,28.2126888070182));
#7535=CARTESIAN_POINT('Ctrl Pts',(36.0526007024004,-40.5193830380767,28.5609496865516));
#7536=CARTESIAN_POINT('Ctrl Pts',(35.6867135321723,-40.0389786146681,28.7837196979337));
#7537=CARTESIAN_POINT('Ctrl Pts',(35.1234624870381,-39.580043401681,28.8623194917825));
#7538=CARTESIAN_POINT('Ctrl Pts',(35.030351960388,-39.5102053604103,28.8695787906647));
#7539=CARTESIAN_POINT('Ctrl Pts',(34.9325680732727,-39.4436689228849,28.8695787906647));
#7540=CARTESIAN_POINT('Origin',(-31.8176754526897,-127.250692369107,27.1195787906647));
#7541=CARTESIAN_POINT('Origin',(-31.8176754526897,-127.250692369107,27.1195787906647));
#7542=CARTESIAN_POINT('Origin',(-30.5000000000473,-26.1834824228057,30.3695787906647));
#7543=CARTESIAN_POINT('',(-30.5000000000473,-35.7145589019725,28.8695787906647));
#7544=CARTESIAN_POINT('',(-30.5000000000473,-39.823633187356,28.8695787906647));
#7545=CARTESIAN_POINT('',(-30.5000000000473,-32.2504572868347,26.8695787906647));
#7546=CARTESIAN_POINT('Ctrl Pts',(-30.5000000000473,-32.2504572868347,26.8695787906647));
#7547=CARTESIAN_POINT('Ctrl Pts',(-30.5000000000473,-32.5275555089157,27.1466770127456));
#7548=CARTESIAN_POINT('Ctrl Pts',(-30.5000000000473,-32.8320079587977,27.4522607653768));
#7549=CARTESIAN_POINT('Ctrl Pts',(-30.5000000000473,-33.4801702091364,28.0117012541112));
#7550=CARTESIAN_POINT('Ctrl Pts',(-30.5000000000473,-33.8259754004735,28.2631256851016));
#7551=CARTESIAN_POINT('Ctrl Pts',(-30.5000000000473,-34.3954826014203,28.5696409690151));
#7552=CARTESIAN_POINT('Ctrl Pts',(-30.5000000000473,-34.652340220986,28.6804165289511));
#7553=CARTESIAN_POINT('Ctrl Pts',(-30.5000000000473,-35.1843593386943,28.8306701344019));
#7554=CARTESIAN_POINT('Ctrl Pts',(-30.5000000000473,-35.4596814800969,28.8695787906647));
#7555=CARTESIAN_POINT('Ctrl Pts',(-30.5000000000473,-35.7145589019725,28.8695787906647));
#7556=CARTESIAN_POINT('',(-30.5000000000473,-32.2504572868347,19.5584766864777));
#7557=CARTESIAN_POINT('',(-30.5000000000473,-32.2504572868347,30.3695787906647));
#7558=CARTESIAN_POINT('',(-30.5000000000473,-32.2409734117433,19.5226487139103));
#7559=CARTESIAN_POINT('',(-30.5000000000473,-33.7015059249338,25.040215985963));
#7560=CARTESIAN_POINT('',(-30.5000000000473,-32.2409734117433,30.3695787906647));
#7561=CARTESIAN_POINT('',(-30.5000000000473,-32.2409734117433,30.3695787906647));
#7562=CARTESIAN_POINT('',(-30.5000000000473,-32.2504572868347,30.3695787906647));
#7563=CARTESIAN_POINT('Origin',(-0.0751732708287101,-85.5005134087262,30.3695787906647));
#7564=CARTESIAN_POINT('',(29.4999999999818,-68.7771139222024,30.3695787906647));
#7565=CARTESIAN_POINT('Origin',(29.4999999999818,-67.7771139222024,30.3695787906647));
#7566=CARTESIAN_POINT('',(-29.5000000000473,-68.7771139222024,30.3695787906647));
#7567=CARTESIAN_POINT('',(29.4999999999818,-68.7771139222024,30.3695787906647));
#7568=CARTESIAN_POINT('Origin',(-29.5000000000473,-67.7771139222024,30.3695787906647));
#7569=CARTESIAN_POINT('',(-30.100424421709,-30.745048003434,30.3695787906647));
#7570=CARTESIAN_POINT('Origin',(-27.5000000000473,-32.2409734117433,30.3695787906647));
#7571=CARTESIAN_POINT('',(-37.5674088596102,-28.7950333787031,30.3695787906647));
#7572=CARTESIAN_POINT('Origin',(-33.5676569839246,-28.750480792355,30.3695787906647));
#7573=CARTESIAN_POINT('',(-40.5670776345706,-31.7504549026489,30.3695787906647));
#7574=CARTESIAN_POINT('Origin',(-40.5670776345706,-28.7504549026489,30.3695787906647));
#7575=CARTESIAN_POINT('',(-51.0827449680638,-31.7504535630167,30.3695787906647));
#7576=CARTESIAN_POINT('',(-30.5000000000473,-31.7504549026489,30.3695787906647));
#7577=CARTESIAN_POINT('',(-53.0827449680638,-33.7504535630167,30.3695787906647));
#7578=CARTESIAN_POINT('Origin',(-51.0827449680638,-33.7504535630167,30.3695787906647));
#7579=CARTESIAN_POINT('',(-53.0827449680638,-37.5004489308852,30.3695787906647));
#7580=CARTESIAN_POINT('',(-53.0827449680638,-33.7504535630167,30.3695787906647));
#7581=CARTESIAN_POINT('',(-40.0827478290868,-37.5004489308852,30.3695787906647));
#7582=CARTESIAN_POINT('',(-53.0827449680638,-37.5004489308852,30.3695787906647));
#7583=CARTESIAN_POINT('',(-40.0827478290868,-61.0004718190688,30.3695787906647));
#7584=CARTESIAN_POINT('',(-40.0827478290868,-73.2504926138975,30.3695787906647));
#7585=CARTESIAN_POINT('',(-53.0827449680638,-61.0004718190688,30.3695787906647));
#7586=CARTESIAN_POINT('',(-26.5789591194463,-61.0004718190688,30.3695787906647));
#7587=CARTESIAN_POINT('',(-53.0827449680638,-64.750445388667,30.3695787906647));
#7588=CARTESIAN_POINT('',(-53.0827449680638,-61.0004718190688,30.3695787906647));
#7589=CARTESIAN_POINT('',(-51.0827449680638,-66.750445388667,30.3695787906647));
#7590=CARTESIAN_POINT('Origin',(-51.0827449680638,-64.750445388667,30.3695787906647));
#7591=CARTESIAN_POINT('',(-42.0827478290868,-66.750445388667,30.3695787906647));
#7592=CARTESIAN_POINT('',(-51.0827449680638,-66.750445388667,30.3695787906647));
#7593=CARTESIAN_POINT('',(-40.0827478290868,-68.750445388667,30.3695787906647));
#7594=CARTESIAN_POINT('Origin',(-42.0827478290868,-68.750445388667,30.3695787906647));
#7595=CARTESIAN_POINT('',(-40.0827478290868,-81.5337780895941,30.3695787906647));
#7596=CARTESIAN_POINT('',(-40.0827478290868,-68.750445388667,30.3695787906647));
#7597=CARTESIAN_POINT('',(-40.0827478290868,-89.4671665172633,30.3695787906647));
#7598=CARTESIAN_POINT('Origin',(-39.5676390891773,-85.5004723034287,30.3695787906647));
#7599=CARTESIAN_POINT('',(-40.0827478290868,-104.250454925409,30.3695787906647));
#7600=CARTESIAN_POINT('',(-40.0827478290868,-89.4671665172633,30.3695787906647));
#7601=CARTESIAN_POINT('',(-51.0827449680638,-104.250454925409,30.3695787906647));
#7602=CARTESIAN_POINT('',(-40.0827478290868,-104.250454925409,30.3695787906647));
#7603=CARTESIAN_POINT('',(-53.0827449680638,-106.250454925409,30.3695787906647));
#7604=CARTESIAN_POINT('Origin',(-51.0827449680638,-106.250454925409,30.3695787906647));
#7605=CARTESIAN_POINT('',(-53.0827449680638,-110.000453699257,30.3695787906647));
#7606=CARTESIAN_POINT('',(-53.0827449680638,-106.250454925409,30.3695787906647));
#7607=CARTESIAN_POINT('',(-40.0827478290868,-110.000453699257,30.3695787906647));
#7608=CARTESIAN_POINT('',(-53.0827449680638,-110.000453699257,30.3695787906647));
#7609=CARTESIAN_POINT('',(-40.0827478290868,-133.500454946367,30.3695787906647));
#7610=CARTESIAN_POINT('',(-40.0827478290868,-109.500484177546,30.3695787906647));
#7611=CARTESIAN_POINT('',(-42.0827456282994,-133.500454946367,30.3695787906647));
#7612=CARTESIAN_POINT('',(-26.5789591194463,-133.500454946367,30.3695787906647));
#7613=CARTESIAN_POINT('',(-53.0827449680638,-133.500467050697,30.3695787906647));
#7614=CARTESIAN_POINT('',(-42.0827456282994,-133.500454946367,30.3695787906647));
#7615=CARTESIAN_POINT('',(-53.0827449680638,-137.250452881822,30.3695787906647));
#7616=CARTESIAN_POINT('',(-53.0827449680638,-133.500467050697,30.3695787906647));
#7617=CARTESIAN_POINT('',(-51.0827449680638,-139.250452881822,30.3695787906647));
#7618=CARTESIAN_POINT('Origin',(-51.0827449680638,-137.250452881822,30.3695787906647));
#7619=CARTESIAN_POINT('',(-40.5674088595546,-139.250452881822,30.3695787906647));
#7620=CARTESIAN_POINT('',(-51.0827449680638,-139.250452881822,30.3695787906647));
#7621=CARTESIAN_POINT('',(-37.5674088596101,-142.250434627556,30.3695787906647));
#7622=CARTESIAN_POINT('Origin',(-40.5674088595546,-142.250452881822,30.3695787906647));
#7623=CARTESIAN_POINT('',(-37.2910763933905,-143.711317613418,30.3695787906647));
#7624=CARTESIAN_POINT('Origin',(-33.5676277978521,-142.250434627556,30.3695787906647));
#7625=CARTESIAN_POINT('',(-29.5678467360941,-142.18744010747,30.3695787906647));
#7626=CARTESIAN_POINT('Origin',(-33.5673489105104,-142.250546025098,30.3695787906647));
#7627=CARTESIAN_POINT('',(-26.5685085784809,-139.250452923231,30.3695787906647));
#7628=CARTESIAN_POINT('Origin',(-26.5685085782583,-142.250452923231,30.3695787906647));
#7629=CARTESIAN_POINT('',(-15.565069116354,-139.250452922415,30.3695787906647));
#7630=CARTESIAN_POINT('',(-40.6685334886181,-139.250452924277,30.3695787906647));
#7631=CARTESIAN_POINT('',(-9.56506911827733,-139.25045292197,30.3695787906647));
#7632=CARTESIAN_POINT('',(-40.6685334886181,-139.250452924277,30.3695787906647));
#7633=CARTESIAN_POINT('',(-3.56506912064583,-139.250452921524,30.3695787906647));
#7634=CARTESIAN_POINT('',(-40.6685334886181,-139.250452924277,30.3695787906647));
#7635=CARTESIAN_POINT('',(3.42975474488133,-139.250452921006,30.3695787906647));
#7636=CARTESIAN_POINT('',(-40.6685334886181,-139.250452924277,30.3695787906647));
#7637=CARTESIAN_POINT('',(9.42975474295797,-139.25045292056,30.3695787906647));
#7638=CARTESIAN_POINT('',(-40.6685334886181,-139.250452924277,30.3695787906647));
#7639=CARTESIAN_POINT('',(15.4297547405895,-139.250452920115,30.3695787906647));
#7640=CARTESIAN_POINT('',(-40.6685334886181,-139.250452924277,30.3695787906647));
#7641=CARTESIAN_POINT('',(26.4324080549773,-139.250452919299,30.3695787906647));
#7642=CARTESIAN_POINT('',(-40.6685334886181,-139.250452924277,30.3695787906647));
#7643=CARTESIAN_POINT('',(29.4324080551475,-142.250435186497,30.3695787906647));
#7644=CARTESIAN_POINT('Origin',(26.4324080551999,-142.250452919299,30.3695787906647));
#7645=CARTESIAN_POINT('',(37.4324080551475,-142.250435186497,30.3695787906647));
#7646=CARTESIAN_POINT('Origin',(33.4324080551475,-142.250435186497,30.3695787906647));
#7647=CARTESIAN_POINT('',(40.4324080550953,-139.250452881822,30.3695787906647));
#7648=CARTESIAN_POINT('Origin',(40.4324080550953,-142.250452881822,30.3695787906647));
#7649=CARTESIAN_POINT('',(50.9323984264064,-139.250452881822,30.3695787906647));
#7650=CARTESIAN_POINT('',(-29.5678467360941,-139.250452881822,30.3695787906647));
#7651=CARTESIAN_POINT('',(52.9323984264064,-137.250452881822,30.3695787906647));
#7652=CARTESIAN_POINT('Origin',(50.9323984264064,-137.250452881822,30.3695787906647));
#7653=CARTESIAN_POINT('',(52.9323984264064,-133.500467050697,30.3695787906647));
#7654=CARTESIAN_POINT('',(52.9323984264064,-137.250452881822,30.3695787906647));
#7655=CARTESIAN_POINT('',(39.9323965190577,-133.500467050697,30.3695787906647));
#7656=CARTESIAN_POINT('',(19.9286116241145,-133.500467050697,30.3695787906647));
#7657=CARTESIAN_POINT('',(39.9323965190577,-110.000453699257,30.3695787906647));
#7658=CARTESIAN_POINT('',(39.9323965190577,-97.7504835539915,30.3695787906647));
#7659=CARTESIAN_POINT('',(52.9323984264064,-110.000453699257,30.3695787906647));
#7660=CARTESIAN_POINT('',(26.4286125777888,-110.000453699257,30.3695787906647));
#7661=CARTESIAN_POINT('',(52.9323984264064,-106.250454925409,30.3695787906647));
#7662=CARTESIAN_POINT('',(52.9323984264064,-110.000453699257,30.3695787906647));
#7663=CARTESIAN_POINT('',(50.9323984264064,-104.250454925409,30.3695787906647));
#7664=CARTESIAN_POINT('Origin',(50.9323984264064,-106.250454925409,30.3695787906647));
#7665=CARTESIAN_POINT('',(41.9323965190577,-104.250454925409,30.3695787906647));
#7666=CARTESIAN_POINT('',(50.9323984264064,-104.250454925409,30.3695787906647));
#7667=CARTESIAN_POINT('',(39.9323965190577,-102.250454925409,30.3695787906647));
#7668=CARTESIAN_POINT('Origin',(41.9323965190577,-102.250454925409,30.3695787906647));
#7669=CARTESIAN_POINT('',(39.9323965190577,-89.4689830278591,30.3695787906647));
#7670=CARTESIAN_POINT('',(39.9323965190577,-102.250454925409,30.3695787906647));
#7671=CARTESIAN_POINT('',(39.9323965190577,-81.5317856079269,30.3695787906647));
#7672=CARTESIAN_POINT('Origin',(39.4321722900806,-85.500384317893,30.3695787906647));
#7673=CARTESIAN_POINT('',(39.9323965190577,-68.750445388667,30.3695787906647));
#7674=CARTESIAN_POINT('',(39.9323965190577,-81.5317856079269,30.3695787906647));
#7675=CARTESIAN_POINT('',(41.9323965190578,-66.750445388667,30.3695787906647));
#7676=CARTESIAN_POINT('Origin',(41.9323965190577,-68.750445388667,30.3695787906647));
#7677=CARTESIAN_POINT('',(50.9323984264064,-66.750445388667,30.3695787906647));
#7678=CARTESIAN_POINT('',(41.9323965190578,-66.750445388667,30.3695787906647));
#7679=CARTESIAN_POINT('',(52.9323984264064,-64.750445388667,30.3695787906647));
#7680=CARTESIAN_POINT('Origin',(50.9323984264064,-64.750445388667,30.3695787906647));
#7681=CARTESIAN_POINT('',(52.9323984264064,-61.0004718190688,30.3695787906647));
#7682=CARTESIAN_POINT('',(52.9323984264064,-64.750445388667,30.3695787906647));
#7683=CARTESIAN_POINT('',(39.9323965190577,-61.0004718190688,30.3695787906647));
#7684=CARTESIAN_POINT('',(19.9286116241145,-61.0004718190688,30.3695787906647));
#7685=CARTESIAN_POINT('',(39.9323965190577,-37.5004489308852,30.3695787906647));
#7686=CARTESIAN_POINT('',(39.9323965190577,-61.5004811698057,30.3695787906647));
#7687=CARTESIAN_POINT('',(52.9323984264064,-37.5004489308852,30.3695787906647));
#7688=CARTESIAN_POINT('',(26.4286125777888,-37.5004489308852,30.3695787906647));
#7689=CARTESIAN_POINT('',(52.9323984264064,-33.7504535630167,30.3695787906647));
#7690=CARTESIAN_POINT('',(52.9323984264064,-37.5004489308852,30.3695787906647));
#7691=CARTESIAN_POINT('',(50.9323984264064,-31.7504535630167,30.3695787906647));
#7692=CARTESIAN_POINT('Origin',(50.9323984264064,-33.7504535630167,30.3695787906647));
#7693=CARTESIAN_POINT('',(40.4322768513794,-31.7504535630167,30.3695787906647));
#7694=CARTESIAN_POINT('',(50.9323984264064,-31.7504535630167,30.3695787906647));
#7695=CARTESIAN_POINT('',(37.4322768924727,-28.7509501106589,30.3695787906647));
#7696=CARTESIAN_POINT('Origin',(40.4322768513794,-28.7504535630167,30.3695787906647));
#7697=CARTESIAN_POINT('',(30.0424043824779,-30.874335230222,30.3695787906647));
#7698=CARTESIAN_POINT('Origin',(33.4322768924726,-28.7509501106589,30.3695787906647));
#7699=CARTESIAN_POINT('',(30.4999999999818,-32.4668740698942,30.3695787906647));
#7700=CARTESIAN_POINT('Origin',(27.4999999999818,-32.4668740698942,30.3695787906647));
#7701=CARTESIAN_POINT('',(30.4999999999818,-39.8468458602478,30.3695787906647));
#7702=CARTESIAN_POINT('',(30.4999999999818,-26.0303339624741,30.3695787906647));
#7703=CARTESIAN_POINT('',(30.1544704147256,-41.8535756200278,30.3695787906647));
#7704=CARTESIAN_POINT('Origin',(24.4999999999818,-39.8468458602478,30.3695787906647));
#7705=CARTESIAN_POINT('Origin',(32.6823245473103,-42.7506923691072,30.3695787906647));
#7706=CARTESIAN_POINT('',(-31.5676569839246,-28.750480792355,30.3695787906647));
#7707=CARTESIAN_POINT('Origin',(-33.5676569839246,-28.750480792355,30.3695787906647));
#7708=CARTESIAN_POINT('',(35.4322768924726,-28.7509501106589,30.3695787906647));
#7709=CARTESIAN_POINT('Origin',(33.4322768924726,-28.7509501106589,30.3695787906647));
#7710=CARTESIAN_POINT('',(34.9325680732727,-105.766600913932,30.3695787906647));
#7711=CARTESIAN_POINT('',(34.9325680732727,-113.734318428109,30.3695787906647));
#7712=CARTESIAN_POINT('',(34.9325680732727,-105.766600913932,30.3695787906647));
#7713=CARTESIAN_POINT('Origin',(34.5735842246503,-109.750459671021,30.3695787906647));
#7714=CARTESIAN_POINT('',(34.9325680732727,-115.766600913932,30.3695787906647));
#7715=CARTESIAN_POINT('',(34.9325680732727,-123.734318428109,30.3695787906647));
#7716=CARTESIAN_POINT('',(34.9325680732727,-115.766600913932,30.3695787906647));
#7717=CARTESIAN_POINT('Origin',(34.5735842246503,-119.750459671021,30.3695787906647));
#7718=CARTESIAN_POINT('',(29.7813144852365,-123.731294587683,30.3695787906647));
#7719=CARTESIAN_POINT('Origin',(25.9133301868059,-124.750459671021,30.3695787906647));
#7720=CARTESIAN_POINT('Origin',(31.6823245473103,-127.250692369107,30.3695787906647));
#7721=CARTESIAN_POINT('',(-35.0674319267273,-123.734318428109,30.3695787906647));
#7722=CARTESIAN_POINT('',(-35.0674319267273,-115.766600913932,30.3695787906647));
#7723=CARTESIAN_POINT('',(-35.0674319267273,-123.734318428109,30.3695787906647));
#7724=CARTESIAN_POINT('Origin',(-34.7084480781049,-119.750459671021,30.3695787906647));
#7725=CARTESIAN_POINT('',(-27.9496304706694,-128.269627115334,30.3695787906647));
#7726=CARTESIAN_POINT('',(-29.9162390222808,-123.731524924794,30.3695787906647));
#7727=CARTESIAN_POINT('Origin',(-31.8176754526897,-127.250692369107,30.3695787906647));
#7728=CARTESIAN_POINT('Origin',(-26.0481940402605,-124.750459671021,30.3695787906647));
#7729=CARTESIAN_POINT('',(-22.0481940402605,-134.750459671021,30.3695787906647));
#7730=CARTESIAN_POINT('',(-30.0481940402605,-134.750459671021,30.3695787906647));
#7731=CARTESIAN_POINT('',(-22.0481940402605,-134.750459671021,30.3695787906647));
#7732=CARTESIAN_POINT('Origin',(-26.0481940402605,-134.750459671021,30.3695787906647));
#7733=CARTESIAN_POINT('',(34.9325680732727,-75.7666009139323,30.3695787906647));
#7734=CARTESIAN_POINT('',(34.9325680732727,-83.7343184281087,30.3695787906647));
#7735=CARTESIAN_POINT('',(34.9325680732727,-75.7666009139323,30.3695787906647));
#7736=CARTESIAN_POINT('Origin',(34.5735842246503,-79.7504596710205,30.3695787906647));
#7737=CARTESIAN_POINT('',(-35.0674319267273,-93.7343184281087,30.3695787906647));
#7738=CARTESIAN_POINT('',(-35.0674319267273,-85.7666009139323,30.3695787906647));
#7739=CARTESIAN_POINT('',(-35.0674319267273,-93.7343184281087,30.3695787906647));
#7740=CARTESIAN_POINT('Origin',(-34.7084480781048,-89.7504596710205,30.3695787906647));
#7741=CARTESIAN_POINT('',(-35.0674319267273,-103.734318428109,30.3695787906647));
#7742=CARTESIAN_POINT('',(-35.0674319267273,-95.7666009139323,30.3695787906647));
#7743=CARTESIAN_POINT('',(-35.0674319267273,-103.734318428109,30.3695787906647));
#7744=CARTESIAN_POINT('Origin',(-34.7084480781049,-99.7504596710205,30.3695787906647));
#7745=CARTESIAN_POINT('',(-4.72768596457168,-134.750459671021,30.3695787906647));
#7746=CARTESIAN_POINT('',(-12.7276859645717,-134.750459671021,30.3695787906647));
#7747=CARTESIAN_POINT('',(-4.72768596457168,-134.750459671021,30.3695787906647));
#7748=CARTESIAN_POINT('Origin',(-8.72768596457169,-134.750459671021,30.3695787906647));
#7749=CARTESIAN_POINT('',(29.9133301868059,-134.750459671021,30.3695787906647));
#7750=CARTESIAN_POINT('',(21.9133301868059,-134.750459671021,30.3695787906647));
#7751=CARTESIAN_POINT('',(29.9133301868059,-134.750459671021,30.3695787906647));
#7752=CARTESIAN_POINT('Origin',(25.9133301868059,-134.750459671021,30.3695787906647));
#7753=CARTESIAN_POINT('',(-35.0674319267273,-113.734318428109,30.3695787906647));
#7754=CARTESIAN_POINT('',(-35.0674319267273,-105.766600913932,30.3695787906647));
#7755=CARTESIAN_POINT('',(-35.0674319267273,-113.734318428109,30.3695787906647));
#7756=CARTESIAN_POINT('Origin',(-34.7084480781048,-109.750459671021,30.3695787906647));
#7757=CARTESIAN_POINT('',(12.5928221111171,-134.750459671021,30.3695787906647));
#7758=CARTESIAN_POINT('',(4.59282211111709,-134.750459671021,30.3695787906647));
#7759=CARTESIAN_POINT('',(12.5928221111171,-134.750459671021,30.3695787906647));
#7760=CARTESIAN_POINT('Origin',(8.5928221111171,-134.750459671021,30.3695787906647));
#7761=CARTESIAN_POINT('',(34.9325680732727,-85.7666009139323,30.3695787906647));
#7762=CARTESIAN_POINT('',(34.9325680732727,-93.7343184281087,30.3695787906647));
#7763=CARTESIAN_POINT('',(34.9325680732727,-85.7666009139323,30.3695787906647));
#7764=CARTESIAN_POINT('Origin',(34.5735842246503,-89.7504596710205,30.3695787906647));
#7765=CARTESIAN_POINT('',(34.9325680732727,-95.7666009139323,30.3695787906647));
#7766=CARTESIAN_POINT('',(34.9325680732727,-103.734318428109,30.3695787906647));
#7767=CARTESIAN_POINT('',(34.9325680732727,-95.7666009139323,30.3695787906647));
#7768=CARTESIAN_POINT('Origin',(34.5735842246503,-99.7504596710205,30.3695787906647));
#7769=CARTESIAN_POINT('',(-35.0674319267273,-83.7343184281087,30.3695787906647));
#7770=CARTESIAN_POINT('',(-35.0674319267273,-75.7666009139323,30.3695787906647));
#7771=CARTESIAN_POINT('',(-35.0674319267273,-83.7343184281087,30.3695787906647));
#7772=CARTESIAN_POINT('Origin',(-34.7084480781048,-79.7504596710205,30.3695787906647));
#7773=CARTESIAN_POINT('',(12.5928221111171,-124.750459671021,30.3695787906647));
#7774=CARTESIAN_POINT('Origin',(8.59282211111712,-124.750459671021,30.3695787906647));
#7775=CARTESIAN_POINT('',(3.9325680732727,-109.750459671021,30.3695787906647));
#7776=CARTESIAN_POINT('Origin',(-0.0674319267272994,-109.750459671021,30.3695787906647));
#7777=CARTESIAN_POINT('',(29.9133301868059,-94.7504596710205,30.3695787906647));
#7778=CARTESIAN_POINT('Origin',(25.9133301868059,-94.7504596710205,30.3695787906647));
#7779=CARTESIAN_POINT('',(21.2530761489615,-79.7504596710205,30.3695787906647));
#7780=CARTESIAN_POINT('Origin',(17.2530761489615,-79.7504596710205,30.3695787906647));
#7781=CARTESIAN_POINT('',(29.9133301868059,-84.7504596710205,30.3695787906647));
#7782=CARTESIAN_POINT('Origin',(25.9133301868059,-84.7504596710205,30.3695787906647));
#7783=CARTESIAN_POINT('',(-4.72768596457169,-104.750459671021,30.3695787906647));
#7784=CARTESIAN_POINT('Origin',(-8.72768596457169,-104.750459671021,30.3695787906647));
#7785=CARTESIAN_POINT('',(-13.3879400024161,-89.7504596710205,30.3695787906647));
#7786=CARTESIAN_POINT('Origin',(-17.3879400024161,-89.7504596710205,30.3695787906647));
#7787=CARTESIAN_POINT('',(-4.72768596457169,-94.7504596710205,30.3695787906647));
#7788=CARTESIAN_POINT('Origin',(-8.72768596457169,-94.7504596710205,30.3695787906647));
#7789=CARTESIAN_POINT('',(-4.72768596457169,-84.7504596710205,30.3695787906647));
#7790=CARTESIAN_POINT('Origin',(-8.72768596457169,-84.7504596710205,30.3695787906647));
#7791=CARTESIAN_POINT('',(12.5928221111171,-84.7504596710205,30.3695787906647));
#7792=CARTESIAN_POINT('Origin',(8.59282211111712,-84.7504596710205,30.3695787906647));
#7793=CARTESIAN_POINT('',(3.9325680732727,-89.7504596710205,30.3695787906647));
#7794=CARTESIAN_POINT('Origin',(-0.0674319267272994,-89.7504596710205,30.3695787906647));
#7795=CARTESIAN_POINT('',(12.5928221111171,-74.7504596710205,30.3695787906647));
#7796=CARTESIAN_POINT('Origin',(8.59282211111712,-74.7504596710205,30.3695787906647));
#7797=CARTESIAN_POINT('',(-4.72768596457169,-124.750459671021,30.3695787906647));
#7798=CARTESIAN_POINT('Origin',(-8.72768596457169,-124.750459671021,30.3695787906647));
#7799=CARTESIAN_POINT('',(-22.0481940402605,-104.750459671021,30.3695787906647));
#7800=CARTESIAN_POINT('Origin',(-26.0481940402605,-104.750459671021,30.3695787906647));
#7801=CARTESIAN_POINT('',(-22.0481940402605,-84.7504596710205,30.3695787906647));
#7802=CARTESIAN_POINT('Origin',(-26.0481940402605,-84.7504596710205,30.3695787906647));
#7803=CARTESIAN_POINT('',(-13.3879400024161,-129.750459671021,30.3695787906647));
#7804=CARTESIAN_POINT('Origin',(-17.3879400024161,-129.750459671021,30.3695787906647));
#7805=CARTESIAN_POINT('',(29.9133301868059,-104.750459671021,30.3695787906647));
#7806=CARTESIAN_POINT('Origin',(25.9133301868059,-104.750459671021,30.3695787906647));
#7807=CARTESIAN_POINT('',(29.9133301868059,-114.750459671021,30.3695787906647));
#7808=CARTESIAN_POINT('Origin',(25.9133301868059,-114.750459671021,30.3695787906647));
#7809=CARTESIAN_POINT('',(21.2530761489615,-109.750459671021,30.3695787906647));
#7810=CARTESIAN_POINT('Origin',(17.2530761489615,-109.750459671021,30.3695787906647));
#7811=CARTESIAN_POINT('',(21.2530761489615,-119.750459671021,30.3695787906647));
#7812=CARTESIAN_POINT('Origin',(17.2530761489615,-119.750459671021,30.3695787906647));
#7813=CARTESIAN_POINT('',(21.2530761489615,-129.750459671021,30.3695787906647));
#7814=CARTESIAN_POINT('Origin',(17.2530761489615,-129.750459671021,30.3695787906647));
#7815=CARTESIAN_POINT('',(-22.0481940402605,-114.750459671021,30.3695787906647));
#7816=CARTESIAN_POINT('Origin',(-26.0481940402605,-114.750459671021,30.3695787906647));
#7817=CARTESIAN_POINT('',(-13.3879400024161,-109.750459671021,30.3695787906647));
#7818=CARTESIAN_POINT('Origin',(-17.3879400024161,-109.750459671021,30.3695787906647));
#7819=CARTESIAN_POINT('',(-13.3879400024161,-119.750459671021,30.3695787906647));
#7820=CARTESIAN_POINT('Origin',(-17.3879400024161,-119.750459671021,30.3695787906647));
#7821=CARTESIAN_POINT('',(-22.0481940402605,-94.7504596710205,30.3695787906647));
#7822=CARTESIAN_POINT('Origin',(-26.0481940402605,-94.7504596710205,30.3695787906647));
#7823=CARTESIAN_POINT('',(-4.72768596457169,-114.750459671021,30.3695787906647));
#7824=CARTESIAN_POINT('Origin',(-8.72768596457169,-114.750459671021,30.3695787906647));
#7825=CARTESIAN_POINT('',(3.9325680732727,-79.7504596710205,30.3695787906647));
#7826=CARTESIAN_POINT('Origin',(-0.0674319267272994,-79.7504596710205,30.3695787906647));
#7827=CARTESIAN_POINT('',(12.5928221111171,-94.7504596710205,30.3695787906647));
#7828=CARTESIAN_POINT('Origin',(8.59282211111712,-94.7504596710205,30.3695787906647));
#7829=CARTESIAN_POINT('',(-4.72768596457169,-74.7504596710205,30.3695787906647));
#7830=CARTESIAN_POINT('Origin',(-8.72768596457169,-74.7504596710205,30.3695787906647));
#7831=CARTESIAN_POINT('',(3.9325680732727,-99.7504596710205,30.3695787906647));
#7832=CARTESIAN_POINT('Origin',(-0.0674319267272994,-99.7504596710205,30.3695787906647));
#7833=CARTESIAN_POINT('',(-13.3879400024161,-79.7504596710205,30.3695787906647));
#7834=CARTESIAN_POINT('Origin',(-17.3879400024161,-79.7504596710205,30.3695787906647));
#7835=CARTESIAN_POINT('',(-13.3879400024161,-99.7504596710205,30.3695787906647));
#7836=CARTESIAN_POINT('Origin',(-17.3879400024161,-99.7504596710205,30.3695787906647));
#7837=CARTESIAN_POINT('',(12.5928221111171,-104.750459671021,30.3695787906647));
#7838=CARTESIAN_POINT('Origin',(8.59282211111712,-104.750459671021,30.3695787906647));
#7839=CARTESIAN_POINT('',(21.2530761489615,-99.7504596710205,30.3695787906647));
#7840=CARTESIAN_POINT('Origin',(17.2530761489615,-99.7504596710205,30.3695787906647));
#7841=CARTESIAN_POINT('',(21.2530761489615,-89.7504596710205,30.3695787906647));
#7842=CARTESIAN_POINT('Origin',(17.2530761489615,-89.7504596710205,30.3695787906647));
#7843=CARTESIAN_POINT('',(29.9133301868059,-74.7504596710205,30.3695787906647));
#7844=CARTESIAN_POINT('Origin',(25.9133301868059,-74.7504596710205,30.3695787906647));
#7845=CARTESIAN_POINT('',(-22.0481940402605,-74.7504596710205,30.3695787906647));
#7846=CARTESIAN_POINT('Origin',(-26.0481940402605,-74.7504596710205,30.3695787906647));
#7847=CARTESIAN_POINT('',(3.9325680732727,-119.750459671021,30.3695787906647));
#7848=CARTESIAN_POINT('Origin',(-0.0674319267272994,-119.750459671021,30.3695787906647));
#7849=CARTESIAN_POINT('',(12.5928221111171,-114.750459671021,30.3695787906647));
#7850=CARTESIAN_POINT('Origin',(8.59282211111712,-114.750459671021,30.3695787906647));
#7851=CARTESIAN_POINT('',(3.9325680732727,-129.750459671021,30.3695787906647));
#7852=CARTESIAN_POINT('Origin',(-0.0674319267272994,-129.750459671021,30.3695787906647));
#7853=CARTESIAN_POINT('',(-37.817727074713,-85.5004723034287,30.3695787906647));
#7854=CARTESIAN_POINT('Origin',(-39.5676390891773,-85.5004723034287,30.3695787906647));
#7855=CARTESIAN_POINT('',(35.4324080551475,-142.250435186497,30.3695787906647));
#7856=CARTESIAN_POINT('Origin',(33.4324080551475,-142.250435186497,30.3695787906647));
#7857=CARTESIAN_POINT('',(47.2323974727321,-35.1002948355842,30.3695787906647));
#7858=CARTESIAN_POINT('Origin',(46.4323974727321,-35.1002948355842,30.3695787906647));
#7859=CARTESIAN_POINT('',(47.2323974727321,-135.900454322812,30.3695787906647));
#7860=CARTESIAN_POINT('Origin',(46.4323974727321,-135.900454322812,30.3695787906647));
#7861=CARTESIAN_POINT('',(47.2323974727321,-63.4002948355842,30.3695787906647));
#7862=CARTESIAN_POINT('Origin',(46.4323974727321,-63.4002948355842,30.3695787906647));
#7863=CARTESIAN_POINT('',(47.2323974727321,-107.600454322812,30.3695787906647));
#7864=CARTESIAN_POINT('Origin',(46.4323974727321,-107.600454322812,30.3695787906647));
#7865=CARTESIAN_POINT('',(41.1821722900806,-85.500384317893,30.3695787906647));
#7866=CARTESIAN_POINT('Origin',(39.4321722900806,-85.500384317893,30.3695787906647));
#7867=CARTESIAN_POINT('',(-45.767250241736,-63.4002948355842,30.3695787906647));
#7868=CARTESIAN_POINT('Origin',(-46.567250241736,-63.4002948355842,30.3695787906647));
#7869=CARTESIAN_POINT('',(-45.767250241736,-107.600454322812,30.3695787906647));
#7870=CARTESIAN_POINT('Origin',(-46.567250241736,-107.600454322812,30.3695787906647));
#7871=CARTESIAN_POINT('',(-45.767250241736,-35.1002948355842,30.3695787906647));
#7872=CARTESIAN_POINT('Origin',(-46.567250241736,-35.1002948355842,30.3695787906647));
#7873=CARTESIAN_POINT('',(-45.767250241736,-135.900454322812,30.3695787906647));
#7874=CARTESIAN_POINT('Origin',(-46.567250241736,-135.900454322812,30.3695787906647));
#7875=CARTESIAN_POINT('',(-31.5676277978521,-142.250434627556,30.3695787906647));
#7876=CARTESIAN_POINT('Origin',(-33.5676277978521,-142.250434627556,30.3695787906647));
#7877=CARTESIAN_POINT('Origin',(9.42975474295797,-142.250452919076,25.8695787949565));
#7878=CARTESIAN_POINT('',(16.92375233669,-139.250452920004,26.1695787906647));
#7879=CARTESIAN_POINT('Origin',(9.4297547427354,-139.25045292056,25.8695787949565));
#7880=CARTESIAN_POINT('',(13.029754740297,-142.250452918809,28.5695787913514));
#7881=CARTESIAN_POINT('Origin',(15.429754740812,-142.250452918631,30.3695787906647));
#7882=CARTESIAN_POINT('',(13.6280401018911,-142.250452918765,24.2495787929995));
#7883=CARTESIAN_POINT('Origin',(9.42975474295797,-142.250452919076,25.8695787949565));
#7884=CARTESIAN_POINT('',(16.4268970105109,-139.291811715697,26.1695787906645));
#7885=CARTESIAN_POINT('Ctrl Pts',(13.6280401018911,-142.250452918765,24.2495787929995));
#7886=CARTESIAN_POINT('Ctrl Pts',(13.6286798384648,-142.248158762199,24.2512366921898));
#7887=CARTESIAN_POINT('Ctrl Pts',(13.6293210486518,-142.245864603519,24.2528940243373));
#7888=CARTESIAN_POINT('Ctrl Pts',(13.7386471358028,-141.855608858563,24.5347241288579));
#7889=CARTESIAN_POINT('Ctrl Pts',(13.8927804769539,-141.456206516474,24.8072091410834));
#7890=CARTESIAN_POINT('Ctrl Pts',(14.2923256255901,-140.723463488675,25.300692164934));
#7891=CARTESIAN_POINT('Ctrl Pts',(14.544819322083,-140.371125701092,25.535451405652));
#7892=CARTESIAN_POINT('Ctrl Pts',(15.0873990229689,-139.864835454295,25.8666971599519));
#7893=CARTESIAN_POINT('Ctrl Pts',(15.3449822002353,-139.681917011737,25.9840852169759));
#7894=CARTESIAN_POINT('Ctrl Pts',(15.8845047458575,-139.423101533999,26.1312189508095));
#7895=CARTESIAN_POINT('Ctrl Pts',(16.1492706430089,-139.338351801065,26.1695787906637));
#7896=CARTESIAN_POINT('Ctrl Pts',(16.4268970105059,-139.291811715667,26.1695787906647));
#7897=CARTESIAN_POINT('Ctrl Pts',(16.4268970105059,-139.291811715667,26.1695787906647));
#7898=CARTESIAN_POINT('Ctrl Pts',(16.5961175944459,-139.263444307706,26.1695787906647));
#7899=CARTESIAN_POINT('Ctrl Pts',(16.7660988695511,-139.250452918532,26.1695787906647));
#7900=CARTESIAN_POINT('Ctrl Pts',(16.92375233669,-139.25045291852,26.1695787906647));
#7901=CARTESIAN_POINT('Origin',(16.4268970105159,-144.250459671021,23.1695787906647));
#7902=CARTESIAN_POINT('',(13.6280401018911,-136.250459671021,24.2495787929995));
#7903=CARTESIAN_POINT('',(13.6280401018911,-144.250459671021,24.2495787929995));
#7904=CARTESIAN_POINT('',(16.4268970105159,-136.250459671021,26.1695787906647));
#7905=CARTESIAN_POINT('Origin',(16.4268970105159,-136.250459671021,23.1695787906647));
#7906=CARTESIAN_POINT('',(16.4268970105159,-144.250459671021,26.1695787906647));
#7907=CARTESIAN_POINT('Ctrl Pts',(9.42975474295797,-139.25045292056,30.3695787906647));
#7908=CARTESIAN_POINT('Ctrl Pts',(9.43344985804579,-139.25045292056,30.3695787906647));
#7909=CARTESIAN_POINT('Ctrl Pts',(9.43714447624691,-139.25045292056,30.3695787906647));
#7910=CARTESIAN_POINT('Ctrl Pts',(9.87142535505014,-139.25045292053,30.3695787906649));
#7911=CARTESIAN_POINT('Ctrl Pts',(10.7347512589875,-139.250452920464,30.3695787906647));
#7912=CARTESIAN_POINT('Ctrl Pts',(12.0121410352251,-139.25045292037,30.3695787906648));
#7913=CARTESIAN_POINT('Ctrl Pts',(13.256526453951,-139.250452920277,30.3695787906647));
#7914=CARTESIAN_POINT('Ctrl Pts',(14.4297624623975,-139.25045292019,30.3695787906647));
#7915=CARTESIAN_POINT('Ctrl Pts',(15.1241291069105,-139.250452920138,30.3695787906647));
#7916=CARTESIAN_POINT('Ctrl Pts',(15.4297547405895,-139.250452920115,30.3695787906647));
#7917=CARTESIAN_POINT('Ctrl Pts',(9.42975474295797,-139.25045292056,30.3695787906647));
#7918=CARTESIAN_POINT('Ctrl Pts',(9.43316725504498,-139.250898639353,30.3695771705944));
#7919=CARTESIAN_POINT('Ctrl Pts',(9.43658258007142,-139.251342555679,30.369579296735));
#7920=CARTESIAN_POINT('Ctrl Pts',(9.83770980109095,-139.303694915401,30.3693116881938));
#7921=CARTESIAN_POINT('Ctrl Pts',(10.6353835030441,-139.407566646124,30.3402801940895));
#7922=CARTESIAN_POINT('Ctrl Pts',(11.8046766451632,-139.52311346414,30.2167916919024));
#7923=CARTESIAN_POINT('Ctrl Pts',(12.9202597067257,-139.557400921124,30.0373026978801));
#7924=CARTESIAN_POINT('Ctrl Pts',(13.9285994073432,-139.469257407343,29.8556215252699));
#7925=CARTESIAN_POINT('Ctrl Pts',(14.4805699890096,-139.324821858383,29.8092484068538));
#7926=CARTESIAN_POINT('Ctrl Pts',(14.711676419642,-139.250452920169,29.8310200502751));
#7927=CARTESIAN_POINT('Ctrl Pts',(9.42975474295797,-139.25045292056,30.3695787906647));
#7928=CARTESIAN_POINT('Ctrl Pts',(9.43267587860778,-139.251674979722,30.3695766481587));
#7929=CARTESIAN_POINT('Ctrl Pts',(9.43559592652748,-139.252903283228,30.3695788266155));
#7930=CARTESIAN_POINT('Ctrl Pts',(9.77889425383173,-139.396642421116,30.3690135421498));
#7931=CARTESIAN_POINT('Ctrl Pts',(10.4612666749793,-139.682764202404,30.3097859173751));
#7932=CARTESIAN_POINT('Ctrl Pts',(11.4418687672185,-140.04918691664,30.0512621494856));
#7933=CARTESIAN_POINT('Ctrl Pts',(12.3322013222151,-140.285125836018,29.6492234351141));
#7934=CARTESIAN_POINT('Ctrl Pts',(13.0550008099351,-140.301848787897,29.1760521423155));
#7935=CARTESIAN_POINT('Ctrl Pts',(13.3636787361615,-140.123293276485,28.9409406396573));
#7936=CARTESIAN_POINT('Ctrl Pts',(13.4689683433165,-140.00435451436,28.8989889935446));
#7937=CARTESIAN_POINT('Ctrl Pts',(9.42975474295797,-139.25045292056,30.3695787906647));
#7938=CARTESIAN_POINT('Ctrl Pts',(9.432183405293,-139.252454533063,30.369578023927));
#7939=CARTESIAN_POINT('Ctrl Pts',(9.43461039407294,-139.254460574706,30.3695776760522));
#7940=CARTESIAN_POINT('Ctrl Pts',(9.72002093659769,-139.489788707179,30.3690907870258));
#7941=CARTESIAN_POINT('Ctrl Pts',(10.2872760684634,-139.957827288206,30.3149502957817));
#7942=CARTESIAN_POINT('Ctrl Pts',(11.1109644636649,-140.613392160344,30.0750453314805));
#7943=CARTESIAN_POINT('Ctrl Pts',(11.8796558699043,-141.170864655869,29.680694411306));
#7944=CARTESIAN_POINT('Ctrl Pts',(12.5479446796905,-141.550595004002,29.1530510200922));
#7945=CARTESIAN_POINT('Ctrl Pts',(12.890959743596,-141.612902227618,28.7549460572259));
#7946=CARTESIAN_POINT('Ctrl Pts',(13.029754740279,-141.577254494371,28.5695787913753));
#7947=CARTESIAN_POINT('Ctrl Pts',(9.42975474295797,-139.25045292056,30.3695787906647));
#7948=CARTESIAN_POINT('Ctrl Pts',(9.43197181201395,-139.252789916539,30.3695787906647));
#7949=CARTESIAN_POINT('Ctrl Pts',(9.43418858293104,-139.255126628564,30.3695772584658));
#7950=CARTESIAN_POINT('Ctrl Pts',(9.69475711010825,-139.529784248692,30.3691738216027));
#7951=CARTESIAN_POINT('Ctrl Pts',(10.212752652311,-140.07563977837,30.3238072927094));
#7952=CARTESIAN_POINT('Ctrl Pts',(10.9791865177902,-140.855293559103,30.1196722339865));
#7953=CARTESIAN_POINT('Ctrl Pts',(11.725817768778,-141.550360012665,29.7697619875795));
#7954=CARTESIAN_POINT('Ctrl Pts',(12.4297593736007,-142.085396511072,29.262890181756));
#7955=CARTESIAN_POINT('Ctrl Pts',(12.8463793601596,-142.250452920138,28.814079298347));
#7956=CARTESIAN_POINT('Ctrl Pts',(13.029754740297,-142.250452920115,28.5695787913514));
#7957=CARTESIAN_POINT('Ctrl Pts',(9.42975474295797,-139.25045292056,30.3695787906647));
#7958=CARTESIAN_POINT('Ctrl Pts',(9.43197181201395,-139.252789916539,30.3695787906647));
#7959=CARTESIAN_POINT('Ctrl Pts',(9.43418858293104,-139.255126628564,30.3695772584658));
#7960=CARTESIAN_POINT('Ctrl Pts',(9.69475711010825,-139.529784248692,30.3691738216027));
#7961=CARTESIAN_POINT('Ctrl Pts',(10.212752652311,-140.07563977837,30.3238072927094));
#7962=CARTESIAN_POINT('Ctrl Pts',(10.9791865177902,-140.855293559103,30.1196722339865));
#7963=CARTESIAN_POINT('Ctrl Pts',(11.725817768778,-141.550360012665,29.7697619875795));
#7964=CARTESIAN_POINT('Ctrl Pts',(12.4297593736007,-142.085396511072,29.262890181756));
#7965=CARTESIAN_POINT('Ctrl Pts',(12.8463793601596,-142.250452920138,28.814079298347));
#7966=CARTESIAN_POINT('Ctrl Pts',(13.029754740297,-142.250452920115,28.5695787913514));
#7967=CARTESIAN_POINT('Origin',(2.43261247540002,-144.250459671021,23.1695787906647));
#7968=CARTESIAN_POINT('',(2.432612475395,-139.291811716746,26.1695787906649));
#7969=CARTESIAN_POINT('',(2.43261247540002,-136.250459671021,26.1695787906647));
#7970=CARTESIAN_POINT('',(2.43261247540002,-144.250459671021,26.1695787906647));
#7971=CARTESIAN_POINT('',(5.23146938402484,-136.250459671021,24.2495787929995));
#7972=CARTESIAN_POINT('Origin',(2.43261247540002,-136.250459671021,23.1695787906647));
#7973=CARTESIAN_POINT('',(5.23146938402484,-142.250452919388,24.2495787929995));
#7974=CARTESIAN_POINT('',(5.23146938402484,-144.250459671021,24.2495787929995));
#7975=CARTESIAN_POINT('Ctrl Pts',(5.23146938402484,-142.250452919388,24.2495787929995));
#7976=CARTESIAN_POINT('Ctrl Pts',(5.2308296475034,-142.24815876301,24.2512366920535));
#7977=CARTESIAN_POINT('Ctrl Pts',(5.23018843721178,-142.245864604369,24.2528940244723));
#7978=CARTESIAN_POINT('Ctrl Pts',(5.12086235012757,-141.855608859755,24.5347241288209));
#7979=CARTESIAN_POINT('Ctrl Pts',(4.96672900897413,-141.456206517577,24.8072091410715));
#7980=CARTESIAN_POINT('Ctrl Pts',(4.56718386031053,-140.723463489758,25.3006921649501));
#7981=CARTESIAN_POINT('Ctrl Pts',(4.31469016381305,-140.37112570218,25.535451405668));
#7982=CARTESIAN_POINT('Ctrl Pts',(3.77211046292397,-139.86483545539,25.8666971599633));
#7983=CARTESIAN_POINT('Ctrl Pts',(3.51452728565776,-139.681917012836,25.9840852169846));
#7984=CARTESIAN_POINT('Ctrl Pts',(2.97500474003541,-139.423101535103,26.1312189508138));
#7985=CARTESIAN_POINT('Ctrl Pts',(2.71023884288466,-139.338351802171,26.1695787906656));
#7986=CARTESIAN_POINT('Ctrl Pts',(2.43261247538997,-139.291811716776,26.1695787906647));
#7987=CARTESIAN_POINT('Origin',(9.42975474295797,-142.250452919076,25.8695787949565));
#7988=CARTESIAN_POINT('',(4.92975474724983,-142.25045291941,25.8695787949565));
#7989=CARTESIAN_POINT('Origin',(9.42975474295797,-142.250452919076,25.8695787949565));
#7990=CARTESIAN_POINT('',(5.82975474561892,-142.250452919344,28.5695787913514));
#7991=CARTESIAN_POINT('Origin',(9.42975474295797,-142.250452919076,25.8695787949565));
#7992=CARTESIAN_POINT('Origin',(3.4297547451039,-142.250452919522,30.3695787906647));
#7993=CARTESIAN_POINT('',(1.93575714878081,-139.250452921116,26.1695787906647));
#7994=CARTESIAN_POINT('Origin',(9.4297547427354,-139.25045292056,25.8695787949565));
#7995=CARTESIAN_POINT('Ctrl Pts',(1.9357571487808,-139.250452919632,26.1695787906647));
#7996=CARTESIAN_POINT('Ctrl Pts',(2.09341061604954,-139.250452919621,26.1695787906647));
#7997=CARTESIAN_POINT('Ctrl Pts',(2.26339189130711,-139.263444308792,26.1695787906647));
#7998=CARTESIAN_POINT('Ctrl Pts',(2.43261247538969,-139.291811716776,26.1695787906647));
#7999=CARTESIAN_POINT('Ctrl Pts',(3.42975474488133,-139.250452921006,30.3695787906647));
#8000=CARTESIAN_POINT('Ctrl Pts',(3.73538037857515,-139.250452920983,30.3695787906647));
#8001=CARTESIAN_POINT('Ctrl Pts',(4.25675870773818,-139.250452920944,30.3695787906646));
#8002=CARTESIAN_POINT('Ctrl Pts',(5.01612418350785,-139.250452920888,30.3695787906646));
#8003=CARTESIAN_POINT('Ctrl Pts',(5.61309195858042,-139.250452920844,30.3695787906646));
#8004=CARTESIAN_POINT('Ctrl Pts',(6.2243496968365,-139.250452920798,30.3695787906647));
#8005=CARTESIAN_POINT('Ctrl Pts',(7.06049389460812,-139.250452920736,30.3695787906647));
#8006=CARTESIAN_POINT('Ctrl Pts',(8.12431380399171,-139.250452920657,30.3695787906647));
#8007=CARTESIAN_POINT('Ctrl Pts',(8.98809767248967,-139.250452920594,30.3695787906647));
#8008=CARTESIAN_POINT('Ctrl Pts',(9.42236492722043,-139.250452920561,30.3695787906647));
#8009=CARTESIAN_POINT('Ctrl Pts',(9.42605962786145,-139.250452920561,30.3695787906647));
#8010=CARTESIAN_POINT('Ctrl Pts',(9.42975474295797,-139.25045292056,30.3695787906647));
#8011=CARTESIAN_POINT('Ctrl Pts',(4.14783306588308,-139.250452920952,29.8310200502344));
#8012=CARTESIAN_POINT('Ctrl Pts',(4.3787307790965,-139.325655494064,29.809363595575));
#8013=CARTESIAN_POINT('Ctrl Pts',(4.79252615034309,-139.435057677844,29.8424527600705));
#8014=CARTESIAN_POINT('Ctrl Pts',(5.433708878207,-139.517000352084,29.9466118166566));
#8015=CARTESIAN_POINT('Ctrl Pts',(5.95250601718346,-139.545674806744,30.0372097344996));
#8016=CARTESIAN_POINT('Ctrl Pts',(6.49513150213228,-139.543906569209,30.1277889945527));
#8017=CARTESIAN_POINT('Ctrl Pts',(7.24890901399895,-139.506778165698,30.2382208107907));
#8018=CARTESIAN_POINT('Ctrl Pts',(8.2231036902137,-139.409806649805,30.3408367663221));
#8019=CARTESIAN_POINT('Ctrl Pts',(9.02166936530938,-139.303898868365,30.3693963293647));
#8020=CARTESIAN_POINT('Ctrl Pts',(9.42292841561795,-139.251341759188,30.369577386249));
#8021=CARTESIAN_POINT('Ctrl Pts',(9.4263411604401,-139.250898062653,30.3695787906647));
#8022=CARTESIAN_POINT('Ctrl Pts',(9.42975474295797,-139.25045292056,30.3695787906647));
#8023=CARTESIAN_POINT('Ctrl Pts',(5.39096720023891,-140.003867544146,28.8986694500652));
#8024=CARTESIAN_POINT('Ctrl Pts',(5.4979413349506,-140.120492895104,28.9421096368458));
#8025=CARTESIAN_POINT('Ctrl Pts',(5.72798682788156,-140.256643358728,29.1165477967378));
#8026=CARTESIAN_POINT('Ctrl Pts',(6.16661105560527,-140.292527060313,29.4133065182049));
#8027=CARTESIAN_POINT('Ctrl Pts',(6.54962131865967,-140.256763276992,29.6402736914119));
#8028=CARTESIAN_POINT('Ctrl Pts',(6.97257102956581,-140.166468327067,29.8502303421491));
#8029=CARTESIAN_POINT('Ctrl Pts',(7.58159974827439,-139.987702622001,30.0944220914143));
#8030=CARTESIAN_POINT('Ctrl Pts',(8.39825917101707,-139.682245209227,30.3095124600352));
#8031=CARTESIAN_POINT('Ctrl Pts',(9.08066595707748,-139.396719333324,30.3690478004367));
#8032=CARTESIAN_POINT('Ctrl Pts',(9.42391309520793,-139.252901340474,30.3695768197437));
#8033=CARTESIAN_POINT('Ctrl Pts',(9.42683384245274,-139.251677061314,30.3695787906647));
#8034=CARTESIAN_POINT('Ctrl Pts',(9.42975474295797,-139.25045292056,30.3695787906647));
#8035=CARTESIAN_POINT('Ctrl Pts',(5.82975474560094,-141.577254495211,28.5695787913274));
#8036=CARTESIAN_POINT('Ctrl Pts',(5.96881162011227,-141.611675779798,28.7560026935768));
#8037=CARTESIAN_POINT('Ctrl Pts',(6.22575166127385,-141.565556090163,29.0540695188541));
#8038=CARTESIAN_POINT('Ctrl Pts',(6.64498932111931,-141.359639772034,29.4177288264031));
#8039=CARTESIAN_POINT('Ctrl Pts',(6.99250607410578,-141.147305184803,29.665151116612));
#8040=CARTESIAN_POINT('Ctrl Pts',(7.36310647128437,-140.891492031401,29.878468641834));
#8041=CARTESIAN_POINT('Ctrl Pts',(7.88545755590923,-140.503353832262,30.1156248702103));
#8042=CARTESIAN_POINT('Ctrl Pts',(8.5715608327863,-139.957342332312,30.3152281928861));
#8043=CARTESIAN_POINT('Ctrl Pts',(9.13947986022805,-139.489808347321,30.3691406958314));
#8044=CARTESIAN_POINT('Ctrl Pts',(9.42489882923431,-139.254459370579,30.369576711639));
#8045=CARTESIAN_POINT('Ctrl Pts',(9.42732652446538,-139.252456059975,30.3695787906647));
#8046=CARTESIAN_POINT('Ctrl Pts',(9.42975474295797,-139.25045292056,30.3695787906647));
#8047=CARTESIAN_POINT('Ctrl Pts',(5.82975474561891,-142.250452921006,28.5695787913514));
#8048=CARTESIAN_POINT('Ctrl Pts',(6.01313012576512,-142.250452920983,28.8140792983587));
#8049=CARTESIAN_POINT('Ctrl Pts',(6.32595712313835,-142.126565940169,29.1510860543407));
#8050=CARTESIAN_POINT('Ctrl Pts',(6.78157640841235,-141.817860430371,29.5161636630524));
#8051=CARTESIAN_POINT('Ctrl Pts',(7.13975707330686,-141.530019387122,29.7507139791073));
#8052=CARTESIAN_POINT('Ctrl Pts',(7.50651171610594,-141.203356839621,29.9445817746542));
#8053=CARTESIAN_POINT('Ctrl Pts',(8.0081982345564,-140.72527991106,30.1537732063336));
#8054=CARTESIAN_POINT('Ctrl Pts',(8.64649017991404,-140.075958040097,30.323759289686));
#8055=CARTESIAN_POINT('Ctrl Pts',(9.16476050079122,-139.529781120273,30.369179129079));
#8056=CARTESIAN_POINT('Ctrl Pts',(9.42532085351766,-139.255126649154,30.3695772270495));
#8057=CARTESIAN_POINT('Ctrl Pts',(9.42753767389937,-139.252789916544,30.3695787906647));
#8058=CARTESIAN_POINT('Ctrl Pts',(9.42975474295797,-139.25045292056,30.3695787906647));
#8059=CARTESIAN_POINT('Ctrl Pts',(5.82975474561891,-142.250452921006,28.5695787913514));
#8060=CARTESIAN_POINT('Ctrl Pts',(6.01313012576512,-142.250452920983,28.8140792983587));
#8061=CARTESIAN_POINT('Ctrl Pts',(6.32595712313835,-142.126565940169,29.1510860543407));
#8062=CARTESIAN_POINT('Ctrl Pts',(6.78157640841235,-141.817860430371,29.5161636630524));
#8063=CARTESIAN_POINT('Ctrl Pts',(7.13975707330686,-141.530019387122,29.7507139791073));
#8064=CARTESIAN_POINT('Ctrl Pts',(7.50651171610594,-141.203356839621,29.9445817746542));
#8065=CARTESIAN_POINT('Ctrl Pts',(8.0081982345564,-140.72527991106,30.1537732063336));
#8066=CARTESIAN_POINT('Ctrl Pts',(8.64649017991404,-140.075958040097,30.323759289686));
#8067=CARTESIAN_POINT('Ctrl Pts',(9.16476050079122,-139.529781120273,30.369179129079));
#8068=CARTESIAN_POINT('Ctrl Pts',(9.42532085351766,-139.255126649154,30.3695772270495));
#8069=CARTESIAN_POINT('Ctrl Pts',(9.42753767389937,-139.252789916544,30.3695787906647));
#8070=CARTESIAN_POINT('Ctrl Pts',(9.42975474295797,-139.25045292056,30.3695787906647));
#8071=CARTESIAN_POINT('Origin',(9.42975474295797,-144.250459671021,25.8695787949565));
#8072=CARTESIAN_POINT('',(4.92975474724983,-144.250459671021,25.8695787949565));
#8073=CARTESIAN_POINT('',(4.92975474724983,-144.250459671021,25.8695787949565));
#8074=CARTESIAN_POINT('Origin',(9.42975474295797,-144.250459671021,25.8695787949565));
#8075=CARTESIAN_POINT('Origin',(9.42975474295797,-136.250459671021,25.8695787949565));
#8076=CARTESIAN_POINT('Origin',(-9.56506911827733,-142.250452919076,25.8695787949565));
#8077=CARTESIAN_POINT('',(-2.0710715245453,-139.250452921414,26.1695787906647));
#8078=CARTESIAN_POINT('Origin',(-9.5650691184999,-139.25045292197,25.8695787949565));
#8079=CARTESIAN_POINT('',(-5.96506912093828,-142.250452918809,28.5695787913514));
#8080=CARTESIAN_POINT('Origin',(-3.56506912042326,-142.250452918631,30.3695787906647));
#8081=CARTESIAN_POINT('',(-5.36678375934419,-142.250452918765,24.2495787929994));
#8082=CARTESIAN_POINT('Origin',(-9.56506911827733,-142.250452919076,25.8695787949565));
#8083=CARTESIAN_POINT('',(-2.5679268507244,-139.291811715697,26.1695787906645));
#8084=CARTESIAN_POINT('Ctrl Pts',(-5.3667837593442,-142.250452918765,24.2495787929994));
#8085=CARTESIAN_POINT('Ctrl Pts',(-5.3661440227705,-142.248158762199,24.2512366921898));
#8086=CARTESIAN_POINT('Ctrl Pts',(-5.36550281258377,-142.245864603519,24.2528940243366));
#8087=CARTESIAN_POINT('Ctrl Pts',(-5.25617672544405,-141.855608858654,24.5347241288283));
#8088=CARTESIAN_POINT('Ctrl Pts',(-5.1020433842947,-141.456206516498,24.807209141067));
#8089=CARTESIAN_POINT('Ctrl Pts',(-4.70249823564522,-140.723463488675,25.300692164934));
#8090=CARTESIAN_POINT('Ctrl Pts',(-4.45000453915231,-140.371125701092,25.535451405652));
#8091=CARTESIAN_POINT('Ctrl Pts',(-3.9074248382664,-139.864835454295,25.8666971599519));
#8092=CARTESIAN_POINT('Ctrl Pts',(-3.64984166100001,-139.681917011737,25.9840852169759));
#8093=CARTESIAN_POINT('Ctrl Pts',(-3.11031911537774,-139.423101533999,26.1312189508095));
#8094=CARTESIAN_POINT('Ctrl Pts',(-2.84555321822637,-139.338351801065,26.1695787906637));
#8095=CARTESIAN_POINT('Ctrl Pts',(-2.56792685072943,-139.291811715667,26.1695787906647));
#8096=CARTESIAN_POINT('Ctrl Pts',(-2.56792685072936,-139.291811715667,26.1695787906647));
#8097=CARTESIAN_POINT('Ctrl Pts',(-2.3987062667894,-139.263444307706,26.1695787906647));
#8098=CARTESIAN_POINT('Ctrl Pts',(-2.22872499168414,-139.250452918532,26.1695787906647));
#8099=CARTESIAN_POINT('Ctrl Pts',(-2.0710715245453,-139.25045291852,26.1695787906647));
#8100=CARTESIAN_POINT('Origin',(-2.56792685071937,-144.250459671021,23.1695787906647));
#8101=CARTESIAN_POINT('',(-5.3667837593442,-136.250459671021,24.2495787929994));
#8102=CARTESIAN_POINT('',(-5.36678375934419,-144.250459671021,24.2495787929994));
#8103=CARTESIAN_POINT('',(-2.56792685071937,-136.250459671021,26.1695787906647));
#8104=CARTESIAN_POINT('Origin',(-2.56792685071937,-136.250459671021,23.1695787906647));
#8105=CARTESIAN_POINT('',(-2.56792685071937,-144.250459671021,26.1695787906647));
#8106=CARTESIAN_POINT('Ctrl Pts',(-9.56506911827733,-139.25045292197,30.3695787906647));
#8107=CARTESIAN_POINT('Ctrl Pts',(-9.56137400317172,-139.250452921969,30.3695787906647));
#8108=CARTESIAN_POINT('Ctrl Pts',(-9.55767938505415,-139.250452921969,30.3695787906647));
#8109=CARTESIAN_POINT('Ctrl Pts',(-9.12339849605777,-139.250452921937,30.3695787906649));
#8110=CARTESIAN_POINT('Ctrl Pts',(-8.26007262418027,-139.250452921873,30.3695787906647));
#8111=CARTESIAN_POINT('Ctrl Pts',(-6.98268278589678,-139.250452921778,30.3695787906648));
#8112=CARTESIAN_POINT('Ctrl Pts',(-5.73829760370042,-139.250452921686,30.3695787906647));
#8113=CARTESIAN_POINT('Ctrl Pts',(-4.56506177360508,-139.250452921599,30.3695787906647));
#8114=CARTESIAN_POINT('Ctrl Pts',(-3.87069475432506,-139.250452921547,30.3695787906647));
#8115=CARTESIAN_POINT('Ctrl Pts',(-3.56506912064583,-139.250452921524,30.3695787906647));
#8116=CARTESIAN_POINT('Ctrl Pts',(-9.56506911827733,-139.25045292197,30.3695787906647));
#8117=CARTESIAN_POINT('Ctrl Pts',(-9.56165660617392,-139.250898640764,30.3695771705944));
#8118=CARTESIAN_POINT('Ctrl Pts',(-9.55824128122963,-139.251342557089,30.369579296735));
#8119=CARTESIAN_POINT('Ctrl Pts',(-9.15711405001711,-139.303694916808,30.3693116881938));
#8120=CARTESIAN_POINT('Ctrl Pts',(-8.35944038012375,-139.407566647533,30.3402801940895));
#8121=CARTESIAN_POINT('Ctrl Pts',(-7.19014717595876,-139.523113465548,30.2167916919023));
#8122=CARTESIAN_POINT('Ctrl Pts',(-6.07456435092576,-139.557400922533,30.03730269788));
#8123=CARTESIAN_POINT('Ctrl Pts',(-5.06622482865945,-139.469257408752,29.8556215252698));
#8124=CARTESIAN_POINT('Ctrl Pts',(-4.51425387222597,-139.324821859792,29.8092484068538));
#8125=CARTESIAN_POINT('Ctrl Pts',(-4.28314744159332,-139.250452921578,29.8310200502751));
#8126=CARTESIAN_POINT('Ctrl Pts',(-9.56506911827733,-139.25045292197,30.3695787906647));
#8127=CARTESIAN_POINT('Ctrl Pts',(-9.56214798242597,-139.2516749864,30.3695766550207));
#8128=CARTESIAN_POINT('Ctrl Pts',(-9.55922793482674,-139.252903279103,30.3695788197408));
#8129=CARTESIAN_POINT('Ctrl Pts',(-9.215929612089,-139.396642719563,30.3690137131029));
#8130=CARTESIAN_POINT('Ctrl Pts',(-8.53355782788572,-139.682763504538,30.3097868303817));
#8131=CARTESIAN_POINT('Ctrl Pts',(-7.55295532880607,-140.04918733031,30.0512633145353));
#8132=CARTESIAN_POINT('Ctrl Pts',(-6.66262509146547,-140.285123585198,29.6492264717715));
#8133=CARTESIAN_POINT('Ctrl Pts',(-5.93982414074265,-140.301847932214,29.1760488431659));
#8134=CARTESIAN_POINT('Ctrl Pts',(-5.63115318762105,-140.123283147877,28.9409414765949));
#8135=CARTESIAN_POINT('Ctrl Pts',(-5.52586026663605,-140.004349568608,28.8989854320067));
#8136=CARTESIAN_POINT('Ctrl Pts',(-9.56506911827733,-139.25045292197,30.3695787906647));
#8137=CARTESIAN_POINT('Ctrl Pts',(-9.56264045593562,-139.252454534483,30.369578023927));
#8138=CARTESIAN_POINT('Ctrl Pts',(-9.56021346720274,-139.254460575893,30.3695776757881));
#8139=CARTESIAN_POINT('Ctrl Pts',(-9.27480291853489,-139.489788747055,30.369090832646));
#8140=CARTESIAN_POINT('Ctrl Pts',(-8.70754780592638,-139.957827573695,30.3149507272669));
#8141=CARTESIAN_POINT('Ctrl Pts',(-7.88385937348865,-140.61339254803,30.0750458492504));
#8142=CARTESIAN_POINT('Ctrl Pts',(-7.11516810917697,-141.170864947977,29.6806950448809));
#8143=CARTESIAN_POINT('Ctrl Pts',(-6.44687940640065,-141.550595175311,29.1530517593174));
#8144=CARTESIAN_POINT('Ctrl Pts',(-6.10386411763921,-141.612902229027,28.7549460572259));
#8145=CARTESIAN_POINT('Ctrl Pts',(-5.96506912095627,-141.577254495781,28.5695787913753));
#8146=CARTESIAN_POINT('Ctrl Pts',(-9.56506911827733,-139.25045292197,30.3695787906647));
#8147=CARTESIAN_POINT('Ctrl Pts',(-9.56285204921571,-139.252789917959,30.3695787906647));
#8148=CARTESIAN_POINT('Ctrl Pts',(-9.56063527834462,-139.255126629751,30.3695772582017));
#8149=CARTESIAN_POINT('Ctrl Pts',(-9.30006674502445,-139.529784288568,30.3691738672229));
#8150=CARTESIAN_POINT('Ctrl Pts',(-8.78207122207891,-140.075640063859,30.3238077241947));
#8151=CARTESIAN_POINT('Ctrl Pts',(-8.01563731936342,-140.855293946788,30.1196727517564));
#8152=CARTESIAN_POINT('Ctrl Pts',(-7.26900621030322,-141.550360304773,29.7697626211545));
#8153=CARTESIAN_POINT('Ctrl Pts',(-6.56506471249046,-142.085396682381,29.2628909209812));
#8154=CARTESIAN_POINT('Ctrl Pts',(-6.14844450107564,-142.250452921547,28.8140792983469));
#8155=CARTESIAN_POINT('Ctrl Pts',(-5.96506912093828,-142.250452921525,28.5695787913514));
#8156=CARTESIAN_POINT('Ctrl Pts',(-9.56506911827733,-139.25045292197,30.3695787906647));
#8157=CARTESIAN_POINT('Ctrl Pts',(-9.56285204921571,-139.252789917959,30.3695787906647));
#8158=CARTESIAN_POINT('Ctrl Pts',(-9.56063527834462,-139.255126629751,30.3695772582017));
#8159=CARTESIAN_POINT('Ctrl Pts',(-9.30006674502445,-139.529784288568,30.3691738672229));
#8160=CARTESIAN_POINT('Ctrl Pts',(-8.78207122207891,-140.075640063859,30.3238077241947));
#8161=CARTESIAN_POINT('Ctrl Pts',(-8.01563731936342,-140.855293946788,30.1196727517564));
#8162=CARTESIAN_POINT('Ctrl Pts',(-7.26900621030322,-141.550360304773,29.7697626211545));
#8163=CARTESIAN_POINT('Ctrl Pts',(-6.56506471249046,-142.085396682381,29.2628909209812));
#8164=CARTESIAN_POINT('Ctrl Pts',(-6.14844450107564,-142.250452921547,28.8140792983469));
#8165=CARTESIAN_POINT('Ctrl Pts',(-5.96506912093828,-142.250452921525,28.5695787913514));
#8166=CARTESIAN_POINT('Origin',(-16.5622113858353,-144.250459671021,23.1695787906647));
#8167=CARTESIAN_POINT('',(-16.5622113858403,-139.291811716746,26.1695787906649));
#8168=CARTESIAN_POINT('',(-16.5622113858353,-136.250459671021,26.1695787906647));
#8169=CARTESIAN_POINT('',(-16.5622113858353,-144.250459671021,26.1695787906647));
#8170=CARTESIAN_POINT('',(-13.7633544772105,-136.250459671021,24.2495787929994));
#8171=CARTESIAN_POINT('Origin',(-16.5622113858353,-136.250459671021,23.1695787906647));
#8172=CARTESIAN_POINT('',(-13.7633544772105,-142.250452919388,24.2495787929994));
#8173=CARTESIAN_POINT('',(-13.7633544772105,-144.250459671021,24.2495787929994));
#8174=CARTESIAN_POINT('Ctrl Pts',(-13.7633544772105,-142.250452919388,24.2495787929994));
#8175=CARTESIAN_POINT('Ctrl Pts',(-13.7639942137321,-142.248158763009,24.2512366920541));
#8176=CARTESIAN_POINT('Ctrl Pts',(-13.7646354240237,-142.245864604369,24.2528940244728));
#8177=CARTESIAN_POINT('Ctrl Pts',(-13.8739615111143,-141.855608859706,24.5347241288377));
#8178=CARTESIAN_POINT('Ctrl Pts',(-14.0280948522682,-141.456206517564,24.8072091410802));
#8179=CARTESIAN_POINT('Ctrl Pts',(-14.4276400009248,-140.723463489758,25.3006921649501));
#8180=CARTESIAN_POINT('Ctrl Pts',(-14.6801336974223,-140.37112570218,25.535451405668));
#8181=CARTESIAN_POINT('Ctrl Pts',(-15.2227133983113,-139.86483545539,25.8666971599633));
#8182=CARTESIAN_POINT('Ctrl Pts',(-15.4802965755775,-139.681917012836,25.9840852169846));
#8183=CARTESIAN_POINT('Ctrl Pts',(-16.0198191211999,-139.423101535103,26.1312189508138));
#8184=CARTESIAN_POINT('Ctrl Pts',(-16.2845850183506,-139.338351802171,26.1695787906656));
#8185=CARTESIAN_POINT('Ctrl Pts',(-16.5622113858453,-139.291811716776,26.1695787906647));
#8186=CARTESIAN_POINT('Origin',(-9.56506911827733,-142.250452919076,25.8695787949565));
#8187=CARTESIAN_POINT('',(-14.0650691139855,-142.25045291941,25.8695787949565));
#8188=CARTESIAN_POINT('Origin',(-9.56506911827733,-142.250452919076,25.8695787949565));
#8189=CARTESIAN_POINT('',(-13.1650691156164,-142.250452919344,28.5695787913514));
#8190=CARTESIAN_POINT('Origin',(-9.56506911827733,-142.250452919076,25.8695787949565));
#8191=CARTESIAN_POINT('Origin',(-15.5650691161314,-142.250452919522,30.3695787906647));
#8192=CARTESIAN_POINT('',(-17.0590667124545,-139.250452922526,26.1695787906647));
#8193=CARTESIAN_POINT('Origin',(-9.5650691184999,-139.25045292197,25.8695787949565));
#8194=CARTESIAN_POINT('Ctrl Pts',(-17.0590667124545,-139.250452919632,26.1695787906647));
#8195=CARTESIAN_POINT('Ctrl Pts',(-16.9014132451858,-139.250452919621,26.1695787906647));
#8196=CARTESIAN_POINT('Ctrl Pts',(-16.7314319699282,-139.263444308792,26.1695787906647));
#8197=CARTESIAN_POINT('Ctrl Pts',(-16.5622113858456,-139.291811716776,26.1695787906647));
#8198=CARTESIAN_POINT('Ctrl Pts',(-15.565069116354,-139.250452922415,30.3695787906647));
#8199=CARTESIAN_POINT('Ctrl Pts',(-15.2594434826607,-139.250452922392,30.3695787906647));
#8200=CARTESIAN_POINT('Ctrl Pts',(-14.5657826495469,-139.25045292234,30.3695787906647));
#8201=CARTESIAN_POINT('Ctrl Pts',(-13.3902514267863,-139.250452922253,30.3695787906646));
#8202=CARTESIAN_POINT('Ctrl Pts',(-12.3565278240185,-139.250452922176,30.3695787906646));
#8203=CARTESIAN_POINT('Ctrl Pts',(-11.5079535324368,-139.250452922113,30.3695787906646));
#8204=CARTESIAN_POINT('Ctrl Pts',(-10.8684474166502,-139.250452922066,30.3695787906646));
#8205=CARTESIAN_POINT('Ctrl Pts',(-10.2226323116581,-139.250452922018,30.3695787906646));
#8206=CARTESIAN_POINT('Ctrl Pts',(-9.79141288066831,-139.250452921985,30.3695787906646));
#8207=CARTESIAN_POINT('Ctrl Pts',(-9.57245925883161,-139.25045292197,30.3695787906647));
#8208=CARTESIAN_POINT('Ctrl Pts',(-9.5687642333757,-139.25045292197,30.3695787906647));
#8209=CARTESIAN_POINT('Ctrl Pts',(-9.56506911827733,-139.25045292197,30.3695787906647));
#8210=CARTESIAN_POINT('Ctrl Pts',(-14.8469907953522,-139.250452922362,29.8310200502344));
#8211=CARTESIAN_POINT('Ctrl Pts',(-14.6160930821394,-139.325655495473,29.8093635955749));
#8212=CARTESIAN_POINT('Ctrl Pts',(-14.0658925106212,-139.472634009609,29.8542473858106));
#8213=CARTESIAN_POINT('Ctrl Pts',(-13.0550296677089,-139.560300453359,30.0378380733362));
#8214=CARTESIAN_POINT('Ctrl Pts',(-12.1282773690292,-139.531310354372,30.1872727183666));
#8215=CARTESIAN_POINT('Ctrl Pts',(-11.3550860241004,-139.466822329731,30.2791598580167));
#8216=CARTESIAN_POINT('Ctrl Pts',(-10.7681267931769,-139.403621948984,30.3304826756897));
#8217=CARTESIAN_POINT('Ctrl Pts',(-10.1726982131236,-139.330197592794,30.3623190235571));
#8218=CARTESIAN_POINT('Ctrl Pts',(-9.77418599777113,-139.277779325368,30.369474344978));
#8219=CARTESIAN_POINT('Ctrl Pts',(-9.57189599631771,-139.251342535522,30.3695775303448));
#8220=CARTESIAN_POINT('Ctrl Pts',(-9.5684827007963,-139.250898064063,30.3695787906647));
#8221=CARTESIAN_POINT('Ctrl Pts',(-9.56506911827733,-139.25045292197,30.3695787906647));
#8222=CARTESIAN_POINT('Ctrl Pts',(-13.6038630251121,-140.003878109982,28.898674223152));
#8223=CARTESIAN_POINT('Ctrl Pts',(-13.4968888904008,-140.12050346094,28.9421144099322));
#8224=CARTESIAN_POINT('Ctrl Pts',(-13.1906556905569,-140.301772158789,29.1754649980291));
#8225=CARTESIAN_POINT('Ctrl Pts',(-12.4655111736725,-140.283710138223,29.6499898028335));
#8226=CARTESIAN_POINT('Ctrl Pts',(-11.7264894325854,-140.088643846797,29.9840362573364));
#8227=CARTESIAN_POINT('Ctrl Pts',(-11.0859708414264,-139.865408384752,30.1808784470894));
#8228=CARTESIAN_POINT('Ctrl Pts',(-10.591492266591,-139.674825882967,30.2883951074571));
#8229=CARTESIAN_POINT('Ctrl Pts',(-10.0847448502113,-139.468125063752,30.3543455852951));
#8230=CARTESIAN_POINT('Ctrl Pts',(-9.74397668472811,-139.325420020197,30.3693226469355));
#8231=CARTESIAN_POINT('Ctrl Pts',(-9.57091097753547,-139.252901364401,30.369576673431));
#8232=CARTESIAN_POINT('Ctrl Pts',(-9.56799001878235,-139.251677062725,30.3695787906647));
#8233=CARTESIAN_POINT('Ctrl Pts',(-9.56506911827733,-139.25045292197,30.3695787906647));
#8234=CARTESIAN_POINT('Ctrl Pts',(-13.1650691156344,-141.57725449662,28.5695787913274));
#8235=CARTESIAN_POINT('Ctrl Pts',(-13.0260122411233,-141.611675781207,28.7560026935763));
#8236=CARTESIAN_POINT('Ctrl Pts',(-12.6844184480619,-141.550209139721,29.1533915688446));
#8237=CARTESIAN_POINT('Ctrl Pts',(-12.014398409133,-141.169377081197,29.6821203863323));
#8238=CARTESIAN_POINT('Ctrl Pts',(-11.3758550489516,-140.706632983107,30.0095292271897));
#8239=CARTESIAN_POINT('Ctrl Pts',(-10.8341628784415,-140.284786040389,30.1955467881568));
#8240=CARTESIAN_POINT('Ctrl Pts',(-10.4197454413152,-139.952034178607,30.2952331637587));
#8241=CARTESIAN_POINT('Ctrl Pts',(-9.99726537774622,-139.606731161363,30.3557420315229));
#8242=CARTESIAN_POINT('Ctrl Pts',(-9.7138188273171,-139.373134137518,30.3693521687972));
#8243=CARTESIAN_POINT('Ctrl Pts',(-9.56992538982827,-139.254459381129,30.3695767695132));
#8244=CARTESIAN_POINT('Ctrl Pts',(-9.5674973367684,-139.252456061387,30.3695787906647));
#8245=CARTESIAN_POINT('Ctrl Pts',(-9.56506911827733,-139.25045292197,30.3695787906647));
#8246=CARTESIAN_POINT('Ctrl Pts',(-13.1650691156164,-142.250452922415,28.5695787913514));
#8247=CARTESIAN_POINT('Ctrl Pts',(-12.9816937354705,-142.250452922392,28.8140792983583));
#8248=CARTESIAN_POINT('Ctrl Pts',(-12.5654972357683,-142.08576510161,29.262753826578));
#8249=CARTESIAN_POINT('Ctrl Pts',(-11.8601785024049,-141.549891343908,29.7704609788731));
#8250=CARTESIAN_POINT('Ctrl Pts',(-11.2399443410066,-140.972230500985,30.0611526852745));
#8251=CARTESIAN_POINT('Ctrl Pts',(-10.7307997662743,-140.465024226468,30.2219200153288));
#8252=CARTESIAN_POINT('Ctrl Pts',(-10.3470960969663,-140.07117685355,30.3067808290775));
#8253=CARTESIAN_POINT('Ctrl Pts',(-9.95960703413699,-139.666313514754,30.3578779831616));
#8254=CARTESIAN_POINT('Ctrl Pts',(-9.7008753756538,-139.393602719077,30.3693778278794));
#8255=CARTESIAN_POINT('Ctrl Pts',(-9.5695032026083,-139.255126884378,30.3695772106452));
#8256=CARTESIAN_POINT('Ctrl Pts',(-9.56728618733385,-139.252789917956,30.3695787906647));
#8257=CARTESIAN_POINT('Ctrl Pts',(-9.56506911827733,-139.25045292197,30.3695787906647));
#8258=CARTESIAN_POINT('Ctrl Pts',(-13.1650691156164,-142.250452922415,28.5695787913514));
#8259=CARTESIAN_POINT('Ctrl Pts',(-12.9816937354705,-142.250452922392,28.8140792983583));
#8260=CARTESIAN_POINT('Ctrl Pts',(-12.5654972357683,-142.08576510161,29.262753826578));
#8261=CARTESIAN_POINT('Ctrl Pts',(-11.8601785024049,-141.549891343908,29.7704609788731));
#8262=CARTESIAN_POINT('Ctrl Pts',(-11.2399443410066,-140.972230500985,30.0611526852745));
#8263=CARTESIAN_POINT('Ctrl Pts',(-10.7307997662743,-140.465024226468,30.2219200153288));
#8264=CARTESIAN_POINT('Ctrl Pts',(-10.3470960969663,-140.07117685355,30.3067808290775));
#8265=CARTESIAN_POINT('Ctrl Pts',(-9.95960703413699,-139.666313514754,30.3578779831616));
#8266=CARTESIAN_POINT('Ctrl Pts',(-9.7008753756538,-139.393602719077,30.3693778278794));
#8267=CARTESIAN_POINT('Ctrl Pts',(-9.5695032026083,-139.255126884378,30.3695772106452));
#8268=CARTESIAN_POINT('Ctrl Pts',(-9.56728618733385,-139.252789917956,30.3695787906647));
#8269=CARTESIAN_POINT('Ctrl Pts',(-9.56506911827733,-139.25045292197,30.3695787906647));
#8270=CARTESIAN_POINT('Origin',(-9.56506911827733,-144.250459671021,25.8695787949565));
#8271=CARTESIAN_POINT('',(-14.0650691139855,-144.250459671021,25.8695787949565));
#8272=CARTESIAN_POINT('',(-14.0650691139855,-144.250459671021,25.8695787949565));
#8273=CARTESIAN_POINT('Origin',(-9.56506911827733,-144.250459671021,25.8695787949565));
#8274=CARTESIAN_POINT('Origin',(-9.56506911827733,-136.250459671021,25.8695787949565));
#8275=CARTESIAN_POINT('Origin',(9.42975474295797,-144.250459671021,25.8695787949565));
#8276=CARTESIAN_POINT('',(7.42975474295797,-144.250459671021,25.8695787949565));
#8277=CARTESIAN_POINT('Origin',(9.42975474295797,-144.250459671021,25.8695787949565));
#8278=CARTESIAN_POINT('',(7.42975474295797,-136.250459671021,25.8695787949565));
#8279=CARTESIAN_POINT('',(7.42975474295797,-144.250459671021,25.8695787949565));
#8280=CARTESIAN_POINT('',(7.4523827489783,-136.250459671021,26.1695787906647));
#8281=CARTESIAN_POINT('Origin',(9.42975474295797,-136.250459671021,25.8695787949565));
#8282=CARTESIAN_POINT('',(7.4523827489783,-136.100908029701,26.1695787906647));
#8283=CARTESIAN_POINT('',(7.4523827489783,-144.250459671021,26.1695787906647));
#8284=CARTESIAN_POINT('',(7.69770393291118,-136.100908029701,26.8695787906647));
#8285=CARTESIAN_POINT('Origin',(9.42975474295797,-136.100908029701,25.8695787949565));
#8286=CARTESIAN_POINT('',(11.1618055530048,-136.100908029701,26.8695787906647));
#8287=CARTESIAN_POINT('Ctrl Pts',(11.1618055517658,-136.100908029701,26.8695787928106));
#8288=CARTESIAN_POINT('Ctrl Pts',(11.078127454305,-136.100908029546,27.014513509508));
#8289=CARTESIAN_POINT('Ctrl Pts',(10.9687329478683,-136.084008767377,27.1593411508713));
#8290=CARTESIAN_POINT('Ctrl Pts',(10.7156695343898,-136.030331770865,27.4117732817951));
#8291=CARTESIAN_POINT('Ctrl Pts',(10.5719655368547,-135.994411449395,27.5195241622806));
#8292=CARTESIAN_POINT('Ctrl Pts',(10.2877710220502,-135.929875607534,27.6836039421188));
#8293=CARTESIAN_POINT('Ctrl Pts',(10.1226074842769,-135.895382793074,27.7542383224487));
#8294=CARTESIAN_POINT('Ctrl Pts',(9.7772230626177,-135.846441724899,27.8472672696628));
#8295=CARTESIAN_POINT('Ctrl Pts',(9.59684371699704,-135.832958834792,27.8695787949565));
#8296=CARTESIAN_POINT('Ctrl Pts',(9.2626657689189,-135.832958834792,27.8695787949565));
#8297=CARTESIAN_POINT('Ctrl Pts',(9.08228642329823,-135.846441724899,27.8472672696628));
#8298=CARTESIAN_POINT('Ctrl Pts',(8.73690200163902,-135.895382793074,27.7542383224487));
#8299=CARTESIAN_POINT('Ctrl Pts',(8.57173846386569,-135.929875607534,27.6836039421188));
#8300=CARTESIAN_POINT('Ctrl Pts',(8.28754394906123,-135.994411449395,27.5195241622806));
#8301=CARTESIAN_POINT('Ctrl Pts',(8.14383995152613,-136.030331770865,27.4117732817951));
#8302=CARTESIAN_POINT('Ctrl Pts',(7.89077653804762,-136.084008767377,27.1593411508713));
#8303=CARTESIAN_POINT('Ctrl Pts',(7.78138203161089,-136.100908029546,27.014513509508));
#8304=CARTESIAN_POINT('Ctrl Pts',(7.69770393415013,-136.100908029701,26.8695787928106));
#8305=CARTESIAN_POINT('',(11.4071267369376,-136.100908029701,26.1695787906647));
#8306=CARTESIAN_POINT('Origin',(9.42975474295797,-136.100908029701,25.8695787949565));
#8307=CARTESIAN_POINT('',(11.4071267369376,-136.250459671021,26.1695787906647));
#8308=CARTESIAN_POINT('',(11.4071267369376,-144.250459671021,26.1695787906647));
#8309=CARTESIAN_POINT('Origin',(9.42975474295797,-136.250459671021,25.8695787949565));
#8310=CARTESIAN_POINT('Origin',(-9.56506911827733,-144.250459671021,25.8695787949565));
#8311=CARTESIAN_POINT('',(-11.5650691182773,-144.250459671021,25.8695787949565));
#8312=CARTESIAN_POINT('Origin',(-9.56506911827733,-144.250459671021,25.8695787949565));
#8313=CARTESIAN_POINT('',(-11.5650691182773,-136.250459671021,25.8695787949565));
#8314=CARTESIAN_POINT('',(-11.5650691182773,-144.250459671021,25.8695787949565));
#8315=CARTESIAN_POINT('',(-11.542441112257,-136.250459671021,26.1695787906647));
#8316=CARTESIAN_POINT('Origin',(-9.56506911827733,-136.250459671021,25.8695787949565));
#8317=CARTESIAN_POINT('',(-11.542441112257,-136.100908029701,26.1695787906647));
#8318=CARTESIAN_POINT('',(-11.542441112257,-144.250459671021,26.1695787906647));
#8319=CARTESIAN_POINT('',(-11.2971199283241,-136.100908029701,26.8695787906647));
#8320=CARTESIAN_POINT('Origin',(-9.56506911827733,-136.100908029701,25.8695787949565));
#8321=CARTESIAN_POINT('',(-7.83301830823054,-136.100908029701,26.8695787906647));
#8322=CARTESIAN_POINT('Ctrl Pts',(-7.83301830946949,-136.100908029701,26.8695787928106));
#8323=CARTESIAN_POINT('Ctrl Pts',(-7.91669640693025,-136.100908029546,27.014513509508));
#8324=CARTESIAN_POINT('Ctrl Pts',(-8.02609091336698,-136.084008767377,27.1593411508713));
#8325=CARTESIAN_POINT('Ctrl Pts',(-8.27915432684549,-136.030331770865,27.4117732817951));
#8326=CARTESIAN_POINT('Ctrl Pts',(-8.42285832438059,-135.994411449395,27.5195241622806));
#8327=CARTESIAN_POINT('Ctrl Pts',(-8.70705283918505,-135.929875607534,27.6836039421188));
#8328=CARTESIAN_POINT('Ctrl Pts',(-8.87221637695838,-135.895382793074,27.7542383224487));
#8329=CARTESIAN_POINT('Ctrl Pts',(-9.21760079861759,-135.846441724899,27.8472672696628));
#8330=CARTESIAN_POINT('Ctrl Pts',(-9.39798014423826,-135.832958834792,27.8695787949565));
#8331=CARTESIAN_POINT('Ctrl Pts',(-9.73215809231639,-135.832958834792,27.8695787949565));
#8332=CARTESIAN_POINT('Ctrl Pts',(-9.91253743793706,-135.846441724899,27.8472672696628));
#8333=CARTESIAN_POINT('Ctrl Pts',(-10.2579218595963,-135.895382793074,27.7542383224487));
#8334=CARTESIAN_POINT('Ctrl Pts',(-10.4230853973696,-135.929875607534,27.6836039421188));
#8335=CARTESIAN_POINT('Ctrl Pts',(-10.7072799121741,-135.994411449395,27.5195241622806));
#8336=CARTESIAN_POINT('Ctrl Pts',(-10.8509839097092,-136.030331770865,27.4117732817951));
#8337=CARTESIAN_POINT('Ctrl Pts',(-11.1040473231877,-136.084008767377,27.1593411508713));
#8338=CARTESIAN_POINT('Ctrl Pts',(-11.2134418296244,-136.100908029546,27.014513509508));
#8339=CARTESIAN_POINT('Ctrl Pts',(-11.2971199270852,-136.100908029701,26.8695787928106));
#8340=CARTESIAN_POINT('',(-7.58769712429766,-136.100908029701,26.1695787906647));
#8341=CARTESIAN_POINT('Origin',(-9.56506911827733,-136.100908029701,25.8695787949565));
#8342=CARTESIAN_POINT('',(-7.58769712429766,-136.250459671021,26.1695787906647));
#8343=CARTESIAN_POINT('',(-7.58769712429766,-144.250459671021,26.1695787906647));
#8344=CARTESIAN_POINT('Origin',(-9.56506911827733,-136.250459671021,25.8695787949565));
#8345=CARTESIAN_POINT('Origin',(9.42975474295797,-136.250459671021,25.8695787949565));
#8346=CARTESIAN_POINT('',(4.67729073606463,-136.250459671021,26.1695787906647));
#8347=CARTESIAN_POINT('',(4.67729073606463,-136.250459671021,26.1695787906647));
#8348=CARTESIAN_POINT('Origin',(-9.56506911827733,-136.250459671021,25.8695787949565));
#8349=CARTESIAN_POINT('',(-4.82012119455302,-136.250459671021,26.1695787906647));
#8350=CARTESIAN_POINT('',(-4.82012119455302,-136.250459671021,26.1695787906647));
#8351=CARTESIAN_POINT('Origin',(-0.0751732708287101,-85.5005134087262,26.1695787906647));
#8352=CARTESIAN_POINT('',(34.9325680732727,-136.100908029701,26.1695787906647));
#8353=CARTESIAN_POINT('',(36.9325680732727,-136.100908029701,26.1695787906647));
#8354=CARTESIAN_POINT('',(36.9325680732727,-134.100908029701,26.1695787906647));
#8355=CARTESIAN_POINT('Origin',(34.9325680732727,-134.100908029701,26.1695787906647));
#8356=CARTESIAN_POINT('',(36.9325680732727,-97.7479138140533,26.1695787906647));
#8357=CARTESIAN_POINT('',(36.9325680732727,-34.3002948355842,26.1695787906647));
#8358=CARTESIAN_POINT('',(39.9323965190577,-97.9903713363308,26.1695787906647));
#8359=CARTESIAN_POINT('Origin',(39.4321722900806,-85.500384317893,26.1695787906647));
#8360=CARTESIAN_POINT('',(39.9323965190577,-102.250454925409,26.1695787906647));
#8361=CARTESIAN_POINT('',(39.9323965190577,-102.250454925409,26.1695787906647));
#8362=CARTESIAN_POINT('',(41.9323965190577,-104.250454925409,26.1695787906647));
#8363=CARTESIAN_POINT('Origin',(41.9323965190577,-102.250454925409,26.1695787906647));
#8364=CARTESIAN_POINT('',(50.9323984264064,-104.250454925409,26.1695787906647));
#8365=CARTESIAN_POINT('',(50.9323984264064,-104.250454925409,26.1695787906647));
#8366=CARTESIAN_POINT('',(52.9323984264064,-106.250454925409,26.1695787906647));
#8367=CARTESIAN_POINT('Origin',(50.9323984264064,-106.250454925409,26.1695787906647));
#8368=CARTESIAN_POINT('',(52.9323984264064,-110.000453699257,26.1695787906647));
#8369=CARTESIAN_POINT('',(52.9323984264064,-110.000453699257,26.1695787906647));
#8370=CARTESIAN_POINT('',(39.9323965190577,-110.000453699257,26.1695787906647));
#8371=CARTESIAN_POINT('',(41.9323965190577,-110.000453699257,26.1695787906647));
#8372=CARTESIAN_POINT('',(39.9323965190577,-133.500467050697,26.1695787906647));
#8373=CARTESIAN_POINT('',(39.9323965190577,-97.7504835539915,26.1695787906647));
#8374=CARTESIAN_POINT('',(52.9323984264064,-133.500467050697,26.1695787906647));
#8375=CARTESIAN_POINT('',(19.9286116241145,-133.500467050697,26.1695787906647));
#8376=CARTESIAN_POINT('',(52.9323984264064,-137.250452881822,26.1695787906647));
#8377=CARTESIAN_POINT('',(52.9323984264064,-137.250452881822,26.1695787906647));
#8378=CARTESIAN_POINT('',(50.9323984264064,-139.250452881822,26.1695787906647));
#8379=CARTESIAN_POINT('Origin',(50.9323984264064,-137.250452881822,26.1695787906647));
#8380=CARTESIAN_POINT('',(40.4324080550953,-139.250452881822,26.1695787906647));
#8381=CARTESIAN_POINT('',(-29.5678467360941,-139.250452881822,26.1695787906647));
#8382=CARTESIAN_POINT('',(37.4324080551475,-142.250435186497,26.1695787906647));
#8383=CARTESIAN_POINT('Origin',(40.4324080550953,-142.250452881822,26.1695787906647));
#8384=CARTESIAN_POINT('',(37.4324080551475,-136.250452881822,26.1695787906647));
#8385=CARTESIAN_POINT('',(37.4324080551475,-112.375483145274,26.1695787906647));
#8386=CARTESIAN_POINT('',(29.4324080551475,-136.250452881822,26.1695787906647));
#8387=CARTESIAN_POINT('',(14.6786173921594,-136.250452881822,26.1695787906647));
#8388=CARTESIAN_POINT('',(29.4324080551475,-142.250435186497,26.1695787906647));
#8389=CARTESIAN_POINT('',(29.4324080551475,-113.875474297612,26.1695787906647));
#8390=CARTESIAN_POINT('',(26.4324080549773,-139.250452919299,26.1695787906647));
#8391=CARTESIAN_POINT('Origin',(26.4324080551999,-142.250452919299,26.1695787906647));
#8392=CARTESIAN_POINT('',(-40.6685334886181,-139.250452924277,26.1695787906647));
#8393=CARTESIAN_POINT('',(47.2323974727321,-107.600454322812,26.1695787906647));
#8394=CARTESIAN_POINT('Origin',(46.4323974727321,-107.600454322812,26.1695787906647));
#8395=CARTESIAN_POINT('',(47.2323974727321,-135.900454322812,26.1695787906647));
#8396=CARTESIAN_POINT('Origin',(46.4323974727321,-135.900454322812,26.1695787906647));
#8397=CARTESIAN_POINT('Origin',(-0.0751732708287101,-85.5005134087262,26.1695787906647));
#8398=CARTESIAN_POINT('',(-26.5685085784809,-139.250452923231,26.1695787906647));
#8399=CARTESIAN_POINT('',(-40.6685334886181,-139.250452924277,26.1695787906647));
#8400=CARTESIAN_POINT('',(-29.5678467360941,-142.18744010747,26.1695787906647));
#8401=CARTESIAN_POINT('Origin',(-26.5685085782583,-142.250452923231,26.1695787906647));
#8402=CARTESIAN_POINT('',(-29.5678467360941,-136.250452923454,26.1695787906647));
#8403=CARTESIAN_POINT('',(-29.5678467360941,-112.375483165765,26.1695787906647));
#8404=CARTESIAN_POINT('',(-37.5674088596101,-136.250452924047,26.1695787906647));
#8405=CARTESIAN_POINT('',(-18.8212910634482,-136.250452922656,26.1695787906647));
#8406=CARTESIAN_POINT('',(-37.5674088596101,-142.250434627556,26.1695787906647));
#8407=CARTESIAN_POINT('',(-37.5674088596101,-113.875474018141,26.1695787906647));
#8408=CARTESIAN_POINT('',(-40.5674088595546,-139.250452881822,26.1695787906647));
#8409=CARTESIAN_POINT('Origin',(-40.5674088595546,-142.250452881822,26.1695787906647));
#8410=CARTESIAN_POINT('',(-51.0827449680638,-139.250452881822,26.1695787906647));
#8411=CARTESIAN_POINT('',(-51.0827449680638,-139.250452881822,26.1695787906647));
#8412=CARTESIAN_POINT('',(-53.0827449680638,-137.250452881822,26.1695787906647));
#8413=CARTESIAN_POINT('Origin',(-51.0827449680638,-137.250452881822,26.1695787906647));
#8414=CARTESIAN_POINT('',(-53.0827449680638,-133.500467050697,26.1695787906647));
#8415=CARTESIAN_POINT('',(-53.0827449680638,-133.500467050697,26.1695787906647));
#8416=CARTESIAN_POINT('',(-42.0827456282994,-133.500454946367,26.1695787906647));
#8417=CARTESIAN_POINT('',(-42.0827456282994,-133.500454946367,26.1695787906647));
#8418=CARTESIAN_POINT('',(-40.0827478290868,-133.500454946367,26.1695787906647));
#8419=CARTESIAN_POINT('',(-26.5789591194463,-133.500454946367,26.1695787906647));
#8420=CARTESIAN_POINT('',(-40.0827478290868,-110.000453699257,26.1695787906647));
#8421=CARTESIAN_POINT('',(-40.0827478290868,-109.500484177546,26.1695787906647));
#8422=CARTESIAN_POINT('',(-53.0827449680638,-110.000453699257,26.1695787906647));
#8423=CARTESIAN_POINT('',(-20.0789605499577,-110.000453699257,26.1695787906647));
#8424=CARTESIAN_POINT('',(-53.0827449680638,-106.250454925409,26.1695787906647));
#8425=CARTESIAN_POINT('',(-53.0827449680638,-106.250454925409,26.1695787906647));
#8426=CARTESIAN_POINT('',(-51.0827449680638,-104.250454925409,26.1695787906647));
#8427=CARTESIAN_POINT('Origin',(-51.0827449680638,-106.250454925409,26.1695787906647));
#8428=CARTESIAN_POINT('',(-40.0827478290868,-104.250454925409,26.1695787906647));
#8429=CARTESIAN_POINT('',(-40.0827478290868,-104.250454925409,26.1695787906647));
#8430=CARTESIAN_POINT('',(-40.0827478290868,-97.9898543132028,26.1695787906647));
#8431=CARTESIAN_POINT('',(-40.0827478290868,-89.4671665172633,26.1695787906647));
#8432=CARTESIAN_POINT('',(-37.067431926703,-97.7478787286566,26.1695787906647));
#8433=CARTESIAN_POINT('Origin',(-39.5676390891773,-85.5004723034287,26.1695787906647));
#8434=CARTESIAN_POINT('',(-37.067431926703,-134.100908029701,26.1695787906647));
#8435=CARTESIAN_POINT('',(-37.067431926703,-136.100908029701,26.1695787906647));
#8436=CARTESIAN_POINT('',(-35.067431926703,-136.100908029701,26.1695787906647));
#8437=CARTESIAN_POINT('Origin',(-35.067431926703,-134.100908029701,26.1695787906647));
#8438=CARTESIAN_POINT('',(36.9325680732727,-136.100908029701,26.1695787906647));
#8439=CARTESIAN_POINT('',(-45.767250241736,-135.900454322812,26.1695787906647));
#8440=CARTESIAN_POINT('Origin',(-46.567250241736,-135.900454322812,26.1695787906647));
#8441=CARTESIAN_POINT('',(-45.767250241736,-107.600454322812,26.1695787906647));
#8442=CARTESIAN_POINT('Origin',(-46.567250241736,-107.600454322812,26.1695787906647));
#8443=CARTESIAN_POINT('Origin',(-37.067431926703,-136.100908029701,30.3695787906647));
#8444=CARTESIAN_POINT('',(34.9325680732727,-136.100908029701,26.8695787906647));
#8445=CARTESIAN_POINT('',(-18.5713025987659,-136.100908029701,26.8695787906647));
#8446=CARTESIAN_POINT('',(34.9325680732727,-136.100908029701,30.3695787906647));
#8447=CARTESIAN_POINT('Origin',(-37.067431926703,-136.100908029701,30.3695787906647));
#8448=CARTESIAN_POINT('',(-35.067431926703,-136.100908029701,26.8695787906647));
#8449=CARTESIAN_POINT('',(-35.067431926703,-136.100908029701,30.3695787906647));
#8450=CARTESIAN_POINT('',(-18.5713025987659,-136.100908029701,26.8695787906647));
#8451=CARTESIAN_POINT('Origin',(9.42975474295797,-144.250459671021,25.8695787949565));
#8452=CARTESIAN_POINT('Origin',(-9.56506911827733,-144.250459671021,25.8695787949565));
#8453=CARTESIAN_POINT('Origin',(-0.0751732708287101,-85.5005134087262,26.1695787906647));
#8454=CARTESIAN_POINT('',(-40.6685334886181,-139.250452924277,26.1695787906647));
#8455=CARTESIAN_POINT('',(36.9325680732727,-136.100908029701,26.1695787906647));
#8456=CARTESIAN_POINT('Origin',(29.4324080551475,-139.250452919076,30.3695787906647));
#8457=CARTESIAN_POINT('',(-26.5685085784809,-139.250452923231,30.3695787906647));
#8458=CARTESIAN_POINT('Origin',(29.4324080551475,-139.250452919076,30.3695787906647));
#8459=CARTESIAN_POINT('Origin',(-40.0827478290868,-37.5004489308852,30.3695787906647));
#8460=CARTESIAN_POINT('',(-53.0827449680638,-37.5004489308852,26.1695787906647));
#8461=CARTESIAN_POINT('',(-53.0827449680638,-37.5004489308852,30.3695787906647));
#8462=CARTESIAN_POINT('',(-40.0827478290868,-37.5004489308852,26.1695787906647));
#8463=CARTESIAN_POINT('',(-20.0789605499577,-37.5004489308852,26.1695787906647));
#8464=CARTESIAN_POINT('',(-40.0827478290868,-37.5004489308852,30.3695787906647));
#8465=CARTESIAN_POINT('Origin',(-40.0827478290868,-61.0004718190688,30.3695787906647));
#8466=CARTESIAN_POINT('',(-40.0827478290868,-61.0004718190688,26.1695787906647));
#8467=CARTESIAN_POINT('',(-40.0827478290868,-73.2504926138975,26.1695787906647));
#8468=CARTESIAN_POINT('',(-40.0827478290868,-61.0004718190688,30.3695787906647));
#8469=CARTESIAN_POINT('Origin',(-53.0827449680638,-61.0004718190688,30.3695787906647));
#8470=CARTESIAN_POINT('',(-53.0827449680638,-61.0004718190688,26.1695787906647));
#8471=CARTESIAN_POINT('',(-26.5789591194463,-61.0004718190688,26.1695787906647));
#8472=CARTESIAN_POINT('',(-53.0827449680638,-61.0004718190688,30.3695787906647));
#8473=CARTESIAN_POINT('Origin',(39.9323965190577,-37.5004489308852,30.3695787906647));
#8474=CARTESIAN_POINT('',(39.9323965190577,-61.0004718190688,26.1695787906647));
#8475=CARTESIAN_POINT('',(39.9323965190577,-61.0004718190688,30.3695787906647));
#8476=CARTESIAN_POINT('',(39.9323965190577,-37.5004489308852,26.1695787906647));
#8477=CARTESIAN_POINT('',(39.9323965190577,-61.5004811698057,26.1695787906647));
#8478=CARTESIAN_POINT('',(39.9323965190577,-37.5004489308852,30.3695787906647));
#8479=CARTESIAN_POINT('Origin',(39.9323965190577,-61.0004718190688,30.3695787906647));
#8480=CARTESIAN_POINT('',(52.9323984264064,-61.0004718190688,26.1695787906647));
#8481=CARTESIAN_POINT('',(52.9323984264064,-61.0004718190688,30.3695787906647));
#8482=CARTESIAN_POINT('',(19.9286116241145,-61.0004718190688,26.1695787906647));
#8483=CARTESIAN_POINT('Origin',(-40.0827478290868,-133.500454946367,30.3695787906647));
#8484=CARTESIAN_POINT('',(-40.0827478290868,-133.500454946367,30.3695787906647));
#8485=CARTESIAN_POINT('',(-40.0827478290868,-110.000453699257,30.3695787906647));
#8486=CARTESIAN_POINT('Origin',(-40.0827478290868,-110.000453699257,30.3695787906647));
#8487=CARTESIAN_POINT('',(-53.0827449680638,-110.000453699257,30.3695787906647));
#8488=CARTESIAN_POINT('Origin',(-53.0827449680638,-133.500454946367,30.3695787906647));
#8489=CARTESIAN_POINT('',(-42.0827456282994,-133.500454946367,30.3695787906647));
#8490=CARTESIAN_POINT('Origin',(39.9323965190577,-110.000453699257,30.3695787906647));
#8491=CARTESIAN_POINT('',(39.9323965190577,-110.000453699257,30.3695787906647));
#8492=CARTESIAN_POINT('',(39.9323965190577,-133.500467050697,30.3695787906647));
#8493=CARTESIAN_POINT('Origin',(39.9323965190577,-133.500467050697,30.3695787906647));
#8494=CARTESIAN_POINT('',(52.9323984264064,-133.500467050697,30.3695787906647));
#8495=CARTESIAN_POINT('Origin',(-0.0751732708287101,-85.5005134087262,26.1695787906647));
#8496=CARTESIAN_POINT('',(-53.0827449680638,-33.7504535630167,26.1695787906647));
#8497=CARTESIAN_POINT('',(-53.0827449680638,-33.7504535630167,26.1695787906647));
#8498=CARTESIAN_POINT('',(-51.0827449680638,-31.7504535630167,26.1695787906647));
#8499=CARTESIAN_POINT('Origin',(-51.0827449680638,-33.7504535630167,26.1695787906647));
#8500=CARTESIAN_POINT('',(-40.5670776345706,-31.7504549026489,26.1695787906647));
#8501=CARTESIAN_POINT('',(-30.5000000000473,-31.7504549026489,26.1695787906647));
#8502=CARTESIAN_POINT('',(-37.5674088596102,-28.7950333787031,26.1695787906647));
#8503=CARTESIAN_POINT('Origin',(-40.5670776345706,-28.7504549026489,26.1695787906647));
#8504=CARTESIAN_POINT('',(-37.5674088596101,-34.0004549026489,26.1695787906647));
#8505=CARTESIAN_POINT('',(-37.5674088596101,-58.6254841556876,26.1695787906647));
#8506=CARTESIAN_POINT('',(-31.5317498543491,-34.0004549026489,26.1695787906647));
#8507=CARTESIAN_POINT('',(-15.287586635438,-34.0004549026489,26.1695787906647));
#8508=CARTESIAN_POINT('',(-32.5000000000473,-34.2504572868347,26.1695787906647));
#8509=CARTESIAN_POINT('Origin',(-32.5000000000473,-32.2504572868347,26.1695787906647));
#8510=CARTESIAN_POINT('',(-35.067431926703,-34.2504572868347,26.1695787906647));
#8511=CARTESIAN_POINT('',(-35.0674319267273,-34.2504572868347,26.1695787906647));
#8512=CARTESIAN_POINT('',(-37.067431926703,-36.2504572868347,26.1695787906647));
#8513=CARTESIAN_POINT('Origin',(-35.067431926703,-36.2504572868347,26.1695787906647));
#8514=CARTESIAN_POINT('',(-37.067431926703,-73.2530658782009,26.1695787906647));
#8515=CARTESIAN_POINT('',(-37.067431926703,-136.100908029701,26.1695787906647));
#8516=CARTESIAN_POINT('',(-40.0827478290868,-73.0110902936546,26.1695787906647));
#8517=CARTESIAN_POINT('Origin',(-39.5676390891773,-85.5004723034287,26.1695787906647));
#8518=CARTESIAN_POINT('',(-40.0827478290868,-68.750445388667,26.1695787906647));
#8519=CARTESIAN_POINT('',(-40.0827478290868,-68.750445388667,26.1695787906647));
#8520=CARTESIAN_POINT('',(-42.0827478290868,-66.750445388667,26.1695787906647));
#8521=CARTESIAN_POINT('Origin',(-42.0827478290868,-68.750445388667,26.1695787906647));
#8522=CARTESIAN_POINT('',(-51.0827449680638,-66.750445388667,26.1695787906647));
#8523=CARTESIAN_POINT('',(-51.0827449680638,-66.750445388667,26.1695787906647));
#8524=CARTESIAN_POINT('',(-53.0827449680638,-64.750445388667,26.1695787906647));
#8525=CARTESIAN_POINT('Origin',(-51.0827449680638,-64.750445388667,26.1695787906647));
#8526=CARTESIAN_POINT('',(-53.0827449680638,-61.0004718190688,26.1695787906647));
#8527=CARTESIAN_POINT('',(-45.767250241736,-35.1002948355842,26.1695787906647));
#8528=CARTESIAN_POINT('Origin',(-46.567250241736,-35.1002948355842,26.1695787906647));
#8529=CARTESIAN_POINT('',(-45.767250241736,-63.4002948355842,26.1695787906647));
#8530=CARTESIAN_POINT('Origin',(-46.567250241736,-63.4002948355842,26.1695787906647));
#8531=CARTESIAN_POINT('Origin',(27.5050403829171,-32.4749086710878,30.3695787906647));
#8532=CARTESIAN_POINT('',(30.0452845983593,-30.8789264262265,28.4784275452435));
#8533=CARTESIAN_POINT('',(30.5020161531559,-32.340237840536,26.8695787906647));
#8534=CARTESIAN_POINT('Ctrl Pts',(30.0452846012981,-30.878926430904,28.4784275380846));
#8535=CARTESIAN_POINT('Ctrl Pts',(30.19287360477,-31.1138363837385,28.2986642808769));
#8536=CARTESIAN_POINT('Ctrl Pts',(30.2929587028619,-31.3439783527057,28.0726380988818));
#8537=CARTESIAN_POINT('Ctrl Pts',(30.4515596188637,-31.8393120393871,27.5200861371152));
#8538=CARTESIAN_POINT('Ctrl Pts',(30.4909746448657,-32.102513307384,27.1768086393364));
#8539=CARTESIAN_POINT('Ctrl Pts',(30.5018752699961,-32.3371306499496,26.8735942768391));
#8540=CARTESIAN_POINT('Ctrl Pts',(30.5019026911635,-32.3377054404623,26.8711718923729));
#8541=CARTESIAN_POINT('Ctrl Pts',(30.5019410700652,-32.33857664097,26.8689315227022));
#8542=CARTESIAN_POINT('',(30.0452846012981,-30.878926430904,17.6695787906647));
#8543=CARTESIAN_POINT('',(30.0452846012981,-30.878926430904,30.3695787906647));
#8544=CARTESIAN_POINT('',(30.4162549016386,-31.7504571364872,17.6695787906647));
#8545=CARTESIAN_POINT('Origin',(27.5050403829171,-32.4749086710878,17.6695787906647));
#8546=CARTESIAN_POINT('',(30.5020161105052,-32.3402378424525,19.8976394004382));
#8547=CARTESIAN_POINT('Origin',(27.5050403829171,-32.4749086710878,20.406390097584));
#8548=CARTESIAN_POINT('',(30.5020161531559,-32.340237840536,30.3695787906647));
#8549=CARTESIAN_POINT('Origin',(27.4999999999818,-32.4668740698942,30.3695787906647));
#8550=CARTESIAN_POINT('',(30.4999999999818,-32.4668740699838,27.0853648276643));
#8551=CARTESIAN_POINT('Ctrl Pts',(30.0452780653756,-30.8789321409103,28.4784296949008));
#8552=CARTESIAN_POINT('Ctrl Pts',(30.065943506251,-30.9120563329301,28.4531757580028));
#8553=CARTESIAN_POINT('Ctrl Pts',(30.0861478567464,-30.9458814786342,28.426421117667));
#8554=CARTESIAN_POINT('Ctrl Pts',(30.2801203007587,-31.2859214607296,28.1473576918468));
#8555=CARTESIAN_POINT('Ctrl Pts',(30.3838094229018,-31.5840275035945,27.8201678429554));
#8556=CARTESIAN_POINT('Ctrl Pts',(30.472163806087,-32.0330589267019,27.2830516629351));
#8557=CARTESIAN_POINT('Ctrl Pts',(30.4838646433266,-32.1468703414617,27.1422477417358));
#8558=CARTESIAN_POINT('Ctrl Pts',(30.4918235330237,-32.2444949990454,27.0502227256977));
#8559=CARTESIAN_POINT('Ctrl Pts',(30.4932703319194,-32.265086363515,27.0333778623837));
#8560=CARTESIAN_POINT('Ctrl Pts',(30.4953929342526,-32.2999736397125,27.013422057509));
#8561=CARTESIAN_POINT('Ctrl Pts',(30.4961221442943,-32.313809824,27.0085727624561));
#8562=CARTESIAN_POINT('Ctrl Pts',(30.4972852558582,-32.3387438239083,27.0055340643421));
#8563=CARTESIAN_POINT('Ctrl Pts',(30.4977360702895,-32.3498357456324,27.0066288217417));
#8564=CARTESIAN_POINT('Ctrl Pts',(30.4987516551951,-32.3785301931314,27.0146687638115));
#8565=CARTESIAN_POINT('Ctrl Pts',(30.4992650469774,-32.397191977853,27.0252368509402));
#8566=CARTESIAN_POINT('Ctrl Pts',(30.499845378488,-32.4330424547653,27.0532402822028));
#8567=CARTESIAN_POINT('Ctrl Pts',(30.4999999999826,-32.4492516825787,27.0678960744956));
#8568=CARTESIAN_POINT('Ctrl Pts',(30.4999999999818,-32.4668740700279,27.0853648276193));
#8569=CARTESIAN_POINT('',(30.4999999999818,-32.4668740698942,30.3695787906647));
#8570=CARTESIAN_POINT('',(30.0424043824779,-30.874335230222,28.4819281810112));
#8571=CARTESIAN_POINT('',(30.0424043824779,-30.874335230222,30.3695787906647));
#8572=CARTESIAN_POINT('Ctrl Pts',(30.0452845974902,-30.8789264248433,28.4784275427225));
#8573=CARTESIAN_POINT('Ctrl Pts',(30.0443244392649,-30.8773981895479,28.4795970144649));
#8574=CARTESIAN_POINT('Ctrl Pts',(30.0433643642659,-30.8758677905867,28.4807638939265));
#8575=CARTESIAN_POINT('Ctrl Pts',(30.0424043824779,-30.874335230222,28.4819281810112));
#8576=CARTESIAN_POINT('Origin',(33.4322768924726,-28.7509501106589,30.3695787906647));
#8577=CARTESIAN_POINT('',(37.4322768924727,-28.7509501106589,26.1695787906647));
#8578=CARTESIAN_POINT('',(37.4322768924727,-28.7509501106589,30.3695787906647));
#8579=CARTESIAN_POINT('',(37.4322768924727,-28.7509501106589,17.6695787906647));
#8580=CARTESIAN_POINT('',(37.4322768924727,-28.7509501106589,30.3695787906647));
#8581=CARTESIAN_POINT('Origin',(33.4322768924726,-28.7509501106589,17.6695787906647));
#8582=CARTESIAN_POINT('Origin',(30.4999999999818,-32.2504572868347,30.3695787906647));
#8583=CARTESIAN_POINT('',(30.4999999999818,-35.7145589019725,28.8695787906647));
#8584=CARTESIAN_POINT('Ctrl Pts',(30.4999999999818,-35.7145589019725,28.8695787906647));
#8585=CARTESIAN_POINT('Ctrl Pts',(30.4999999999818,-35.4596814800969,28.8695787906647));
#8586=CARTESIAN_POINT('Ctrl Pts',(30.4999999999818,-35.1843593386943,28.8306701344019));
#8587=CARTESIAN_POINT('Ctrl Pts',(30.4999999999818,-34.652340220986,28.6804165289511));
#8588=CARTESIAN_POINT('Ctrl Pts',(30.4999999999818,-34.3954826014203,28.5696409690151));
#8589=CARTESIAN_POINT('Ctrl Pts',(30.4999999999818,-33.8259754004735,28.2631256851016));
#8590=CARTESIAN_POINT('Ctrl Pts',(30.4999999999818,-33.4801702091364,28.0117012541112));
#8591=CARTESIAN_POINT('Ctrl Pts',(30.4999999999818,-32.9143460435564,27.5233282463274));
#8592=CARTESIAN_POINT('Ctrl Pts',(30.4999999999818,-32.6836036824538,27.3002049622724));
#8593=CARTESIAN_POINT('Ctrl Pts',(30.4999999999818,-32.4668740700282,27.0853648276196));
#8594=CARTESIAN_POINT('',(30.4999999999817,-26.0303339624741,28.8695787906647));
#8595=CARTESIAN_POINT('',(30.4999999999818,-39.8468458602478,30.3695787906647));
#8596=CARTESIAN_POINT('Origin',(-27.5000000000473,-32.2409734117433,30.3695787906647));
#8597=CARTESIAN_POINT('',(-30.100424421709,-30.745048003434,17.6695787906647));
#8598=CARTESIAN_POINT('',(-30.4596269346855,-31.7504549026489,17.6695787906647));
#8599=CARTESIAN_POINT('Origin',(-27.5000000000473,-32.2409734117433,17.6695787906647));
#8600=CARTESIAN_POINT('',(-30.100424421709,-30.745048003434,30.3695787906647));
#8601=CARTESIAN_POINT('Origin',(-27.5000000000473,-32.2409734117433,19.5226487139103));
#8602=CARTESIAN_POINT('Origin',(-33.5676569839246,-28.750480792355,30.3695787906647));
#8603=CARTESIAN_POINT('',(-37.5674088596101,-28.7950333787029,17.6695787906647));
#8604=CARTESIAN_POINT('Origin',(-33.5676569839246,-28.750480792355,17.6695787906647));
#8605=CARTESIAN_POINT('',(-37.5674088596101,-28.7950333787029,30.3695787906647));
#8606=CARTESIAN_POINT('',(-37.5674088596102,-28.7950333787031,30.3695787906647));
#8607=CARTESIAN_POINT('Origin',(-33.5676569839246,-28.750480792355,30.3695787906647));
#8608=CARTESIAN_POINT('',(-36.213437650867,-31.7504549026489,17.6695787906647));
#8609=CARTESIAN_POINT('',(-30.9218763169823,-31.7504549026489,17.6695787906647));
#8610=CARTESIAN_POINT('Origin',(-33.5676569839246,-28.750480792355,6.33634326288747));
#8611=CARTESIAN_POINT('Origin',(-33.5676569839246,-28.750480792355,17.6695787906647));
#8612=CARTESIAN_POINT('Origin',(33.4322768924726,-28.7509501106589,30.3695787906647));
#8613=CARTESIAN_POINT('',(30.7859664927553,-31.750456948182,17.6695787906647));
#8614=CARTESIAN_POINT('',(36.0785903476663,-31.7504542524899,17.6695787906647));
#8615=CARTESIAN_POINT('Origin',(33.4322768924726,-28.7509501106589,6.33811360743886));
#8616=CARTESIAN_POINT('Origin',(33.4322768924726,-28.7509501106589,17.6695787906647));
#8617=CARTESIAN_POINT('Origin',(-37.5674088596101,-31.7504549026489,30.3695787906647));
#8618=CARTESIAN_POINT('',(-37.5674088596101,-31.7504549026489,17.6695787906647));
#8619=CARTESIAN_POINT('',(-37.5674088596101,-28.7059282060067,17.6695787906647));
#8620=CARTESIAN_POINT('',(-37.5674088596102,-33.8837713941606,25.7287744252645));
#8621=CARTESIAN_POINT('Origin',(-32.8176754526898,-42.7506923691072,28.8695787906647));
#8622=CARTESIAN_POINT('',(-35.067431926703,-46.0580471743307,28.8695787906647));
#8623=CARTESIAN_POINT('Origin',(-32.8176754526898,-42.7506923691072,28.8695787906647));
#8624=CARTESIAN_POINT('',(-35.067431926703,-39.4433375638836,28.8695787906647));
#8625=CARTESIAN_POINT('Ctrl Pts',(-35.067431926703,-39.4433375638836,28.8695787906647));
#8626=CARTESIAN_POINT('Ctrl Pts',(-35.1652896830201,-39.5099031831691,28.8695787906647));
#8627=CARTESIAN_POINT('Ctrl Pts',(-35.2584701010362,-39.5797767156111,28.862308396953));
#8628=CARTESIAN_POINT('Ctrl Pts',(-35.8219189907302,-40.0387875077677,28.783621890317));
#8629=CARTESIAN_POINT('Ctrl Pts',(-36.1878605215035,-40.5192350562109,28.5607155225664));
#8630=CARTESIAN_POINT('Ctrl Pts',(-36.5594901898403,-41.307382636017,28.2122008541688));
#8631=CARTESIAN_POINT('Ctrl Pts',(-36.6536611709013,-41.5804041541842,28.0930526073062));
#8632=CARTESIAN_POINT('Ctrl Pts',(-36.7824851954448,-42.1468356699457,27.9047624889656));
#8633=CARTESIAN_POINT('Ctrl Pts',(-36.8176754526897,-42.4407081840988,27.837384349515));
#8634=CARTESIAN_POINT('Ctrl Pts',(-36.8176754526897,-43.0606765541156,27.837384349515));
#8635=CARTESIAN_POINT('Ctrl Pts',(-36.7824851954448,-43.3545490682686,27.9047624889656));
#8636=CARTESIAN_POINT('Ctrl Pts',(-36.6536611709013,-43.9209805840301,28.0930526073062));
#8637=CARTESIAN_POINT('Ctrl Pts',(-36.5594901898403,-44.1940021021973,28.2122008541688));
#8638=CARTESIAN_POINT('Ctrl Pts',(-36.1878605215035,-44.9821496820034,28.5607155225664));
#8639=CARTESIAN_POINT('Ctrl Pts',(-35.8219189907302,-45.4625972304466,28.783621890317));
#8640=CARTESIAN_POINT('Ctrl Pts',(-35.2584701010362,-45.9216080226033,28.862308396953));
#8641=CARTESIAN_POINT('Ctrl Pts',(-35.1652896830201,-45.9914815550452,28.8695787906647));
#8642=CARTESIAN_POINT('Ctrl Pts',(-35.067431926703,-46.0580471743307,28.8695787906647));
#8643=CARTESIAN_POINT('Origin',(-32.8176754526898,-42.7506923691072,28.8695787906647));
#8644=CARTESIAN_POINT('Origin',(-32.8176754526898,-42.7506923691072,27.1195787906647));
#8645=CARTESIAN_POINT('Origin',(-33.408837726345,-42.7506923691072,27.1195787906647));
#8646=CARTESIAN_POINT('Origin',(-0.0751732708287234,-85.5005134087262,28.8695787906647));
#8647=CARTESIAN_POINT('',(-35.067431926703,-36.2504572868347,28.8695787906647));
#8648=CARTESIAN_POINT('',(-35.067431926703,-59.9004041221552,28.8695787906647));
#8649=CARTESIAN_POINT('',(-32.5000000000473,-36.2504572868347,28.8695787906647));
#8650=CARTESIAN_POINT('',(-16.287586635438,-36.2504572868347,28.8695787906647));
#8651=CARTESIAN_POINT('Origin',(-32.5000000000473,-32.2504572868347,28.8695787906647));
#8652=CARTESIAN_POINT('Origin',(-0.0751732708287234,-85.5005134087262,28.8695787906647));
#8653=CARTESIAN_POINT('',(32.4999999999818,-36.2504572868347,28.8695787906647));
#8654=CARTESIAN_POINT('Origin',(32.4999999999818,-32.2504572868347,28.8695787906647));
#8655=CARTESIAN_POINT('',(34.9325680732727,-36.2504572868347,28.8695787906647));
#8656=CARTESIAN_POINT('',(17.428697401222,-36.2504572868347,28.8695787906647));
#8657=CARTESIAN_POINT('',(34.9325680732727,-110.800710719214,28.8695787906647));
#8658=CARTESIAN_POINT('Origin',(-35.067431926703,-36.2504572868347,26.8695787906647));
#8659=CARTESIAN_POINT('',(-37.067431926703,-36.2504572868347,26.8695787906647));
#8660=CARTESIAN_POINT('Origin',(-35.067431926703,-36.2504572868347,26.8695787906647));
#8661=CARTESIAN_POINT('',(-35.067431926703,-34.2504572868347,26.8695787906647));
#8662=CARTESIAN_POINT('Origin',(-35.067431926703,-36.2504572868347,26.8695787906647));
#8663=CARTESIAN_POINT('Origin',(-35.067431926703,-36.2504572868347,26.8695787906647));
#8664=CARTESIAN_POINT('Origin',(-35.067431926703,-36.2504572868347,30.3695787906647));
#8665=CARTESIAN_POINT('',(-35.067431926703,-34.2504572868347,30.3695787906647));
#8666=CARTESIAN_POINT('',(-37.067431926703,-36.2504572868347,30.3695787906647));
#8667=CARTESIAN_POINT('Origin',(-32.5000000000473,-32.2504572868347,26.8695787906647));
#8668=CARTESIAN_POINT('',(-32.5000000000473,-34.2504572868347,26.8695787906647));
#8669=CARTESIAN_POINT('Origin',(-32.5000000000473,-36.2504572868347,26.8695787906647));
#8670=CARTESIAN_POINT('Origin',(-32.5000000000473,-32.2504572868347,26.8695787906647));
#8671=CARTESIAN_POINT('Origin',(-16.287586635438,-36.2504572868347,26.8695787906647));
#8672=CARTESIAN_POINT('',(-16.287586635438,-34.2504572868347,26.8695787906647));
#8673=CARTESIAN_POINT('Origin',(-35.067431926703,-134.100908029701,26.8695787906647));
#8674=CARTESIAN_POINT('',(-35.067431926703,-134.100908029701,28.8695787906647));
#8675=CARTESIAN_POINT('Origin',(-35.067431926703,-134.100908029701,26.8695787906647));
#8676=CARTESIAN_POINT('',(-37.067431926703,-134.100908029701,26.8695787906647));
#8677=CARTESIAN_POINT('Origin',(-35.067431926703,-134.100908029701,26.8695787906647));
#8678=CARTESIAN_POINT('Origin',(-35.067431926703,-134.100908029701,26.8695787906647));
#8679=CARTESIAN_POINT('Origin',(-35.067431926703,-134.100908029701,30.3695787906647));
#8680=CARTESIAN_POINT('',(-37.067431926703,-134.100908029701,30.3695787906647));
#8681=CARTESIAN_POINT('Origin',(-35.067431926703,-59.9004041221552,26.8695787906647));
#8682=CARTESIAN_POINT('',(-35.067431926703,-59.9004041221552,28.8695787906647));
#8683=CARTESIAN_POINT('',(-37.067431926703,-59.9004041221552,26.8695787906647));
#8684=CARTESIAN_POINT('',(-35.0674319267273,-75.7666009139323,28.8695787906647));
#8685=CARTESIAN_POINT('',(-35.067431926703,-59.9004041221552,28.8695787906647));
#8686=CARTESIAN_POINT('',(-35.0674319267273,-83.7343184281087,28.8695787906647));
#8687=CARTESIAN_POINT('',(-35.0674319267273,-83.7343184281087,28.8695787906647));
#8688=CARTESIAN_POINT('',(-35.0674319267273,-85.7666009139323,28.8695787906647));
#8689=CARTESIAN_POINT('',(-35.067431926703,-59.9004041221552,28.8695787906647));
#8690=CARTESIAN_POINT('',(-35.0674319267273,-93.7343184281087,28.8695787906647));
#8691=CARTESIAN_POINT('',(-35.0674319267273,-93.7343184281087,28.8695787906647));
#8692=CARTESIAN_POINT('',(-35.0674319267273,-95.7666009139323,28.8695787906647));
#8693=CARTESIAN_POINT('',(-35.067431926703,-59.9004041221552,28.8695787906647));
#8694=CARTESIAN_POINT('',(-35.0674319267273,-103.734318428109,28.8695787906647));
#8695=CARTESIAN_POINT('',(-35.0674319267273,-103.734318428109,28.8695787906647));
#8696=CARTESIAN_POINT('',(-35.0674319267273,-105.766600913932,28.8695787906647));
#8697=CARTESIAN_POINT('',(-35.067431926703,-59.9004041221552,28.8695787906647));
#8698=CARTESIAN_POINT('',(-35.0674319267273,-113.734318428109,28.8695787906647));
#8699=CARTESIAN_POINT('',(-35.0674319267273,-113.734318428109,28.8695787906647));
#8700=CARTESIAN_POINT('',(-35.0674319267273,-115.766600913932,28.8695787906647));
#8701=CARTESIAN_POINT('',(-35.067431926703,-59.9004041221552,28.8695787906647));
#8702=CARTESIAN_POINT('',(-35.0674319267273,-123.734318428109,28.8695787906647));
#8703=CARTESIAN_POINT('',(-35.0674319267273,-123.734318428109,28.8695787906647));
#8704=CARTESIAN_POINT('',(-35.067431926703,-59.9004041221552,28.8695787906647));
#8705=CARTESIAN_POINT('Origin',(34.9325680732727,-36.2504572868347,26.8695787906647));
#8706=CARTESIAN_POINT('',(34.9325680732727,-34.2504572868347,26.8695787906647));
#8707=CARTESIAN_POINT('Origin',(34.9325680732727,-36.2504572868347,26.8695787906647));
#8708=CARTESIAN_POINT('',(36.9325680732727,-36.2504572868347,26.8695787906647));
#8709=CARTESIAN_POINT('Origin',(34.9325680732727,-36.2504572868347,26.8695787906647));
#8710=CARTESIAN_POINT('Origin',(34.9325680732727,-36.2504572868347,26.8695787906647));
#8711=CARTESIAN_POINT('Origin',(34.9325680732727,-36.2504572868347,30.3695787906647));
#8712=CARTESIAN_POINT('',(34.9325680732727,-34.2504572868347,26.1695787906647));
#8713=CARTESIAN_POINT('',(36.9325680732727,-36.2504572868347,26.1695787906647));
#8714=CARTESIAN_POINT('Origin',(34.9325680732727,-36.2504572868347,26.1695787906647));
#8715=CARTESIAN_POINT('',(36.9325680732727,-36.2504572868347,30.3695787906647));
#8716=CARTESIAN_POINT('',(34.9325680732727,-34.2504572868347,30.3695787906647));
#8717=CARTESIAN_POINT('Origin',(34.9325680732727,-134.100908029701,26.8695787906647));
#8718=CARTESIAN_POINT('',(36.9325680732727,-134.100908029701,26.8695787906647));
#8719=CARTESIAN_POINT('',(34.9325680732727,-134.100908029701,28.8695787906647));
#8720=CARTESIAN_POINT('Origin',(34.9325680732727,-134.100908029701,26.8695787906647));
#8721=CARTESIAN_POINT('Origin',(34.9325680732727,-134.100908029701,26.8695787906647));
#8722=CARTESIAN_POINT('Origin',(34.9325680732727,-134.100908029701,26.8695787906647));
#8723=CARTESIAN_POINT('Origin',(34.9325680732727,-134.100908029701,30.3695787906647));
#8724=CARTESIAN_POINT('',(36.9325680732727,-134.100908029701,30.3695787906647));
#8725=CARTESIAN_POINT('Origin',(-18.5713025987659,-134.100908029701,26.8695787906647));
#8726=CARTESIAN_POINT('',(-18.5713025987659,-136.100908029701,26.8695787906647));
#8727=CARTESIAN_POINT('',(-29.9951020281998,-134.100908029701,28.8695787906647));
#8728=CARTESIAN_POINT('',(-18.5713025987659,-134.100908029701,28.8695787906647));
#8729=CARTESIAN_POINT('',(-30.0481940402605,-134.750459670931,28.7611608442618));
#8730=CARTESIAN_POINT('Ctrl Pts',(-29.9951020281998,-134.100908029701,28.8695787906647));
#8731=CARTESIAN_POINT('Ctrl Pts',(-30.0298479091263,-134.312036423894,28.8695787906647));
#8732=CARTESIAN_POINT('Ctrl Pts',(-30.0481940402552,-134.536943986047,28.8344801397286));
#8733=CARTESIAN_POINT('Ctrl Pts',(-30.0481940402605,-134.750459670922,28.7611608442344));
#8734=CARTESIAN_POINT('',(-22.0481940402605,-134.750459671021,28.7611608442006));
#8735=CARTESIAN_POINT('',(-18.5713025987659,-134.750459671021,28.7611608442006));
#8736=CARTESIAN_POINT('',(-22.1012860523211,-134.100908029701,28.8695787906647));
#8737=CARTESIAN_POINT('Ctrl Pts',(-22.0481940402605,-134.750459671021,28.7611608442006));
#8738=CARTESIAN_POINT('Ctrl Pts',(-22.0481940402605,-134.536943986116,28.8344801397174));
#8739=CARTESIAN_POINT('Ctrl Pts',(-22.0665401713893,-134.312036423926,28.8695787906647));
#8740=CARTESIAN_POINT('Ctrl Pts',(-22.1012860523211,-134.100908029701,28.8695787906647));
#8741=CARTESIAN_POINT('',(-12.674593952511,-134.100908029701,28.8695787906647));
#8742=CARTESIAN_POINT('',(-18.5713025987659,-134.100908029701,28.8695787906647));
#8743=CARTESIAN_POINT('',(-12.7276859645717,-134.750459670931,28.7611608442618));
#8744=CARTESIAN_POINT('Ctrl Pts',(-12.674593952511,-134.100908029701,28.8695787906647));
#8745=CARTESIAN_POINT('Ctrl Pts',(-12.7093398334376,-134.312036423894,28.8695787906647));
#8746=CARTESIAN_POINT('Ctrl Pts',(-12.7276859645664,-134.536943986047,28.8344801397286));
#8747=CARTESIAN_POINT('Ctrl Pts',(-12.7276859645717,-134.750459670922,28.7611608442344));
#8748=CARTESIAN_POINT('',(-4.72768596457169,-134.750459671021,28.7611608442006));
#8749=CARTESIAN_POINT('',(-18.5713025987659,-134.750459671021,28.7611608442006));
#8750=CARTESIAN_POINT('',(-4.78077797663235,-134.100908029701,28.8695787906647));
#8751=CARTESIAN_POINT('Ctrl Pts',(-4.72768596457169,-134.750459671021,28.7611608442006));
#8752=CARTESIAN_POINT('Ctrl Pts',(-4.72768596457169,-134.536943986116,28.8344801397174));
#8753=CARTESIAN_POINT('Ctrl Pts',(-4.74603209570048,-134.312036423926,28.8695787906647));
#8754=CARTESIAN_POINT('Ctrl Pts',(-4.78077797663235,-134.100908029701,28.8695787906647));
#8755=CARTESIAN_POINT('',(4.64591412317776,-134.100908029701,28.8695787906647));
#8756=CARTESIAN_POINT('',(-18.5713025987659,-134.100908029701,28.8695787906647));
#8757=CARTESIAN_POINT('',(4.5928221111171,-134.750459670931,28.7611608442618));
#8758=CARTESIAN_POINT('Ctrl Pts',(4.64591412317776,-134.100908029701,28.8695787906647));
#8759=CARTESIAN_POINT('Ctrl Pts',(4.61116824225123,-134.312036423894,28.8695787906647));
#8760=CARTESIAN_POINT('Ctrl Pts',(4.59282211112235,-134.536943986047,28.8344801397287));
#8761=CARTESIAN_POINT('Ctrl Pts',(4.5928221111171,-134.750459670922,28.7611608442344));
#8762=CARTESIAN_POINT('',(12.5928221111171,-134.750459671021,28.7611608442006));
#8763=CARTESIAN_POINT('',(-18.5713025987659,-134.750459671021,28.7611608442006));
#8764=CARTESIAN_POINT('',(12.5397300990564,-134.100908029701,28.8695787906647));
#8765=CARTESIAN_POINT('Ctrl Pts',(12.5928221111171,-134.750459671021,28.7611608442006));
#8766=CARTESIAN_POINT('Ctrl Pts',(12.5928221111171,-134.536943986116,28.8344801397174));
#8767=CARTESIAN_POINT('Ctrl Pts',(12.5744759799883,-134.312036423926,28.8695787906647));
#8768=CARTESIAN_POINT('Ctrl Pts',(12.5397300990564,-134.100908029701,28.8695787906647));
#8769=CARTESIAN_POINT('',(21.9664221988665,-134.100908029701,28.8695787906647));
#8770=CARTESIAN_POINT('',(-18.5713025987659,-134.100908029701,28.8695787906647));
#8771=CARTESIAN_POINT('',(21.9133301868059,-134.750459670931,28.7611608442618));
#8772=CARTESIAN_POINT('Ctrl Pts',(21.9664221988665,-134.100908029701,28.8695787906647));
#8773=CARTESIAN_POINT('Ctrl Pts',(21.93167631794,-134.312036423894,28.8695787906647));
#8774=CARTESIAN_POINT('Ctrl Pts',(21.9133301868111,-134.536943986047,28.8344801397286));
#8775=CARTESIAN_POINT('Ctrl Pts',(21.9133301868059,-134.750459670922,28.7611608442344));
#8776=CARTESIAN_POINT('',(29.9133301868059,-134.750459671021,28.7611608442006));
#8777=CARTESIAN_POINT('',(-18.5713025987659,-134.750459671021,28.7611608442006));
#8778=CARTESIAN_POINT('',(29.8602381747452,-134.100908029701,28.8695787906647));
#8779=CARTESIAN_POINT('Ctrl Pts',(29.9133301868059,-134.750459671021,28.7611608442006));
#8780=CARTESIAN_POINT('Ctrl Pts',(29.9133301868059,-134.536943986116,28.8344801397174));
#8781=CARTESIAN_POINT('Ctrl Pts',(29.8949840556771,-134.312036423926,28.8695787906647));
#8782=CARTESIAN_POINT('Ctrl Pts',(29.8602381747452,-134.100908029701,28.8695787906647));
#8783=CARTESIAN_POINT('',(-18.5713025987659,-134.100908029701,28.8695787906647));
#8784=CARTESIAN_POINT('Origin',(34.9325680732727,-110.800710719214,26.8695787906647));
#8785=CARTESIAN_POINT('',(34.9325680732727,-124.919187056667,28.8695787906647));
#8786=CARTESIAN_POINT('Ctrl Pts',(35.6730684469184,-127.522653998277,28.7274429397968));
#8787=CARTESIAN_POINT('Ctrl Pts',(35.6793022091405,-127.431180253854,28.7249583107367));
#8788=CARTESIAN_POINT('Ctrl Pts',(35.6823245473103,-127.340360972673,28.7237269049314));
#8789=CARTESIAN_POINT('Ctrl Pts',(35.6823245473103,-126.793955503039,28.7237269049314));
#8790=CARTESIAN_POINT('Ctrl Pts',(35.5995318571033,-126.307911538934,28.7631060004377));
#8791=CARTESIAN_POINT('Ctrl Pts',(35.3060589527785,-125.519561583819,28.838626006787));
#8792=CARTESIAN_POINT('Ctrl Pts',(35.1349110462213,-125.201264019709,28.8695787906647));
#8793=CARTESIAN_POINT('Ctrl Pts',(34.9325680732727,-124.919187056667,28.8695787906647));
#8794=CARTESIAN_POINT('',(34.9325680732727,-123.734318428109,28.8695787906647));
#8795=CARTESIAN_POINT('',(34.9325680732727,-110.800710719214,28.8695787906647));
#8796=CARTESIAN_POINT('',(34.9325680732727,-115.766600913932,28.8695787906647));
#8797=CARTESIAN_POINT('',(34.9325680732727,-115.766600913932,28.8695787906647));
#8798=CARTESIAN_POINT('',(34.9325680732727,-113.734318428109,28.8695787906647));
#8799=CARTESIAN_POINT('',(34.9325680732727,-110.800710719214,28.8695787906647));
#8800=CARTESIAN_POINT('',(34.9325680732727,-105.766600913932,28.8695787906647));
#8801=CARTESIAN_POINT('',(34.9325680732727,-105.766600913932,28.8695787906647));
#8802=CARTESIAN_POINT('',(34.9325680732727,-103.734318428109,28.8695787906647));
#8803=CARTESIAN_POINT('',(34.9325680732727,-110.800710719214,28.8695787906647));
#8804=CARTESIAN_POINT('',(34.9325680732727,-95.7666009139323,28.8695787906647));
#8805=CARTESIAN_POINT('',(34.9325680732727,-95.7666009139323,28.8695787906647));
#8806=CARTESIAN_POINT('',(34.9325680732727,-93.7343184281087,28.8695787906647));
#8807=CARTESIAN_POINT('',(34.9325680732727,-110.800710719214,28.8695787906647));
#8808=CARTESIAN_POINT('',(34.9325680732727,-85.7666009139323,28.8695787906647));
#8809=CARTESIAN_POINT('',(34.9325680732727,-85.7666009139323,28.8695787906647));
#8810=CARTESIAN_POINT('',(34.9325680732727,-83.7343184281087,28.8695787906647));
#8811=CARTESIAN_POINT('',(34.9325680732727,-110.800710719214,28.8695787906647));
#8812=CARTESIAN_POINT('',(34.9325680732727,-75.7666009139323,28.8695787906647));
#8813=CARTESIAN_POINT('',(34.9325680732727,-75.7666009139323,28.8695787906647));
#8814=CARTESIAN_POINT('',(34.9325680732727,-110.800710719214,28.8695787906647));
#8815=CARTESIAN_POINT('',(36.9325680732727,-110.800710719214,26.8695787906647));
#8816=CARTESIAN_POINT('',(34.9325680732727,-110.800710719214,28.8695787906647));
#8817=CARTESIAN_POINT('Origin',(17.428697401222,-36.2504572868347,26.8695787906647));
#8818=CARTESIAN_POINT('',(32.4999999999818,-34.2504572868347,26.8695787906647));
#8819=CARTESIAN_POINT('Origin',(32.4999999999818,-36.2504572868347,26.8695787906647));
#8820=CARTESIAN_POINT('',(17.428697401222,-34.2504572868347,26.8695787906647));
#8821=CARTESIAN_POINT('Origin',(32.4999999999818,-32.2504572868347,26.8695787906647));
#8822=CARTESIAN_POINT('Origin',(32.4999999999818,-32.2504572868347,26.8695787906647));
#8823=CARTESIAN_POINT('Origin',(-32.5000000000473,-32.2504572868347,30.3695787906647));
#8824=CARTESIAN_POINT('',(-32.5000000000473,-34.2504572868347,30.3695787906647));
#8825=CARTESIAN_POINT('Origin',(-32.5000000000473,-32.2504572868347,19.5584766864777));
#8826=CARTESIAN_POINT('Origin',(-32.5000000000473,-34.2504572868347,30.3695787906647));
#8827=CARTESIAN_POINT('Origin',(-37.067431926703,-34.3002948355842,30.3695787906647));
#8828=CARTESIAN_POINT('',(-37.0674319267273,-88.6228054286467,17.6695787906647));
#8829=CARTESIAN_POINT('Ctrl Pts',(-37.067431926703,-88.6228054286273,17.6695787906647));
#8830=CARTESIAN_POINT('Ctrl Pts',(-37.067431926703,-88.6228054286273,18.1719452265325));
#8831=CARTESIAN_POINT('Ctrl Pts',(-37.067431926703,-88.6844491002367,18.7182658727686));
#8832=CARTESIAN_POINT('Ctrl Pts',(-37.067431926703,-88.9367365793512,19.7820199022567));
#8833=CARTESIAN_POINT('Ctrl Pts',(-37.067431926703,-89.1258810661614,20.2998083171472));
#8834=CARTESIAN_POINT('Ctrl Pts',(-37.067431926703,-89.5715206429465,21.2581422065859));
#8835=CARTESIAN_POINT('Ctrl Pts',(-37.067431926703,-89.8783660207038,21.782803195084));
#8836=CARTESIAN_POINT('Ctrl Pts',(-37.067431926703,-90.5907604604475,22.7609465770696));
#8837=CARTESIAN_POINT('Ctrl Pts',(-37.067431926703,-90.9962487333833,23.2144732425611));
#8838=CARTESIAN_POINT('Ctrl Pts',(-37.067431926703,-91.8045532514322,23.9797055030096));
#8839=CARTESIAN_POINT('Ctrl Pts',(-37.067431926703,-92.2833393576825,24.3621340944445));
#8840=CARTESIAN_POINT('Ctrl Pts',(-37.067431926703,-93.3077802539008,25.0228876469484));
#8841=CARTESIAN_POINT('Ctrl Pts',(-37.067431926703,-93.8535394596491,25.301050706392));
#8842=CARTESIAN_POINT('Ctrl Pts',(-37.067431926703,-94.8759124662493,25.7131365969367));
#8843=CARTESIAN_POINT('Ctrl Pts',(-37.067431926703,-95.4461886320035,25.8878789826931));
#8844=CARTESIAN_POINT('Ctrl Pts',(-37.067431926703,-96.6102915667541,26.1161572621441));
#8845=CARTESIAN_POINT('Ctrl Pts',(-37.067431926703,-97.2041407596176,26.1695787906647));
#8846=CARTESIAN_POINT('Ctrl Pts',(-37.067431926703,-97.7478787286566,26.1695787906647));
#8847=CARTESIAN_POINT('',(-37.0674319267273,-82.3781391782107,17.6695787906647));
#8848=CARTESIAN_POINT('',(-37.067431926703,-136.100908029701,17.6695787906647));
#8849=CARTESIAN_POINT('Ctrl Pts',(-37.067431926703,-73.2530658782009,26.1695787906647));
#8850=CARTESIAN_POINT('Ctrl Pts',(-37.067431926703,-73.7968038472398,26.1695787906647));
#8851=CARTESIAN_POINT('Ctrl Pts',(-37.067431926703,-74.3906530401033,26.1161572621441));
#8852=CARTESIAN_POINT('Ctrl Pts',(-37.067431926703,-75.5547559748539,25.8878789826931));
#8853=CARTESIAN_POINT('Ctrl Pts',(-37.067431926703,-76.1250321406081,25.7131365969367));
#8854=CARTESIAN_POINT('Ctrl Pts',(-37.067431926703,-77.1474051472083,25.301050706392));
#8855=CARTESIAN_POINT('Ctrl Pts',(-37.067431926703,-77.6931643529566,25.0228876469484));
#8856=CARTESIAN_POINT('Ctrl Pts',(-37.067431926703,-78.7176052491749,24.3621340944444));
#8857=CARTESIAN_POINT('Ctrl Pts',(-37.067431926703,-79.1963913554252,23.9797055030096));
#8858=CARTESIAN_POINT('Ctrl Pts',(-37.067431926703,-80.0046958734742,23.2144732425611));
#8859=CARTESIAN_POINT('Ctrl Pts',(-37.067431926703,-80.4101841464099,22.7609465770695));
#8860=CARTESIAN_POINT('Ctrl Pts',(-37.067431926703,-81.1225785861537,21.782803195084));
#8861=CARTESIAN_POINT('Ctrl Pts',(-37.067431926703,-81.4294239639109,21.2581422065859));
#8862=CARTESIAN_POINT('Ctrl Pts',(-37.067431926703,-81.875063540696,20.2998083171472));
#8863=CARTESIAN_POINT('Ctrl Pts',(-37.067431926703,-82.0642080275063,19.7820199022567));
#8864=CARTESIAN_POINT('Ctrl Pts',(-37.067431926703,-82.3164955066207,18.7182658727686));
#8865=CARTESIAN_POINT('Ctrl Pts',(-37.067431926703,-82.3781391782301,18.1719452265325));
#8866=CARTESIAN_POINT('Ctrl Pts',(-37.067431926703,-82.3781391782301,17.6695787906647));
#8867=CARTESIAN_POINT('Origin',(-37.067431926703,-136.100908029701,30.3695787906647));
#8868=CARTESIAN_POINT('Origin',(36.9325680732727,-136.100908029701,30.3695787906647));
#8869=CARTESIAN_POINT('',(36.9325680732727,-73.2528548217327,26.1695787906647));
#8870=CARTESIAN_POINT('',(36.9325680732727,-34.3002948355842,26.1695787906647));
#8871=CARTESIAN_POINT('',(36.9325680732727,-82.3775684796925,17.6695787906647));
#8872=CARTESIAN_POINT('Ctrl Pts',(36.9325680732727,-82.3775684796925,17.6695787906647));
#8873=CARTESIAN_POINT('Ctrl Pts',(36.9325680732727,-82.3775684796925,18.1719580660122));
#8874=CARTESIAN_POINT('Ctrl Pts',(36.9325680732727,-82.315931704914,18.7182945125462));
#8875=CARTESIAN_POINT('Ctrl Pts',(36.9325680732727,-82.0636633447946,19.7820834005235));
#8876=CARTESIAN_POINT('Ctrl Pts',(36.9325680732727,-81.8745299431309,20.2998905662432));
#8877=CARTESIAN_POINT('Ctrl Pts',(36.9325680732727,-81.4289180656112,21.2582308412911));
#8878=CARTESIAN_POINT('Ctrl Pts',(36.9325680732727,-81.1220973501716,21.7828825795279));
#8879=CARTESIAN_POINT('Ctrl Pts',(36.9325680732727,-80.4097496093405,22.7610086714209));
#8880=CARTESIAN_POINT('Ctrl Pts',(36.9325680732727,-80.0042834580924,23.214527356929));
#8881=CARTESIAN_POINT('Ctrl Pts',(36.9325680732727,-79.1960175078257,23.9797454039907));
#8882=CARTESIAN_POINT('Ctrl Pts',(36.9325680732727,-78.7172520033455,24.3621660410895));
#8883=CARTESIAN_POINT('Ctrl Pts',(36.9325680732727,-77.6928518261462,25.0229050872693));
#8884=CARTESIAN_POINT('Ctrl Pts',(36.9325680732727,-77.147112803623,25.3010616999116));
#8885=CARTESIAN_POINT('Ctrl Pts',(36.9325680732727,-76.1247684875963,25.7131417325403));
#8886=CARTESIAN_POINT('Ctrl Pts',(36.9325680732727,-75.5545030970596,25.8878824407463));
#8887=CARTESIAN_POINT('Ctrl Pts',(36.9325680732727,-74.3904215799289,26.1161581222051));
#8888=CARTESIAN_POINT('Ctrl Pts',(36.9325680732727,-73.796583041148,26.1695787906647));
#8889=CARTESIAN_POINT('Ctrl Pts',(36.9325680732727,-73.2528548217327,26.1695787906647));
#8890=CARTESIAN_POINT('',(36.9325680732727,-88.6232001560935,17.6695787906647));
#8891=CARTESIAN_POINT('',(36.9325680732727,-34.3002948355842,17.6695787906647));
#8892=CARTESIAN_POINT('Ctrl Pts',(36.9325680732727,-97.7479138140532,26.1695787906647));
#8893=CARTESIAN_POINT('Ctrl Pts',(36.9325680732727,-97.204185594638,26.1695787906647));
#8894=CARTESIAN_POINT('Ctrl Pts',(36.9325680732727,-96.610347055857,26.1161581222051));
#8895=CARTESIAN_POINT('Ctrl Pts',(36.9325680732727,-95.4462655387264,25.8878824407463));
#8896=CARTESIAN_POINT('Ctrl Pts',(36.9325680732727,-94.8760001481897,25.7131417325403));
#8897=CARTESIAN_POINT('Ctrl Pts',(36.9325680732727,-93.853655832163,25.3010616999116));
#8898=CARTESIAN_POINT('Ctrl Pts',(36.9325680732727,-93.3079168096398,25.0229050872693));
#8899=CARTESIAN_POINT('Ctrl Pts',(36.9325680732727,-92.2835166324405,24.3621660410895));
#8900=CARTESIAN_POINT('Ctrl Pts',(36.9325680732727,-91.8047511279603,23.9797454039907));
#8901=CARTESIAN_POINT('Ctrl Pts',(36.9325680732727,-90.9964851776936,23.214527356929));
#8902=CARTESIAN_POINT('Ctrl Pts',(36.9325680732727,-90.5910190264455,22.7610086714209));
#8903=CARTESIAN_POINT('Ctrl Pts',(36.9325680732727,-89.8786712856144,21.7828825795279));
#8904=CARTESIAN_POINT('Ctrl Pts',(36.9325680732727,-89.5718505701748,21.2582308412911));
#8905=CARTESIAN_POINT('Ctrl Pts',(36.9325680732727,-89.1262386926551,20.2998905662432));
#8906=CARTESIAN_POINT('Ctrl Pts',(36.9325680732727,-88.9371052909914,19.7820834005235));
#8907=CARTESIAN_POINT('Ctrl Pts',(36.9325680732727,-88.6848369308721,18.7182945125462));
#8908=CARTESIAN_POINT('Ctrl Pts',(36.9325680732727,-88.6232001560935,18.1719580660122));
#8909=CARTESIAN_POINT('Ctrl Pts',(36.9325680732727,-88.6232001560935,17.6695787906647));
#8910=CARTESIAN_POINT('Origin',(34.9325680732727,-34.2504572868347,30.3695787906647));
#8911=CARTESIAN_POINT('',(32.4999999999818,-34.2504572868347,26.1695787906647));
#8912=CARTESIAN_POINT('',(32.4999999999818,-34.2504572868347,30.3695787906647));
#8913=CARTESIAN_POINT('',(16.2884500636671,-34.2504572868347,26.1695787906647));
#8914=CARTESIAN_POINT('Origin',(32.4999999999818,-32.2504572868347,30.3695787906647));
#8915=CARTESIAN_POINT('',(31.5317528648129,-34.0004565683309,26.1695787906647));
#8916=CARTESIAN_POINT('Origin',(32.4999999999818,-32.2504572868347,19.5584722569407));
#8917=CARTESIAN_POINT('Origin',(32.4999999999818,-32.2504572868347,26.1695787906647));
#8918=CARTESIAN_POINT('Origin',(34.5735842246503,-109.750459671021,30.3695787906647));
#8919=CARTESIAN_POINT('',(34.9325680732727,-113.734318428109,30.3695787906647));
#8920=CARTESIAN_POINT('Origin',(34.5735842246503,-109.750459671021,28.8695787906647));
#8921=CARTESIAN_POINT('',(34.9325680732727,-105.766600913932,30.3695787906647));
#8922=CARTESIAN_POINT('Origin',(34.9325680732727,-113.734318428109,30.3695787906647));
#8923=CARTESIAN_POINT('Origin',(34.5735842246503,-119.750459671021,30.3695787906647));
#8924=CARTESIAN_POINT('',(34.9325680732727,-123.734318428109,30.3695787906647));
#8925=CARTESIAN_POINT('Origin',(34.5735842246503,-119.750459671021,28.8695787906647));
#8926=CARTESIAN_POINT('',(34.9325680732727,-115.766600913932,30.3695787906647));
#8927=CARTESIAN_POINT('Origin',(34.9325680732727,-123.734318428109,30.3695787906647));
#8928=CARTESIAN_POINT('Origin',(25.9133301868059,-124.750459671021,30.3695787906647));
#8929=CARTESIAN_POINT('',(29.7813144852365,-123.731294587683,28.8695787906647));
#8930=CARTESIAN_POINT('Origin',(25.9133301868059,-124.750459671021,28.8695787906647));
#8931=CARTESIAN_POINT('',(29.7813144852365,-123.731294587683,30.3695787906647));
#8932=CARTESIAN_POINT('Origin',(31.6823245473103,-127.250692369107,30.3695787906647));
#8933=CARTESIAN_POINT('Origin',(31.6823245473103,-127.250692369107,28.8695787906647));
#8934=CARTESIAN_POINT('Origin',(-34.7084480781049,-119.750459671021,30.3695787906647));
#8935=CARTESIAN_POINT('',(-35.0674319267273,-115.766600913932,30.3695787906647));
#8936=CARTESIAN_POINT('Origin',(-34.7084480781049,-119.750459671021,28.8695787906647));
#8937=CARTESIAN_POINT('',(-35.0674319267273,-123.734318428109,30.3695787906647));
#8938=CARTESIAN_POINT('Origin',(-35.0674319267273,-115.766600913932,30.3695787906647));
#8939=CARTESIAN_POINT('Origin',(-26.0481940402605,-124.750459671021,30.3695787906647));
#8940=CARTESIAN_POINT('',(-29.9162390222808,-123.731524924794,28.8695787906647));
#8941=CARTESIAN_POINT('',(-29.9162390222808,-123.731524924794,30.3695787906647));
#8942=CARTESIAN_POINT('',(-27.9496304706694,-128.269627115334,28.8695787906647));
#8943=CARTESIAN_POINT('Origin',(-26.0481940402605,-124.750459671021,28.8695787906647));
#8944=CARTESIAN_POINT('',(-27.9496304706694,-128.269627115334,30.3695787906647));
#8945=CARTESIAN_POINT('Origin',(-31.8176754526897,-127.250692369107,30.3695787906647));
#8946=CARTESIAN_POINT('Origin',(-31.8176754526897,-127.250692369107,28.8695787906647));
#8947=CARTESIAN_POINT('Origin',(-31.8176754526897,-127.250692369107,28.8695787906647));
#8948=CARTESIAN_POINT('Origin',(-26.0481940402605,-134.750459671021,30.3695787906647));
#8949=CARTESIAN_POINT('',(-30.0481940402605,-134.750459671021,30.3695787906647));
#8950=CARTESIAN_POINT('Origin',(-26.0481940402605,-134.750459671021,28.8695787906647));
#8951=CARTESIAN_POINT('',(-22.0481940402605,-134.750459671021,30.3695787906647));
#8952=CARTESIAN_POINT('Origin',(-30.0481940402605,-134.750459671021,30.3695787906647));
#8953=CARTESIAN_POINT('Origin',(34.5735842246503,-79.7504596710205,30.3695787906647));
#8954=CARTESIAN_POINT('',(34.9325680732727,-83.7343184281087,30.3695787906647));
#8955=CARTESIAN_POINT('Origin',(34.5735842246503,-79.7504596710205,28.8695787906647));
#8956=CARTESIAN_POINT('',(34.9325680732727,-75.7666009139323,30.3695787906647));
#8957=CARTESIAN_POINT('Origin',(34.9325680732727,-83.7343184281087,30.3695787906647));
#8958=CARTESIAN_POINT('Origin',(-34.7084480781048,-89.7504596710205,30.3695787906647));
#8959=CARTESIAN_POINT('',(-35.0674319267273,-85.7666009139323,30.3695787906647));
#8960=CARTESIAN_POINT('Origin',(-34.7084480781048,-89.7504596710205,28.8695787906647));
#8961=CARTESIAN_POINT('',(-35.0674319267273,-93.7343184281087,30.3695787906647));
#8962=CARTESIAN_POINT('Origin',(-35.0674319267273,-85.7666009139323,30.3695787906647));
#8963=CARTESIAN_POINT('Origin',(-34.7084480781049,-99.7504596710205,30.3695787906647));
#8964=CARTESIAN_POINT('',(-35.0674319267273,-95.7666009139323,30.3695787906647));
#8965=CARTESIAN_POINT('Origin',(-34.7084480781049,-99.7504596710205,28.8695787906647));
#8966=CARTESIAN_POINT('',(-35.0674319267273,-103.734318428109,30.3695787906647));
#8967=CARTESIAN_POINT('Origin',(-35.0674319267273,-95.7666009139323,30.3695787906647));
#8968=CARTESIAN_POINT('Origin',(-8.72768596457169,-134.750459671021,30.3695787906647));
#8969=CARTESIAN_POINT('',(-12.7276859645717,-134.750459671021,30.3695787906647));
#8970=CARTESIAN_POINT('Origin',(-8.72768596457169,-134.750459671021,28.8695787906647));
#8971=CARTESIAN_POINT('',(-4.72768596457168,-134.750459671021,30.3695787906647));
#8972=CARTESIAN_POINT('Origin',(-12.7276859645717,-134.750459671021,30.3695787906647));
#8973=CARTESIAN_POINT('Origin',(25.9133301868059,-134.750459671021,30.3695787906647));
#8974=CARTESIAN_POINT('',(21.9133301868059,-134.750459671021,30.3695787906647));
#8975=CARTESIAN_POINT('Origin',(25.9133301868059,-134.750459671021,28.8695787906647));
#8976=CARTESIAN_POINT('',(29.9133301868059,-134.750459671021,30.3695787906647));
#8977=CARTESIAN_POINT('Origin',(21.9133301868059,-134.750459671021,30.3695787906647));
#8978=CARTESIAN_POINT('Origin',(-34.7084480781048,-109.750459671021,30.3695787906647));
#8979=CARTESIAN_POINT('',(-35.0674319267273,-105.766600913932,30.3695787906647));
#8980=CARTESIAN_POINT('Origin',(-34.7084480781048,-109.750459671021,28.8695787906647));
#8981=CARTESIAN_POINT('',(-35.0674319267273,-113.734318428109,30.3695787906647));
#8982=CARTESIAN_POINT('Origin',(-35.0674319267273,-105.766600913932,30.3695787906647));
#8983=CARTESIAN_POINT('Origin',(8.5928221111171,-134.750459671021,30.3695787906647));
#8984=CARTESIAN_POINT('',(4.59282211111709,-134.750459671021,30.3695787906647));
#8985=CARTESIAN_POINT('Origin',(8.5928221111171,-134.750459671021,28.8695787906647));
#8986=CARTESIAN_POINT('',(12.5928221111171,-134.750459671021,30.3695787906647));
#8987=CARTESIAN_POINT('Origin',(4.59282211111709,-134.750459671021,30.3695787906647));
#8988=CARTESIAN_POINT('Origin',(34.5735842246503,-89.7504596710205,30.3695787906647));
#8989=CARTESIAN_POINT('',(34.9325680732727,-93.7343184281087,30.3695787906647));
#8990=CARTESIAN_POINT('Origin',(34.5735842246503,-89.7504596710205,28.8695787906647));
#8991=CARTESIAN_POINT('',(34.9325680732727,-85.7666009139323,30.3695787906647));
#8992=CARTESIAN_POINT('Origin',(34.9325680732727,-93.7343184281087,30.3695787906647));
#8993=CARTESIAN_POINT('Origin',(34.5735842246503,-99.7504596710205,30.3695787906647));
#8994=CARTESIAN_POINT('',(34.9325680732727,-103.734318428109,30.3695787906647));
#8995=CARTESIAN_POINT('Origin',(34.5735842246503,-99.7504596710205,28.8695787906647));
#8996=CARTESIAN_POINT('',(34.9325680732727,-95.7666009139323,30.3695787906647));
#8997=CARTESIAN_POINT('Origin',(34.9325680732727,-103.734318428109,30.3695787906647));
#8998=CARTESIAN_POINT('Origin',(-34.7084480781048,-79.7504596710205,30.3695787906647));
#8999=CARTESIAN_POINT('',(-35.0674319267273,-75.7666009139323,30.3695787906647));
#9000=CARTESIAN_POINT('Origin',(-34.7084480781048,-79.7504596710205,28.8695787906647));
#9001=CARTESIAN_POINT('',(-35.0674319267273,-83.7343184281087,30.3695787906647));
#9002=CARTESIAN_POINT('Origin',(-35.0674319267273,-75.7666009139323,30.3695787906647));
#9003=CARTESIAN_POINT('Origin',(8.59282211111712,-124.750459671021,30.3695787906647));
#9004=CARTESIAN_POINT('',(12.5928221111171,-124.750459671021,28.8695787906647));
#9005=CARTESIAN_POINT('Origin',(8.59282211111712,-124.750459671021,28.8695787906647));
#9006=CARTESIAN_POINT('',(12.5928221111171,-124.750459671021,30.3695787906647));
#9007=CARTESIAN_POINT('Origin',(-0.0674319267272994,-109.750459671021,30.3695787906647));
#9008=CARTESIAN_POINT('',(3.9325680732727,-109.750459671021,28.8695787906647));
#9009=CARTESIAN_POINT('Origin',(-0.0674319267272994,-109.750459671021,28.8695787906647));
#9010=CARTESIAN_POINT('',(3.9325680732727,-109.750459671021,30.3695787906647));
#9011=CARTESIAN_POINT('Origin',(25.9133301868059,-94.7504596710205,30.3695787906647));
#9012=CARTESIAN_POINT('',(29.9133301868059,-94.7504596710205,28.8695787906647));
#9013=CARTESIAN_POINT('Origin',(25.9133301868059,-94.7504596710205,28.8695787906647));
#9014=CARTESIAN_POINT('',(29.9133301868059,-94.7504596710205,30.3695787906647));
#9015=CARTESIAN_POINT('Origin',(17.2530761489615,-79.7504596710205,30.3695787906647));
#9016=CARTESIAN_POINT('',(21.2530761489615,-79.7504596710205,28.8695787906647));
#9017=CARTESIAN_POINT('Origin',(17.2530761489615,-79.7504596710205,28.8695787906647));
#9018=CARTESIAN_POINT('',(21.2530761489615,-79.7504596710205,30.3695787906647));
#9019=CARTESIAN_POINT('Origin',(25.9133301868059,-84.7504596710205,30.3695787906647));
#9020=CARTESIAN_POINT('',(29.9133301868059,-84.7504596710205,28.8695787906647));
#9021=CARTESIAN_POINT('Origin',(25.9133301868059,-84.7504596710205,28.8695787906647));
#9022=CARTESIAN_POINT('',(29.9133301868059,-84.7504596710205,30.3695787906647));
#9023=CARTESIAN_POINT('Origin',(-8.72768596457169,-104.750459671021,30.3695787906647));
#9024=CARTESIAN_POINT('',(-4.72768596457168,-104.750459671021,28.8695787906647));
#9025=CARTESIAN_POINT('Origin',(-8.72768596457169,-104.750459671021,28.8695787906647));
#9026=CARTESIAN_POINT('',(-4.72768596457169,-104.750459671021,30.3695787906647));
#9027=CARTESIAN_POINT('Origin',(-17.3879400024161,-89.7504596710205,30.3695787906647));
#9028=CARTESIAN_POINT('',(-13.3879400024161,-89.7504596710205,28.8695787906647));
#9029=CARTESIAN_POINT('Origin',(-17.3879400024161,-89.7504596710205,28.8695787906647));
#9030=CARTESIAN_POINT('',(-13.3879400024161,-89.7504596710205,30.3695787906647));
#9031=CARTESIAN_POINT('Origin',(-8.72768596457169,-94.7504596710205,30.3695787906647));
#9032=CARTESIAN_POINT('',(-4.72768596457168,-94.7504596710205,28.8695787906647));
#9033=CARTESIAN_POINT('Origin',(-8.72768596457169,-94.7504596710205,28.8695787906647));
#9034=CARTESIAN_POINT('',(-4.72768596457169,-94.7504596710205,30.3695787906647));
#9035=CARTESIAN_POINT('Origin',(-8.72768596457169,-84.7504596710205,30.3695787906647));
#9036=CARTESIAN_POINT('',(-4.72768596457168,-84.7504596710205,28.8695787906647));
#9037=CARTESIAN_POINT('Origin',(-8.72768596457169,-84.7504596710205,28.8695787906647));
#9038=CARTESIAN_POINT('',(-4.72768596457169,-84.7504596710205,30.3695787906647));
#9039=CARTESIAN_POINT('Origin',(8.59282211111712,-84.7504596710205,30.3695787906647));
#9040=CARTESIAN_POINT('',(12.5928221111171,-84.7504596710205,28.8695787906647));
#9041=CARTESIAN_POINT('Origin',(8.59282211111712,-84.7504596710205,28.8695787906647));
#9042=CARTESIAN_POINT('',(12.5928221111171,-84.7504596710205,30.3695787906647));
#9043=CARTESIAN_POINT('Origin',(-0.0674319267272994,-89.7504596710205,30.3695787906647));
#9044=CARTESIAN_POINT('',(3.9325680732727,-89.7504596710205,28.8695787906647));
#9045=CARTESIAN_POINT('Origin',(-0.0674319267272994,-89.7504596710205,28.8695787906647));
#9046=CARTESIAN_POINT('',(3.9325680732727,-89.7504596710205,30.3695787906647));
#9047=CARTESIAN_POINT('Origin',(8.59282211111712,-74.7504596710205,30.3695787906647));
#9048=CARTESIAN_POINT('',(12.5928221111171,-74.7504596710205,28.8695787906647));
#9049=CARTESIAN_POINT('Origin',(8.59282211111712,-74.7504596710205,28.8695787906647));
#9050=CARTESIAN_POINT('',(12.5928221111171,-74.7504596710205,30.3695787906647));
#9051=CARTESIAN_POINT('Origin',(-8.72768596457169,-124.750459671021,30.3695787906647));
#9052=CARTESIAN_POINT('',(-4.72768596457168,-124.750459671021,28.8695787906647));
#9053=CARTESIAN_POINT('Origin',(-8.72768596457169,-124.750459671021,28.8695787906647));
#9054=CARTESIAN_POINT('',(-4.72768596457169,-124.750459671021,30.3695787906647));
#9055=CARTESIAN_POINT('Origin',(-26.0481940402605,-104.750459671021,30.3695787906647));
#9056=CARTESIAN_POINT('',(-22.0481940402605,-104.750459671021,28.8695787906647));
#9057=CARTESIAN_POINT('Origin',(-26.0481940402605,-104.750459671021,28.8695787906647));
#9058=CARTESIAN_POINT('',(-22.0481940402605,-104.750459671021,30.3695787906647));
#9059=CARTESIAN_POINT('Origin',(-26.0481940402605,-84.7504596710205,30.3695787906647));
#9060=CARTESIAN_POINT('',(-22.0481940402605,-84.7504596710205,28.8695787906647));
#9061=CARTESIAN_POINT('Origin',(-26.0481940402605,-84.7504596710205,28.8695787906647));
#9062=CARTESIAN_POINT('',(-22.0481940402605,-84.7504596710205,30.3695787906647));
#9063=CARTESIAN_POINT('Origin',(-17.3879400024161,-129.750459671021,30.3695787906647));
#9064=CARTESIAN_POINT('',(-13.3879400024161,-129.750459671021,28.8695787906647));
#9065=CARTESIAN_POINT('Origin',(-17.3879400024161,-129.750459671021,28.8695787906647));
#9066=CARTESIAN_POINT('',(-13.3879400024161,-129.750459671021,30.3695787906647));
#9067=CARTESIAN_POINT('Origin',(25.9133301868059,-104.750459671021,30.3695787906647));
#9068=CARTESIAN_POINT('',(29.9133301868059,-104.750459671021,28.8695787906647));
#9069=CARTESIAN_POINT('Origin',(25.9133301868059,-104.750459671021,28.8695787906647));
#9070=CARTESIAN_POINT('',(29.9133301868059,-104.750459671021,30.3695787906647));
#9071=CARTESIAN_POINT('Origin',(25.9133301868059,-114.750459671021,30.3695787906647));
#9072=CARTESIAN_POINT('',(29.9133301868059,-114.750459671021,28.8695787906647));
#9073=CARTESIAN_POINT('Origin',(25.9133301868059,-114.750459671021,28.8695787906647));
#9074=CARTESIAN_POINT('',(29.9133301868059,-114.750459671021,30.3695787906647));
#9075=CARTESIAN_POINT('Origin',(17.2530761489615,-109.750459671021,30.3695787906647));
#9076=CARTESIAN_POINT('',(21.2530761489615,-109.750459671021,28.8695787906647));
#9077=CARTESIAN_POINT('Origin',(17.2530761489615,-109.750459671021,28.8695787906647));
#9078=CARTESIAN_POINT('',(21.2530761489615,-109.750459671021,30.3695787906647));
#9079=CARTESIAN_POINT('Origin',(17.2530761489615,-119.750459671021,30.3695787906647));
#9080=CARTESIAN_POINT('',(21.2530761489615,-119.750459671021,28.8695787906647));
#9081=CARTESIAN_POINT('Origin',(17.2530761489615,-119.750459671021,28.8695787906647));
#9082=CARTESIAN_POINT('',(21.2530761489615,-119.750459671021,30.3695787906647));
#9083=CARTESIAN_POINT('Origin',(17.2530761489615,-129.750459671021,30.3695787906647));
#9084=CARTESIAN_POINT('',(21.2530761489615,-129.750459671021,28.8695787906647));
#9085=CARTESIAN_POINT('Origin',(17.2530761489615,-129.750459671021,28.8695787906647));
#9086=CARTESIAN_POINT('',(21.2530761489615,-129.750459671021,30.3695787906647));
#9087=CARTESIAN_POINT('Origin',(-26.0481940402605,-114.750459671021,30.3695787906647));
#9088=CARTESIAN_POINT('',(-22.0481940402605,-114.750459671021,28.8695787906647));
#9089=CARTESIAN_POINT('Origin',(-26.0481940402605,-114.750459671021,28.8695787906647));
#9090=CARTESIAN_POINT('',(-22.0481940402605,-114.750459671021,30.3695787906647));
#9091=CARTESIAN_POINT('Origin',(-17.3879400024161,-109.750459671021,30.3695787906647));
#9092=CARTESIAN_POINT('',(-13.3879400024161,-109.750459671021,28.8695787906647));
#9093=CARTESIAN_POINT('Origin',(-17.3879400024161,-109.750459671021,28.8695787906647));
#9094=CARTESIAN_POINT('',(-13.3879400024161,-109.750459671021,30.3695787906647));
#9095=CARTESIAN_POINT('Origin',(-17.3879400024161,-119.750459671021,30.3695787906647));
#9096=CARTESIAN_POINT('',(-13.3879400024161,-119.750459671021,28.8695787906647));
#9097=CARTESIAN_POINT('Origin',(-17.3879400024161,-119.750459671021,28.8695787906647));
#9098=CARTESIAN_POINT('',(-13.3879400024161,-119.750459671021,30.3695787906647));
#9099=CARTESIAN_POINT('Origin',(-26.0481940402605,-94.7504596710205,30.3695787906647));
#9100=CARTESIAN_POINT('',(-22.0481940402605,-94.7504596710205,28.8695787906647));
#9101=CARTESIAN_POINT('Origin',(-26.0481940402605,-94.7504596710205,28.8695787906647));
#9102=CARTESIAN_POINT('',(-22.0481940402605,-94.7504596710205,30.3695787906647));
#9103=CARTESIAN_POINT('Origin',(-8.72768596457169,-114.750459671021,30.3695787906647));
#9104=CARTESIAN_POINT('',(-4.72768596457168,-114.750459671021,28.8695787906647));
#9105=CARTESIAN_POINT('Origin',(-8.72768596457169,-114.750459671021,28.8695787906647));
#9106=CARTESIAN_POINT('',(-4.72768596457169,-114.750459671021,30.3695787906647));
#9107=CARTESIAN_POINT('Origin',(-0.0674319267272994,-79.7504596710205,30.3695787906647));
#9108=CARTESIAN_POINT('',(3.9325680732727,-79.7504596710205,28.8695787906647));
#9109=CARTESIAN_POINT('Origin',(-0.0674319267272994,-79.7504596710205,28.8695787906647));
#9110=CARTESIAN_POINT('',(3.9325680732727,-79.7504596710205,30.3695787906647));
#9111=CARTESIAN_POINT('Origin',(8.59282211111712,-94.7504596710205,30.3695787906647));
#9112=CARTESIAN_POINT('',(12.5928221111171,-94.7504596710205,28.8695787906647));
#9113=CARTESIAN_POINT('Origin',(8.59282211111712,-94.7504596710205,28.8695787906647));
#9114=CARTESIAN_POINT('',(12.5928221111171,-94.7504596710205,30.3695787906647));
#9115=CARTESIAN_POINT('Origin',(-8.72768596457169,-74.7504596710205,30.3695787906647));
#9116=CARTESIAN_POINT('',(-4.72768596457168,-74.7504596710205,28.8695787906647));
#9117=CARTESIAN_POINT('Origin',(-8.72768596457169,-74.7504596710205,28.8695787906647));
#9118=CARTESIAN_POINT('',(-4.72768596457169,-74.7504596710205,30.3695787906647));
#9119=CARTESIAN_POINT('Origin',(-0.0674319267272994,-99.7504596710205,30.3695787906647));
#9120=CARTESIAN_POINT('',(3.9325680732727,-99.7504596710205,28.8695787906647));
#9121=CARTESIAN_POINT('Origin',(-0.0674319267272994,-99.7504596710205,28.8695787906647));
#9122=CARTESIAN_POINT('',(3.9325680732727,-99.7504596710205,30.3695787906647));
#9123=CARTESIAN_POINT('Origin',(-17.3879400024161,-79.7504596710205,30.3695787906647));
#9124=CARTESIAN_POINT('',(-13.3879400024161,-79.7504596710205,28.8695787906647));
#9125=CARTESIAN_POINT('Origin',(-17.3879400024161,-79.7504596710205,28.8695787906647));
#9126=CARTESIAN_POINT('',(-13.3879400024161,-79.7504596710205,30.3695787906647));
#9127=CARTESIAN_POINT('Origin',(-17.3879400024161,-99.7504596710205,30.3695787906647));
#9128=CARTESIAN_POINT('',(-13.3879400024161,-99.7504596710205,28.8695787906647));
#9129=CARTESIAN_POINT('Origin',(-17.3879400024161,-99.7504596710205,28.8695787906647));
#9130=CARTESIAN_POINT('',(-13.3879400024161,-99.7504596710205,30.3695787906647));
#9131=CARTESIAN_POINT('Origin',(8.59282211111712,-104.750459671021,30.3695787906647));
#9132=CARTESIAN_POINT('',(12.5928221111171,-104.750459671021,28.8695787906647));
#9133=CARTESIAN_POINT('Origin',(8.59282211111712,-104.750459671021,28.8695787906647));
#9134=CARTESIAN_POINT('',(12.5928221111171,-104.750459671021,30.3695787906647));
#9135=CARTESIAN_POINT('Origin',(17.2530761489615,-99.7504596710205,30.3695787906647));
#9136=CARTESIAN_POINT('',(21.2530761489615,-99.7504596710205,28.8695787906647));
#9137=CARTESIAN_POINT('Origin',(17.2530761489615,-99.7504596710205,28.8695787906647));
#9138=CARTESIAN_POINT('',(21.2530761489615,-99.7504596710205,30.3695787906647));
#9139=CARTESIAN_POINT('Origin',(17.2530761489615,-89.7504596710205,30.3695787906647));
#9140=CARTESIAN_POINT('',(21.2530761489615,-89.7504596710205,28.8695787906647));
#9141=CARTESIAN_POINT('Origin',(17.2530761489615,-89.7504596710205,28.8695787906647));
#9142=CARTESIAN_POINT('',(21.2530761489615,-89.7504596710205,30.3695787906647));
#9143=CARTESIAN_POINT('Origin',(25.9133301868059,-74.7504596710205,30.3695787906647));
#9144=CARTESIAN_POINT('',(29.9133301868059,-74.7504596710205,28.8695787906647));
#9145=CARTESIAN_POINT('Origin',(25.9133301868059,-74.7504596710205,28.8695787906647));
#9146=CARTESIAN_POINT('',(29.9133301868059,-74.7504596710205,30.3695787906647));
#9147=CARTESIAN_POINT('Origin',(-26.0481940402605,-74.7504596710205,30.3695787906647));
#9148=CARTESIAN_POINT('',(-22.0481940402605,-74.7504596710205,28.8695787906647));
#9149=CARTESIAN_POINT('Origin',(-26.0481940402605,-74.7504596710205,28.8695787906647));
#9150=CARTESIAN_POINT('',(-22.0481940402605,-74.7504596710205,30.3695787906647));
#9151=CARTESIAN_POINT('Origin',(-0.0674319267272994,-119.750459671021,30.3695787906647));
#9152=CARTESIAN_POINT('',(3.9325680732727,-119.750459671021,28.8695787906647));
#9153=CARTESIAN_POINT('Origin',(-0.0674319267272994,-119.750459671021,28.8695787906647));
#9154=CARTESIAN_POINT('',(3.9325680732727,-119.750459671021,30.3695787906647));
#9155=CARTESIAN_POINT('Origin',(8.59282211111712,-114.750459671021,30.3695787906647));
#9156=CARTESIAN_POINT('',(12.5928221111171,-114.750459671021,28.8695787906647));
#9157=CARTESIAN_POINT('Origin',(8.59282211111712,-114.750459671021,28.8695787906647));
#9158=CARTESIAN_POINT('',(12.5928221111171,-114.750459671021,30.3695787906647));
#9159=CARTESIAN_POINT('Origin',(-0.0674319267272994,-129.750459671021,30.3695787906647));
#9160=CARTESIAN_POINT('',(3.9325680732727,-129.750459671021,28.8695787906647));
#9161=CARTESIAN_POINT('Origin',(-0.0674319267272994,-129.750459671021,28.8695787906647));
#9162=CARTESIAN_POINT('',(3.9325680732727,-129.750459671021,30.3695787906647));
#9163=CARTESIAN_POINT('Origin',(24.4999999999818,-39.8468458602478,30.3695787906647));
#9164=CARTESIAN_POINT('',(30.1544704147256,-41.8535756200278,30.3695787906647));
#9165=CARTESIAN_POINT('Origin',(32.6823245473103,-42.7506923691072,30.3695787906647));
#9166=CARTESIAN_POINT('Origin',(29.4999999999818,-67.7771139222024,30.3695787906647));
#9167=CARTESIAN_POINT('',(29.4999999999818,-68.7771139222024,28.8695787906647));
#9168=CARTESIAN_POINT('Origin',(29.4999999999818,-67.7771139222024,28.8695787906647));
#9169=CARTESIAN_POINT('',(29.4999999999818,-68.7771139222024,30.3695787906647));
#9170=CARTESIAN_POINT('Origin',(-29.5000000000473,-68.7771139222024,30.3695787906647));
#9171=CARTESIAN_POINT('',(-29.5000000000473,-68.7771139222024,28.8695787906647));
#9172=CARTESIAN_POINT('',(29.4999999999818,-68.7771139222024,28.8695787906647));
#9173=CARTESIAN_POINT('',(-29.5000000000473,-68.7771139222024,30.3695787906647));
#9174=CARTESIAN_POINT('Origin',(-29.5000000000473,-67.7771139222024,30.3695787906647));
#9175=CARTESIAN_POINT('Origin',(-29.5000000000473,-67.7771139222024,28.8695787906647));
#9176=CARTESIAN_POINT('Origin',(-0.0751732708287234,-85.5005134087262,28.8695787906647));
#9177=CARTESIAN_POINT('Origin',(-46.567250241736,-63.4002948355842,30.3695787906647));
#9178=CARTESIAN_POINT('',(-45.767250241736,-63.4002948355842,30.3695787906647));
#9179=CARTESIAN_POINT('Origin',(46.4323974727321,-107.600454322812,30.3695787906647));
#9180=CARTESIAN_POINT('',(47.2323974727321,-107.600454322812,30.3695787906647));
#9181=CARTESIAN_POINT('Origin',(46.4323974727321,-63.4002948355842,30.3695787906647));
#9182=CARTESIAN_POINT('',(47.2323974727321,-63.4002948355842,26.1695787906647));
#9183=CARTESIAN_POINT('Origin',(46.4323974727321,-63.4002948355842,26.1695787906647));
#9184=CARTESIAN_POINT('',(47.2323974727321,-63.4002948355842,30.3695787906647));
#9185=CARTESIAN_POINT('Origin',(-46.567250241736,-107.600454322812,30.3695787906647));
#9186=CARTESIAN_POINT('',(-45.767250241736,-107.600454322812,30.3695787906647));
#9187=CARTESIAN_POINT('Origin',(-46.567250241736,-35.1002948355842,30.3695787906647));
#9188=CARTESIAN_POINT('',(-45.767250241736,-35.1002948355842,30.3695787906647));
#9189=CARTESIAN_POINT('Origin',(46.4323974727321,-135.900454322812,30.3695787906647));
#9190=CARTESIAN_POINT('',(47.2323974727321,-135.900454322812,30.3695787906647));
#9191=CARTESIAN_POINT('Origin',(46.4323974727321,-35.1002948355842,30.3695787906647));
#9192=CARTESIAN_POINT('',(47.2323974727321,-35.1002948355842,26.1695787906647));
#9193=CARTESIAN_POINT('Origin',(46.4323974727321,-35.1002948355842,26.1695787906647));
#9194=CARTESIAN_POINT('',(47.2323974727321,-35.1002948355842,30.3695787906647));
#9195=CARTESIAN_POINT('Origin',(-46.567250241736,-135.900454322812,30.3695787906647));
#9196=CARTESIAN_POINT('',(-45.767250241736,-135.900454322812,30.3695787906647));
#9197=CARTESIAN_POINT('Origin',(26.4324080551999,-142.250452919299,30.3695787906647));
#9198=CARTESIAN_POINT('',(26.4324080549773,-139.250452919299,30.3695787906647));
#9199=CARTESIAN_POINT('',(29.4324080551475,-142.250435186497,30.3695787906647));
#9200=CARTESIAN_POINT('Origin',(29.4324080551474,-142.250435186497,30.3695787906647));
#9201=CARTESIAN_POINT('',(29.4324080551475,-139.250452881822,17.6695787906647));
#9202=CARTESIAN_POINT('',(29.4324080551475,-136.673682671004,24.9704277213156));
#9203=CARTESIAN_POINT('',(29.4324080551475,-142.250435186497,17.6695787906647));
#9204=CARTESIAN_POINT('',(29.4324080551475,-139.250452881822,17.6695787906647));
#9205=CARTESIAN_POINT('',(29.4324080551475,-142.250435186497,30.3695787906647));
#9206=CARTESIAN_POINT('Origin',(-26.5685085782583,-142.250452923231,30.3695787906647));
#9207=CARTESIAN_POINT('',(-29.5678467360941,-142.18744010747,30.3695787906647));
#9208=CARTESIAN_POINT('Origin',(-29.5678467360941,-139.250452922803,30.3695787906647));
#9209=CARTESIAN_POINT('',(-29.5678467360941,-142.18744010747,17.6695787906647));
#9210=CARTESIAN_POINT('',(-29.5678467360941,-142.18744010747,30.3695787906647));
#9211=CARTESIAN_POINT('',(-29.5678467360941,-139.250452922803,17.6695787906647));
#9212=CARTESIAN_POINT('',(-29.5678467360941,-142.250434627556,17.6695787906647));
#9213=CARTESIAN_POINT('',(-29.5678467360941,-136.50752984645,25.4411941755072));
#9214=CARTESIAN_POINT('Origin',(40.4324080550953,-142.250452881822,30.3695787906647));
#9215=CARTESIAN_POINT('',(40.4324080550953,-139.250452881822,30.3695787906647));
#9216=CARTESIAN_POINT('',(37.4324080551475,-142.250435186497,30.3695787906647));
#9217=CARTESIAN_POINT('Origin',(37.4324080551475,-139.250452881822,30.3695787906647));
#9218=CARTESIAN_POINT('',(37.4324080551475,-142.250435186497,17.6695787906647));
#9219=CARTESIAN_POINT('',(37.4324080551475,-142.250435186497,30.3695787906647));
#9220=CARTESIAN_POINT('',(37.4324080551475,-139.250452881822,17.6695787906647));
#9221=CARTESIAN_POINT('',(37.4324080551475,-142.250435186497,17.6695787906647));
#9222=CARTESIAN_POINT('',(37.4324080551475,-136.507529804899,25.44119417528));
#9223=CARTESIAN_POINT('Origin',(-40.5674088595546,-142.250452881822,30.3695787906647));
#9224=CARTESIAN_POINT('',(-40.5674088595546,-139.250452881822,30.3695787906647));
#9225=CARTESIAN_POINT('',(-37.5674088596101,-142.250434627556,30.3695787906647));
#9226=CARTESIAN_POINT('Origin',(-37.5674088596101,-142.250434627556,30.3695787906647));
#9227=CARTESIAN_POINT('',(-37.5674088596101,-139.250452924047,17.6695787906647));
#9228=CARTESIAN_POINT('',(-37.5674088596101,-136.673682679857,24.9704278158708));
#9229=CARTESIAN_POINT('',(-37.5674088596101,-142.250434627556,17.6695787906647));
#9230=CARTESIAN_POINT('',(-37.5674088596101,-139.250452924047,17.6695787906647));
#9231=CARTESIAN_POINT('',(-37.5674088596101,-142.250434627556,30.3695787906647));
#9232=CARTESIAN_POINT('Origin',(40.4322768513794,-28.7504535630167,30.3695787906647));
#9233=CARTESIAN_POINT('',(40.4322768513794,-31.7504535630167,26.1695787906647));
#9234=CARTESIAN_POINT('',(40.4322768513794,-31.7504535630167,30.3695787906647));
#9235=CARTESIAN_POINT('Origin',(40.4322768513794,-28.7504535630167,26.1695787906647));
#9236=CARTESIAN_POINT('Origin',(37.4322768924727,-28.7509501106589,30.3695787906647));
#9237=CARTESIAN_POINT('',(37.4322768924727,-34.000453563017,26.1695787906647));
#9238=CARTESIAN_POINT('',(37.4322768924727,-57.1257317596926,26.1695787906647));
#9239=CARTESIAN_POINT('',(37.4322768924727,-31.7504535630167,17.6695787906647));
#9240=CARTESIAN_POINT('',(37.4322768924727,-33.7855651208416,25.3577780091132));
#9241=CARTESIAN_POINT('',(37.4322768924727,-31.7504535630167,17.6695787906647));
#9242=CARTESIAN_POINT('Origin',(-40.5670776345706,-28.7504549026489,30.3695787906647));
#9243=CARTESIAN_POINT('',(-40.5670776345706,-31.7504549026489,30.3695787906647));
#9244=CARTESIAN_POINT('Origin',(-39.5676390891773,-85.5004723034287,17.6695787906647));
#9245=CARTESIAN_POINT('',(-40.0827478290868,-81.5337780895941,17.6695787906647));
#9246=CARTESIAN_POINT('Origin',(-39.5676390891773,-85.5004723034287,17.6695787906647));
#9247=CARTESIAN_POINT('Ctrl Pts',(-40.0827478290868,-81.5337780895941,17.6695787906647));
#9248=CARTESIAN_POINT('Ctrl Pts',(-40.0827478290868,-81.5337780895941,18.1932895600075));
#9249=CARTESIAN_POINT('Ctrl Pts',(-40.0827478290868,-81.4817293470637,18.7651854804096));
#9250=CARTESIAN_POINT('Ctrl Pts',(-40.0827478290868,-81.2576434964252,19.8850118288691));
#9251=CARTESIAN_POINT('Ctrl Pts',(-40.0827478290868,-81.0856465251026,20.4329502882314));
#9252=CARTESIAN_POINT('Ctrl Pts',(-40.0827478290868,-80.68273100594,21.4017248243914));
#9253=CARTESIAN_POINT('Ctrl Pts',(-40.0827478290868,-80.4143690010664,21.9116728663932));
#9254=CARTESIAN_POINT('Ctrl Pts',(-40.0827478290868,-79.7762470282474,22.8636283141109));
#9255=CARTESIAN_POINT('Ctrl Pts',(-40.0827478290868,-79.406495398418,23.3056413090693));
#9256=CARTESIAN_POINT('Ctrl Pts',(-40.0827478290868,-78.6623425987449,24.0482208297222));
#9257=CARTESIAN_POINT('Ctrl Pts',(-40.0827478290868,-78.2193134285737,24.4171923128399));
#9258=CARTESIAN_POINT('Ctrl Pts',(-40.0827478290868,-77.2655106464644,25.0535920244892));
#9259=CARTESIAN_POINT('Ctrl Pts',(-40.0827478290868,-76.7547337368202,25.3210153105766));
#9260=CARTESIAN_POINT('Ctrl Pts',(-40.0827478290868,-75.7835277535593,25.7228605501555));
#9261=CARTESIAN_POINT('Ctrl Pts',(-40.0827478290868,-75.2336362653016,25.8944010151578));
#9262=CARTESIAN_POINT('Ctrl Pts',(-40.0827478290868,-74.1100620817133,26.1177623580168));
#9263=CARTESIAN_POINT('Ctrl Pts',(-40.0827478290868,-73.5363785027002,26.1695787906647));
#9264=CARTESIAN_POINT('Ctrl Pts',(-40.0827478290868,-73.0110902936546,26.1695787906647));
#9265=CARTESIAN_POINT('Origin',(-39.5676390891773,-85.5004723034287,30.3695787906647));
#9266=CARTESIAN_POINT('',(-40.0827478290868,-81.5337780895941,30.3695787906647));
#9267=CARTESIAN_POINT('',(-40.0827478290868,-89.4671665172633,17.6695787906647));
#9268=CARTESIAN_POINT('Origin',(-39.5676390891773,-85.5004723034287,17.6695787906647));
#9269=CARTESIAN_POINT('',(-40.0827478290868,-89.4671665172633,30.3695787906647));
#9270=CARTESIAN_POINT('Origin',(-39.5676390891773,-85.5004723034287,17.6695787906647));
#9271=CARTESIAN_POINT('Ctrl Pts',(-40.0827478290868,-97.9898543132028,26.1695787906647));
#9272=CARTESIAN_POINT('Ctrl Pts',(-40.0827478290868,-97.4645661041572,26.1695787906647));
#9273=CARTESIAN_POINT('Ctrl Pts',(-40.0827478290868,-96.8908825251442,26.1177623580168));
#9274=CARTESIAN_POINT('Ctrl Pts',(-40.0827478290868,-95.7673083415558,25.8944010151578));
#9275=CARTESIAN_POINT('Ctrl Pts',(-40.0827478290868,-95.2174168532982,25.7228605501555));
#9276=CARTESIAN_POINT('Ctrl Pts',(-40.0827478290868,-94.2462108700373,25.3210153105766));
#9277=CARTESIAN_POINT('Ctrl Pts',(-40.0827478290868,-93.735433960393,25.0535920244892));
#9278=CARTESIAN_POINT('Ctrl Pts',(-40.0827478290868,-92.7816311782837,24.4171923128399));
#9279=CARTESIAN_POINT('Ctrl Pts',(-40.0827478290868,-92.3386020081125,24.0482208297222));
#9280=CARTESIAN_POINT('Ctrl Pts',(-40.0827478290868,-91.5944492084394,23.3056413090693));
#9281=CARTESIAN_POINT('Ctrl Pts',(-40.0827478290868,-91.2246975786101,22.8636283141109));
#9282=CARTESIAN_POINT('Ctrl Pts',(-40.0827478290868,-90.586575605791,21.9116728663932));
#9283=CARTESIAN_POINT('Ctrl Pts',(-40.0827478290868,-90.3182136009175,21.4017248243914));
#9284=CARTESIAN_POINT('Ctrl Pts',(-40.0827478290868,-89.9152980817548,20.4329502882314));
#9285=CARTESIAN_POINT('Ctrl Pts',(-40.0827478290868,-89.7433011104322,19.8850118288691));
#9286=CARTESIAN_POINT('Ctrl Pts',(-40.0827478290868,-89.5192152597937,18.7651854804096));
#9287=CARTESIAN_POINT('Ctrl Pts',(-40.0827478290868,-89.4671665172633,18.1932895600075));
#9288=CARTESIAN_POINT('Ctrl Pts',(-40.0827478290868,-89.4671665172633,17.6695787906647));
#9289=CARTESIAN_POINT('Origin',(-39.5676390891773,-85.5004723034287,17.6695787906647));
#9290=CARTESIAN_POINT('Origin',(39.4321722900806,-85.500384317893,17.6695787906647));
#9291=CARTESIAN_POINT('',(39.9323965190577,-89.4689830278591,17.6695787906647));
#9292=CARTESIAN_POINT('Origin',(39.4321722900806,-85.500384317893,17.6695787906647));
#9293=CARTESIAN_POINT('Ctrl Pts',(39.9323965190577,-89.4689830278591,17.6695787906647));
#9294=CARTESIAN_POINT('Ctrl Pts',(39.9323965190577,-89.4689830278591,18.1933352132826));
#9295=CARTESIAN_POINT('Ctrl Pts',(39.9323965190577,-89.5210145158079,18.7652846941434));
#9296=CARTESIAN_POINT('Ctrl Pts',(39.9323965190577,-89.7450466512806,19.8852276496466));
#9297=CARTESIAN_POINT('Ctrl Pts',(39.9323965190577,-89.917009485333,20.4332286881215));
#9298=CARTESIAN_POINT('Ctrl Pts',(39.9323965190577,-90.3198402873636,21.4020255089546));
#9299=CARTESIAN_POINT('Ctrl Pts',(39.9323965190577,-90.5881253671246,21.9119433984954));
#9300=CARTESIAN_POINT('Ctrl Pts',(39.9323965190577,-91.2260958513899,22.8638477792752));
#9301=CARTESIAN_POINT('Ctrl Pts',(39.9323965190577,-91.5957733853974,23.3058395453318));
#9302=CARTESIAN_POINT('Ctrl Pts',(39.9323965190577,-92.3397893851405,24.0483723883375));
#9303=CARTESIAN_POINT('Ctrl Pts',(39.9323965190577,-92.7827392921948,24.4173145786478));
#9304=CARTESIAN_POINT('Ctrl Pts',(39.9323965190577,-93.7363854830761,25.0536617559038));
#9305=CARTESIAN_POINT('Ctrl Pts',(39.9323965190577,-94.247084874457,25.3210620857771));
#9306=CARTESIAN_POINT('Ctrl Pts',(39.9323965190577,-95.2181740923166,25.7228841966374));
#9307=CARTESIAN_POINT('Ctrl Pts',(39.9323965190577,-95.7680164067567,25.8944168018295));
#9308=CARTESIAN_POINT('Ctrl Pts',(39.9323965190577,-96.8914927773622,26.1177661944015));
#9309=CARTESIAN_POINT('Ctrl Pts',(39.9323965190577,-97.4651276667261,26.1695787906647));
#9310=CARTESIAN_POINT('Ctrl Pts',(39.9323965190577,-97.9903713363308,26.1695787906647));
#9311=CARTESIAN_POINT('Origin',(39.4321722900806,-85.500384317893,30.3695787906647));
#9312=CARTESIAN_POINT('',(39.9323965190577,-89.4689830278591,30.3695787906647));
#9313=CARTESIAN_POINT('',(39.9323965190577,-81.5317856079269,17.6695787906647));
#9314=CARTESIAN_POINT('Origin',(39.4321722900806,-85.500384317893,17.6695787906647));
#9315=CARTESIAN_POINT('',(39.9323965190577,-81.5317856079269,30.3695787906647));
#9316=CARTESIAN_POINT('Origin',(39.4321722900806,-85.500384317893,17.6695787906647));
#9317=CARTESIAN_POINT('',(39.9323965190577,-73.0103972994552,26.1695787906647));
#9318=CARTESIAN_POINT('Ctrl Pts',(39.9323965190577,-73.0103972994552,26.1695787906647));
#9319=CARTESIAN_POINT('Ctrl Pts',(39.9323965190577,-73.53564096906,26.1695787906647));
#9320=CARTESIAN_POINT('Ctrl Pts',(39.9323965190577,-74.1092758584238,26.1177661944015));
#9321=CARTESIAN_POINT('Ctrl Pts',(39.9323965190577,-75.2327522290293,25.8944168018295));
#9322=CARTESIAN_POINT('Ctrl Pts',(39.9323965190577,-75.7825945434695,25.7228841966374));
#9323=CARTESIAN_POINT('Ctrl Pts',(39.9323965190577,-76.753683761329,25.3210620857771));
#9324=CARTESIAN_POINT('Ctrl Pts',(39.9323965190577,-77.2643831527099,25.0536617559038));
#9325=CARTESIAN_POINT('Ctrl Pts',(39.9323965190577,-78.2180293435912,24.4173145786478));
#9326=CARTESIAN_POINT('Ctrl Pts',(39.9323965190577,-78.6609792506455,24.0483723883375));
#9327=CARTESIAN_POINT('Ctrl Pts',(39.9323965190577,-79.4049952503886,23.3058395453318));
#9328=CARTESIAN_POINT('Ctrl Pts',(39.9323965190577,-79.7746727843962,22.8638477792752));
#9329=CARTESIAN_POINT('Ctrl Pts',(39.9323965190577,-80.4126432686614,21.9119433984955));
#9330=CARTESIAN_POINT('Ctrl Pts',(39.9323965190577,-80.6809283484224,21.4020255089546));
#9331=CARTESIAN_POINT('Ctrl Pts',(39.9323965190577,-81.083759150453,20.4332286881215));
#9332=CARTESIAN_POINT('Ctrl Pts',(39.9323965190577,-81.2557219845054,19.8852276496466));
#9333=CARTESIAN_POINT('Ctrl Pts',(39.9323965190577,-81.4797541199781,18.7652846941434));
#9334=CARTESIAN_POINT('Ctrl Pts',(39.9323965190577,-81.5317856079269,18.1933352132826));
#9335=CARTESIAN_POINT('Ctrl Pts',(39.9323965190577,-81.5317856079269,17.6695787906647));
#9336=CARTESIAN_POINT('Origin',(39.4321722900806,-85.500384317893,17.6695787906647));
#9337=CARTESIAN_POINT('Origin',(39.4321722900806,-85.500384317893,26.1695787906647));
#9338=CARTESIAN_POINT('Origin',(18.6785386955639,-32.8754631148585,21.9195787906647));
#9339=CARTESIAN_POINT('',(30.4999999999818,-31.7504570938334,17.6695787906647));
#9340=CARTESIAN_POINT('',(18.6785392685601,-34.0004631148583,26.1695787906647));
#9341=CARTESIAN_POINT('',(30.4999999999818,-31.7504570938334,17.6695787906647));
#9342=CARTESIAN_POINT('Origin',(-0.0751732708287101,-85.5005134087262,26.1695787906647));
#9343=CARTESIAN_POINT('',(52.9323984264064,-64.750445388667,26.1695787906647));
#9344=CARTESIAN_POINT('',(52.9323984264064,-64.750445388667,26.1695787906647));
#9345=CARTESIAN_POINT('',(50.9323984264064,-66.750445388667,26.1695787906647));
#9346=CARTESIAN_POINT('Origin',(50.9323984264064,-64.750445388667,26.1695787906647));
#9347=CARTESIAN_POINT('',(41.9323965190578,-66.750445388667,26.1695787906647));
#9348=CARTESIAN_POINT('',(41.9323965190578,-66.750445388667,26.1695787906647));
#9349=CARTESIAN_POINT('',(39.9323965190577,-68.750445388667,26.1695787906647));
#9350=CARTESIAN_POINT('Origin',(41.9323965190577,-68.750445388667,26.1695787906647));
#9351=CARTESIAN_POINT('',(39.9323965190577,-81.5317856079269,26.1695787906647));
#9352=CARTESIAN_POINT('',(50.9323984264064,-31.7504535630167,26.1695787906647));
#9353=CARTESIAN_POINT('',(50.9323984264064,-31.7504535630167,26.1695787906647));
#9354=CARTESIAN_POINT('',(52.9323984264064,-33.7504535630167,26.1695787906647));
#9355=CARTESIAN_POINT('Origin',(50.9323984264064,-33.7504535630167,26.1695787906647));
#9356=CARTESIAN_POINT('',(52.9323984264064,-37.5004489308852,26.1695787906647));
#9357=CARTESIAN_POINT('',(52.9323984264064,-37.5004489308852,26.1695787906647));
#9358=CARTESIAN_POINT('',(41.9323965190577,-37.5004489308852,26.1695787906647));
#9359=CARTESIAN_POINT('Origin',(-15.287586635438,-32.8754549026489,21.9195787906647));
#9360=CARTESIAN_POINT('',(-37.5674088596101,-31.7504549026489,17.6695787906647));
#9361=CARTESIAN_POINT('',(-37.5674088596101,-31.7504549026489,17.6695787906647));
#9362=CARTESIAN_POINT('Origin',(-18.8212910633369,-137.750452922656,21.9195787906647));
#9363=CARTESIAN_POINT('',(-30.5674279199353,-139.250452923528,17.6695787906647));
#9364=CARTESIAN_POINT('',(-26.7820684394598,-139.250452923247,17.6695787906647));
#9365=CARTESIAN_POINT('',(-36.5674352645874,-139.250452924797,17.6695787906647));
#9366=CARTESIAN_POINT('',(-30.5674279199353,-139.250459671021,17.6695787906647));
#9367=CARTESIAN_POINT('',(-26.7820684394598,-139.250452923247,17.6695787906647));
#9368=CARTESIAN_POINT('Origin',(14.6786173921594,-137.750452881822,21.9195787906647));
#9369=CARTESIAN_POINT('',(37.4324080551475,-139.250452881822,17.6695787906647));
#9370=CARTESIAN_POINT('Origin',(-33.5676277978521,-142.250434627556,30.3695787906647));
#9371=CARTESIAN_POINT('',(-37.2910763933905,-143.711317613418,17.6695787906647));
#9372=CARTESIAN_POINT('',(-37.2910763933905,-143.711317613418,30.3695787906647));
#9373=CARTESIAN_POINT('Origin',(-33.5676277978521,-142.250434627556,17.6695787906647));
#9374=CARTESIAN_POINT('Origin',(33.4324080551475,-142.75044403416,17.6695787906647));
#9375=CARTESIAN_POINT('Origin',(33.4324080551475,-142.250435186497,17.6695787906647));
#9376=CARTESIAN_POINT('',(35.4324080551475,-142.250435186497,17.6695787906647));
#9377=CARTESIAN_POINT('Origin',(33.4324080551475,-142.250435186497,17.6695787906647));
#9378=CARTESIAN_POINT('Origin',(-40.3175355079402,-85.5004723034287,17.6695787906647));
#9379=CARTESIAN_POINT('',(-37.817727074713,-85.5004723034287,17.6695787906647));
#9380=CARTESIAN_POINT('Origin',(-39.5676390891773,-85.5004723034287,17.6695787906647));
#9381=CARTESIAN_POINT('Origin',(-34.0337044298287,-28.2504679450994,17.6695787906647));
#9382=CARTESIAN_POINT('',(-31.5676569839246,-28.750480792355,17.6695787906647));
#9383=CARTESIAN_POINT('Origin',(-33.5676569839246,-28.750480792355,17.6695787906647));
#9384=CARTESIAN_POINT('Origin',(40.1823701816767,-85.500384317893,17.6695787906647));
#9385=CARTESIAN_POINT('',(41.1821722900806,-85.500384317893,17.6695787906647));
#9386=CARTESIAN_POINT('Origin',(39.4321722900806,-85.500384317893,17.6695787906647));
#9387=CARTESIAN_POINT('Origin',(-30.0676373280147,-140.718946494646,17.6695787906647));
#9388=CARTESIAN_POINT('Origin',(-33.5673489105104,-142.250546025098,17.6695787906647));
#9389=CARTESIAN_POINT('',(-31.5676277978521,-142.250434627556,17.6695787906647));
#9390=CARTESIAN_POINT('Origin',(-33.5676277978521,-142.250434627556,17.6695787906647));
#9391=CARTESIAN_POINT('Origin',(33.9661384462272,-28.2507036987468,17.6695787906647));
#9392=CARTESIAN_POINT('',(35.4322768924726,-28.7509501106589,17.6695787906647));
#9393=CARTESIAN_POINT('Origin',(33.4322768924726,-28.7509501106589,17.6695787906647));
#9394=CARTESIAN_POINT('Origin',(-33.5676569839246,-28.750480792355,30.3695787906647));
#9395=CARTESIAN_POINT('',(-31.5676569839246,-28.750480792355,30.3695787906647));
#9396=CARTESIAN_POINT('Origin',(-39.5676390891773,-85.5004723034287,30.3695787906647));
#9397=CARTESIAN_POINT('',(-37.817727074713,-85.5004723034287,30.3695787906647));
#9398=CARTESIAN_POINT('Origin',(-33.5676277978521,-142.250434627556,30.3695787906647));
#9399=CARTESIAN_POINT('',(-31.5676277978521,-142.250434627556,30.3695787906647));
#9400=CARTESIAN_POINT('Origin',(33.4324080551475,-142.250435186497,30.3695787906647));
#9401=CARTESIAN_POINT('',(35.4324080551475,-142.250435186497,30.3695787906647));
#9402=CARTESIAN_POINT('Origin',(39.4321722900806,-85.500384317893,30.3695787906647));
#9403=CARTESIAN_POINT('',(41.1821722900806,-85.500384317893,30.3695787906647));
#9404=CARTESIAN_POINT('Origin',(33.4322768924726,-28.7509501106589,30.3695787906647));
#9405=CARTESIAN_POINT('',(35.4322768924726,-28.7509501106589,30.3695787906647));
#9406=CARTESIAN_POINT('Origin',(-51.0827449680638,-31.7504549026489,30.3695787906647));
#9407=CARTESIAN_POINT('',(-51.0827449680638,-31.7504535630167,30.3695787906647));
#9408=CARTESIAN_POINT('Origin',(-51.0827449680638,-33.7504535630167,30.3695787906647));
#9409=CARTESIAN_POINT('',(-53.0827449680638,-33.7504535630167,30.3695787906647));
#9410=CARTESIAN_POINT('Origin',(-53.0827449680638,-37.5004489308852,30.3695787906647));
#9411=CARTESIAN_POINT('Origin',(-53.0827449680638,-64.750445388667,30.3695787906647));
#9412=CARTESIAN_POINT('',(-53.0827449680638,-64.750445388667,30.3695787906647));
#9413=CARTESIAN_POINT('Origin',(-51.0827449680638,-64.750445388667,30.3695787906647));
#9414=CARTESIAN_POINT('',(-51.0827449680638,-66.750445388667,30.3695787906647));
#9415=CARTESIAN_POINT('Origin',(-42.0827478290868,-66.750445388667,30.3695787906647));
#9416=CARTESIAN_POINT('',(-42.0827478290868,-66.750445388667,30.3695787906647));
#9417=CARTESIAN_POINT('Origin',(-42.0827478290868,-68.750445388667,30.3695787906647));
#9418=CARTESIAN_POINT('',(-40.0827478290868,-68.750445388667,30.3695787906647));
#9419=CARTESIAN_POINT('Origin',(-40.0827478290868,-81.5337780895941,30.3695787906647));
#9420=CARTESIAN_POINT('Origin',(-40.0827478290868,-104.250454925409,30.3695787906647));
#9421=CARTESIAN_POINT('',(-40.0827478290868,-104.250454925409,30.3695787906647));
#9422=CARTESIAN_POINT('Origin',(-51.0827449680638,-104.250454925409,30.3695787906647));
#9423=CARTESIAN_POINT('',(-51.0827449680638,-104.250454925409,30.3695787906647));
#9424=CARTESIAN_POINT('Origin',(-51.0827449680638,-106.250454925409,30.3695787906647));
#9425=CARTESIAN_POINT('',(-53.0827449680638,-106.250454925409,30.3695787906647));
#9426=CARTESIAN_POINT('Origin',(-53.0827449680638,-110.000453699257,30.3695787906647));
#9427=CARTESIAN_POINT('Origin',(-53.0827449680638,-133.500467050697,30.3695787906647));
#9428=CARTESIAN_POINT('',(-53.0827449680638,-133.500467050697,30.3695787906647));
#9429=CARTESIAN_POINT('Origin',(-53.0827449680638,-137.250452881822,30.3695787906647));
#9430=CARTESIAN_POINT('',(-53.0827449680638,-137.250452881822,30.3695787906647));
#9431=CARTESIAN_POINT('Origin',(-51.0827449680638,-137.250452881822,30.3695787906647));
#9432=CARTESIAN_POINT('',(-51.0827449680638,-139.250452881822,30.3695787906647));
#9433=CARTESIAN_POINT('Origin',(-37.5674088596101,-139.250452881822,30.3695787906647));
#9434=CARTESIAN_POINT('Origin',(-33.5673489105104,-142.250546025098,30.3695787906647));
#9435=CARTESIAN_POINT('Origin',(29.4324080551475,-139.250452919076,30.3695787906647));
#9436=CARTESIAN_POINT('Origin',(33.4324080551475,-142.250435186497,30.3695787906647));
#9437=CARTESIAN_POINT('Origin',(50.9323984264064,-139.250452881822,30.3695787906647));
#9438=CARTESIAN_POINT('',(50.9323984264064,-139.250452881822,30.3695787906647));
#9439=CARTESIAN_POINT('Origin',(50.9323984264064,-137.250452881822,30.3695787906647));
#9440=CARTESIAN_POINT('',(52.9323984264064,-137.250452881822,30.3695787906647));
#9441=CARTESIAN_POINT('Origin',(52.9323984264064,-133.500467050697,30.3695787906647));
#9442=CARTESIAN_POINT('Origin',(52.9323984264064,-110.000453699257,30.3695787906647));
#9443=CARTESIAN_POINT('',(52.9323984264064,-110.000453699257,30.3695787906647));
#9444=CARTESIAN_POINT('Origin',(52.9323984264064,-106.250454925409,30.3695787906647));
#9445=CARTESIAN_POINT('',(52.9323984264064,-106.250454925409,30.3695787906647));
#9446=CARTESIAN_POINT('Origin',(50.9323984264064,-106.250454925409,30.3695787906647));
#9447=CARTESIAN_POINT('',(50.9323984264064,-104.250454925409,30.3695787906647));
#9448=CARTESIAN_POINT('Origin',(41.9323965190577,-104.250454925409,30.3695787906647));
#9449=CARTESIAN_POINT('',(41.9323965190577,-104.250454925409,30.3695787906647));
#9450=CARTESIAN_POINT('Origin',(41.9323965190577,-102.250454925409,30.3695787906647));
#9451=CARTESIAN_POINT('',(39.9323965190577,-102.250454925409,30.3695787906647));
#9452=CARTESIAN_POINT('Origin',(39.9323965190577,-89.4689830278591,30.3695787906647));
#9453=CARTESIAN_POINT('Origin',(39.9323965190577,-68.750445388667,30.3695787906647));
#9454=CARTESIAN_POINT('',(39.9323965190577,-68.750445388667,30.3695787906647));
#9455=CARTESIAN_POINT('Origin',(41.9323965190577,-68.750445388667,30.3695787906647));
#9456=CARTESIAN_POINT('',(41.9323965190578,-66.750445388667,30.3695787906647));
#9457=CARTESIAN_POINT('Origin',(50.9323984264064,-66.750445388667,30.3695787906647));
#9458=CARTESIAN_POINT('',(50.9323984264064,-66.750445388667,30.3695787906647));
#9459=CARTESIAN_POINT('Origin',(50.9323984264064,-64.750445388667,30.3695787906647));
#9460=CARTESIAN_POINT('',(52.9323984264064,-64.750445388667,30.3695787906647));
#9461=CARTESIAN_POINT('Origin',(52.9323984264064,-61.0004718190688,30.3695787906647));
#9462=CARTESIAN_POINT('Origin',(52.9323984264064,-37.5004489308852,30.3695787906647));
#9463=CARTESIAN_POINT('',(52.9323984264064,-37.5004489308852,30.3695787906647));
#9464=CARTESIAN_POINT('Origin',(52.9323984264064,-33.7504535630167,30.3695787906647));
#9465=CARTESIAN_POINT('',(52.9323984264064,-33.7504535630167,30.3695787906647));
#9466=CARTESIAN_POINT('Origin',(50.9323984264064,-33.7504535630167,30.3695787906647));
#9467=CARTESIAN_POINT('',(50.9323984264064,-31.7504535630167,30.3695787906647));
#9468=CARTESIAN_POINT('Origin',(37.4322768924727,-31.7504535630167,30.3695787906647));
#9469=UNCERTAINTY_MEASURE_WITH_UNIT(LENGTH_MEASURE(0.01),#9473,
'DISTANCE_ACCURACY_VALUE',
'Maximum model space distance between geometric entities at asserted c
onnectivities');
#9470=UNCERTAINTY_MEASURE_WITH_UNIT(LENGTH_MEASURE(0.01),#9473,
'DISTANCE_ACCURACY_VALUE',
'Maximum model space distance between geometric entities at asserted c
onnectivities');
#9471=(
GEOMETRIC_REPRESENTATION_CONTEXT(3)
GLOBAL_UNCERTAINTY_ASSIGNED_CONTEXT((#9469))
GLOBAL_UNIT_ASSIGNED_CONTEXT((#9473,#9475,#9476))
REPRESENTATION_CONTEXT('','3D')
);
#9472=(
GEOMETRIC_REPRESENTATION_CONTEXT(3)
GLOBAL_UNCERTAINTY_ASSIGNED_CONTEXT((#9470))
GLOBAL_UNIT_ASSIGNED_CONTEXT((#9473,#9475,#9476))
REPRESENTATION_CONTEXT('','3D')
);
#9473=(
LENGTH_UNIT()
NAMED_UNIT(*)
SI_UNIT(.MILLI.,.METRE.)
);
#9474=(
LENGTH_UNIT()
NAMED_UNIT(*)
SI_UNIT(.CENTI.,.METRE.)
);
#9475=(
NAMED_UNIT(*)
PLANE_ANGLE_UNIT()
SI_UNIT($,.RADIAN.)
);
#9476=(
NAMED_UNIT(*)
SI_UNIT($,.STERADIAN.)
SOLID_ANGLE_UNIT()
);
#9477=SHAPE_DEFINITION_REPRESENTATION(#9478,#9479);
#9478=PRODUCT_DEFINITION_SHAPE('',$,#9481);
#9479=SHAPE_REPRESENTATION('',(#5245),#9471);
#9480=PRODUCT_DEFINITION_CONTEXT('part definition',#9485,'design');
#9481=PRODUCT_DEFINITION('body_d_L_Screws','body_d_L_Screws',#9482,#9480);
#9482=PRODUCT_DEFINITION_FORMATION('',$,#9487);
#9483=PRODUCT_RELATED_PRODUCT_CATEGORY('body_d_L_Screws',
'body_d_L_Screws',(#9487));
#9484=APPLICATION_PROTOCOL_DEFINITION('international standard',
'automotive_design',2009,#9485);
#9485=APPLICATION_CONTEXT(
'Core Data for Automotive Mechanical Design Process');
#9486=PRODUCT_CONTEXT('part definition',#9485,'mechanical');
#9487=PRODUCT('body_d_L_Screws','body_d_L_Screws',$,(#9486));
#9488=PRESENTATION_STYLE_ASSIGNMENT((#9494));
#9489=PRESENTATION_STYLE_ASSIGNMENT((#9495));
#9490=PRESENTATION_STYLE_ASSIGNMENT((#9496));
#9491=PRESENTATION_STYLE_ASSIGNMENT((#9497));
#9492=PRESENTATION_STYLE_ASSIGNMENT((#9498));
#9493=PRESENTATION_STYLE_ASSIGNMENT((#9499));
#9494=SURFACE_STYLE_USAGE(.BOTH.,#9512);
#9495=SURFACE_STYLE_USAGE(.BOTH.,#9513);
#9496=SURFACE_STYLE_USAGE(.BOTH.,#9514);
#9497=SURFACE_STYLE_USAGE(.BOTH.,#9515);
#9498=SURFACE_STYLE_USAGE(.BOTH.,#9516);
#9499=SURFACE_STYLE_USAGE(.BOTH.,#9517);
#9500=SURFACE_STYLE_RENDERING_WITH_PROPERTIES($,#9536,(#9506));
#9501=SURFACE_STYLE_RENDERING_WITH_PROPERTIES($,#9537,(#9507));
#9502=SURFACE_STYLE_RENDERING_WITH_PROPERTIES($,#9538,(#9508));
#9503=SURFACE_STYLE_RENDERING_WITH_PROPERTIES($,#9539,(#9509));
#9504=SURFACE_STYLE_RENDERING_WITH_PROPERTIES($,#9540,(#9510));
#9505=SURFACE_STYLE_RENDERING_WITH_PROPERTIES($,#9541,(#9511));
#9506=SURFACE_STYLE_TRANSPARENT(0.);
#9507=SURFACE_STYLE_TRANSPARENT(0.);
#9508=SURFACE_STYLE_TRANSPARENT(0.);
#9509=SURFACE_STYLE_TRANSPARENT(0.);
#9510=SURFACE_STYLE_TRANSPARENT(0.);
#9511=SURFACE_STYLE_TRANSPARENT(0.);
#9512=SURFACE_SIDE_STYLE('',(#9518,#9500));
#9513=SURFACE_SIDE_STYLE('',(#9519,#9501));
#9514=SURFACE_SIDE_STYLE('',(#9520,#9502));
#9515=SURFACE_SIDE_STYLE('',(#9521,#9503));
#9516=SURFACE_SIDE_STYLE('',(#9522,#9504));
#9517=SURFACE_SIDE_STYLE('',(#9523,#9505));
#9518=SURFACE_STYLE_FILL_AREA(#9524);
#9519=SURFACE_STYLE_FILL_AREA(#9525);
#9520=SURFACE_STYLE_FILL_AREA(#9526);
#9521=SURFACE_STYLE_FILL_AREA(#9527);
#9522=SURFACE_STYLE_FILL_AREA(#9528);
#9523=SURFACE_STYLE_FILL_AREA(#9529);
#9524=FILL_AREA_STYLE('',(#9530));
#9525=FILL_AREA_STYLE('',(#9531));
#9526=FILL_AREA_STYLE('',(#9532));
#9527=FILL_AREA_STYLE('',(#9533));
#9528=FILL_AREA_STYLE('',(#9534));
#9529=FILL_AREA_STYLE('',(#9535));
#9530=FILL_AREA_STYLE_COLOUR('',#9536);
#9531=FILL_AREA_STYLE_COLOUR('',#9537);
#9532=FILL_AREA_STYLE_COLOUR('',#9538);
#9533=FILL_AREA_STYLE_COLOUR('',#9539);
#9534=FILL_AREA_STYLE_COLOUR('',#9540);
#9535=FILL_AREA_STYLE_COLOUR('',#9541);
#9536=COLOUR_RGB('',0.749019607843137,0.749019607843137,0.749019607843137);
#9537=COLOUR_RGB('',0.419607843137255,0.419607843137255,0.419607843137255);
#9538=COLOUR_RGB('',0.701960784313725,0.552941176470588,0.00392156862745098);
#9539=COLOUR_RGB('',0.949019607843137,0.949019607843137,1.);
#9540=COLOUR_RGB('',0.996078431372549,0.835294117647059,0.);
#9541=COLOUR_RGB('',0.,0.,0.);
ENDSEC;
END-ISO-10303-21;
