ISO-10303-21;
HEADER;
/* Generated by software containing ST-Developer
 * from STEP Tools, Inc. (www.steptools.com) 
 */

FILE_DESCRIPTION(
/* description */ (''),
/* implementation_level */ '2;1');

FILE_NAME(
/* name */ 'tibia 1.0.stp',
/* time_stamp */ '2026-02-22T18:52:11-03:00',
/* author */ ('Gir'),
/* organization */ (''),
/* preprocessor_version */ 'ST-DEVELOPER v20.1',
/* originating_system */ 'Autodesk Inventor 2026',
/* authorisation */ '');

FILE_SCHEMA (('AUTOMOTIVE_DESIGN { 1 0 10303 214 3 1 1 }'));
ENDSEC;

DATA;
#10=MECHANICAL_DESIGN_GEOMETRIC_PRESENTATION_REPRESENTATION('',(#13),#3177);
#11=SHAPE_REPRESENTATION_RELATIONSHIP('SRR','None',#3184,#12);
#12=ADVANCED_BREP_SHAPE_REPRESENTATION('',(#14),#3176);
#13=STYLED_ITEM('',(#3193),#14);
#14=MANIFOLD_SOLID_BREP('tibia',#1275);
#15=B_SPLINE_SURFACE_WITH_KNOTS('',3,3,((#2200,#2201,#2202,#2203,#2204,
#2205),(#2206,#2207,#2208,#2209,#2210,#2211),(#2212,#2213,#2214,#2215,#2216,
#2217),(#2218,#2219,#2220,#2221,#2222,#2223)),.UNSPECIFIED.,.F.,.F.,.F.,
(4,4),(4,1,1,4),(0.,1.),(6.58519897720014,7.30285876636675,7.78129862581116,
8.25973848525557),.UNSPECIFIED.);
#16=B_SPLINE_SURFACE_WITH_KNOTS('',3,3,((#2262,#2263,#2264,#2265,#2266,
#2267,#2268,#2269,#2270),(#2271,#2272,#2273,#2274,#2275,#2276,#2277,#2278,
#2279),(#2280,#2281,#2282,#2283,#2284,#2285,#2286,#2287,#2288),(#2289,#2290,
#2291,#2292,#2293,#2294,#2295,#2296,#2297)),.UNSPECIFIED.,.F.,.F.,.F.,(4,
4),(4,1,1,1,1,1,4),(0.,1.),(0.,0.220193926300949,0.660581778902846,0.880775705203795,
1.10096963150474,1.32116355780569,1.54135748410664),.UNSPECIFIED.);
#17=B_SPLINE_SURFACE_WITH_KNOTS('',3,3,((#2309,#2310,#2311,#2312,#2313,
#2314,#2315,#2316,#2317,#2318,#2319,#2320,#2321,#2322,#2323,#2324,#2325,
#2326,#2327,#2328),(#2329,#2330,#2331,#2332,#2333,#2334,#2335,#2336,#2337,
#2338,#2339,#2340,#2341,#2342,#2343,#2344,#2345,#2346,#2347,#2348),(#2349,
#2350,#2351,#2352,#2353,#2354,#2355,#2356,#2357,#2358,#2359,#2360,#2361,
#2362,#2363,#2364,#2365,#2366,#2367,#2368),(#2369,#2370,#2371,#2372,#2373,
#2374,#2375,#2376,#2377,#2378,#2379,#2380,#2381,#2382,#2383,#2384,#2385,
#2386,#2387,#2388)),.UNSPECIFIED.,.F.,.F.,.F.,(4,4),(4,1,1,1,1,1,1,1,1,
1,1,1,1,1,1,2,4),(0.,1.),(0.,0.0012077012097335,0.002415402419467,0.00483080483893401,
0.00966160967786802,0.019323219355736,0.0386464387114721,0.0772928774229441,
0.115939316134416,0.135262535490152,0.154585754845888,0.231878632268832,
0.309171509691777,0.463757264537665,0.618343019383553,0.772928774229441,
0.778550046301983),.UNSPECIFIED.);
#18=B_SPLINE_SURFACE_WITH_KNOTS('',3,3,((#2411,#2412,#2413,#2414,#2415,
#2416,#2417,#2418,#2419,#2420,#2421,#2422,#2423,#2424,#2425,#2426,#2427,
#2428,#2429,#2430,#2431),(#2432,#2433,#2434,#2435,#2436,#2437,#2438,#2439,
#2440,#2441,#2442,#2443,#2444,#2445,#2446,#2447,#2448,#2449,#2450,#2451,
#2452),(#2453,#2454,#2455,#2456,#2457,#2458,#2459,#2460,#2461,#2462,#2463,
#2464,#2465,#2466,#2467,#2468,#2469,#2470,#2471,#2472,#2473),(#2474,#2475,
#2476,#2477,#2478,#2479,#2480,#2481,#2482,#2483,#2484,#2485,#2486,#2487,
#2488,#2489,#2490,#2491,#2492,#2493,#2494)),.UNSPECIFIED.,.F.,.F.,.F.,(4,
4),(4,2,1,1,1,1,1,1,1,1,1,1,1,1,1,1,1,4),(0.,1.),(-0.00562127207257828,
0.,0.15458575484588,0.30917150969176,0.463757264537639,0.541050141960579,
0.618343019383519,0.637666238739254,0.656989458094989,0.695635896806459,
0.734282335517929,0.743943945195797,0.753605554873664,0.763267164551532,
0.768097969390465,0.770513371809932,0.771721073019666,0.772928774229399),
 .UNSPECIFIED.);
#19=B_SPLINE_SURFACE_WITH_KNOTS('',3,3,((#2518,#2519,#2520,#2521,#2522,
#2523,#2524,#2525,#2526),(#2527,#2528,#2529,#2530,#2531,#2532,#2533,#2534,
#2535),(#2536,#2537,#2538,#2539,#2540,#2541,#2542,#2543,#2544),(#2545,#2546,
#2547,#2548,#2549,#2550,#2551,#2552,#2553)),.UNSPECIFIED.,.F.,.F.,.F.,(4,
4),(4,1,1,1,1,1,4),(0.,1.),(0.,0.220193926300948,0.660581778902844,0.880775705203792,
1.10096963150474,1.32116355780569,1.54135748410664),.UNSPECIFIED.);
#20=B_SPLINE_SURFACE_WITH_KNOTS('',3,3,((#2567,#2568,#2569,#2570,#2571,
#2572,#2573,#2574,#2575,#2576,#2577,#2578,#2579,#2580,#2581,#2582,#2583,
#2584,#2585,#2586,#2587),(#2588,#2589,#2590,#2591,#2592,#2593,#2594,#2595,
#2596,#2597,#2598,#2599,#2600,#2601,#2602,#2603,#2604,#2605,#2606,#2607,
#2608),(#2609,#2610,#2611,#2612,#2613,#2614,#2615,#2616,#2617,#2618,#2619,
#2620,#2621,#2622,#2623,#2624,#2625,#2626,#2627,#2628,#2629),(#2630,#2631,
#2632,#2633,#2634,#2635,#2636,#2637,#2638,#2639,#2640,#2641,#2642,#2643,
#2644,#2645,#2646,#2647,#2648,#2649,#2650)),.UNSPECIFIED.,.F.,.F.,.F.,(4,
4),(4,2,1,1,1,1,1,1,1,1,1,1,1,1,1,1,1,4),(0.,1.),(-0.00562086677112323,
0.,0.154585835584408,0.309171671168816,0.463757506753223,0.541050424545427,
0.618343342337631,0.637666571785682,0.656989801233733,0.695636260129835,
0.734282719025937,0.743944333749963,0.753605948473988,0.763267563198014,
0.768098370560026,0.770513774241033,0.771721476081536,0.772929177922039),
 .UNSPECIFIED.);
#21=B_SPLINE_SURFACE_WITH_KNOTS('',3,3,((#2674,#2675,#2676,#2677,#2678,
#2679,#2680,#2681,#2682,#2683,#2684,#2685,#2686,#2687,#2688,#2689,#2690,
#2691,#2692),(#2693,#2694,#2695,#2696,#2697,#2698,#2699,#2700,#2701,#2702,
#2703,#2704,#2705,#2706,#2707,#2708,#2709,#2710,#2711),(#2712,#2713,#2714,
#2715,#2716,#2717,#2718,#2719,#2720,#2721,#2722,#2723,#2724,#2725,#2726,
#2727,#2728,#2729,#2730),(#2731,#2732,#2733,#2734,#2735,#2736,#2737,#2738,
#2739,#2740,#2741,#2742,#2743,#2744,#2745,#2746,#2747,#2748,#2749)),
 .UNSPECIFIED.,.F.,.F.,.F.,(4,4),(4,1,1,1,1,1,1,1,1,1,1,1,1,1,2,4),(0.,
1.),(0.,0.00120770184050831,0.00241540368101662,0.00483080736203324,0.00966161472406649,
0.019323229448133,0.0386464588962659,0.0579696883443989,0.0772929177925319,
0.115939376688798,0.154585835585064,0.309171671170128,0.463757506755191,
0.618343342340255,0.772929177925319,0.778550044693083),.UNSPECIFIED.);
#22=B_SPLINE_SURFACE_WITH_KNOTS('',3,3,((#2771,#2772,#2773,#2774),(#2775,
#2776,#2777,#2778),(#2779,#2780,#2781,#2782),(#2783,#2784,#2785,#2786)),
 .UNSPECIFIED.,.F.,.F.,.F.,(4,4),(4,4),(0.,1.),(1.60609215071385E-13,0.0777725702121939),
 .UNSPECIFIED.);
#23=B_SPLINE_SURFACE_WITH_KNOTS('',3,3,((#2793,#2794,#2795,#2796,#2797,
#2798),(#2799,#2800,#2801,#2802,#2803,#2804),(#2805,#2806,#2807,#2808,#2809,
#2810),(#2811,#2812,#2813,#2814,#2815,#2816)),.UNSPECIFIED.,.F.,.F.,.F.,
(4,4),(4,1,1,4),(0.,1.),(-1.67453950805742,-0.956879718889954,-0.478439859444977,
3.52620809135061E-16),.UNSPECIFIED.);
#24=B_SPLINE_SURFACE_WITH_KNOTS('',3,3,((#2828,#2829,#2830,#2831,#2832,
#2833),(#2834,#2835,#2836,#2837,#2838,#2839),(#2840,#2841,#2842,#2843,#2844,
#2845),(#2846,#2847,#2848,#2849,#2850,#2851)),.UNSPECIFIED.,.F.,.F.,.F.,
(4,4),(4,1,1,4),(0.,1.),(6.58519897720055,7.30285876636709,7.78129862581145,
8.25973848525581),.UNSPECIFIED.);
#25=B_SPLINE_SURFACE_WITH_KNOTS('',3,3,((#2860,#2861,#2862,#2863),(#2864,
#2865,#2866,#2867),(#2868,#2869,#2870,#2871),(#2872,#2873,#2874,#2875)),
 .UNSPECIFIED.,.F.,.F.,.F.,(4,4),(4,4),(0.,1.),(8.49779179258901,8.57556436280328),
 .UNSPECIFIED.);
#26=B_SPLINE_SURFACE_WITH_KNOTS('',3,3,((#2880,#2881,#2882,#2883),(#2884,
#2885,#2886,#2887),(#2888,#2889,#2890,#2891),(#2892,#2893,#2894,#2895)),
 .UNSPECIFIED.,.F.,.F.,.F.,(4,4),(4,4),(0.,1.),(1.73042228601823E-13,0.0777725702123385),
 .UNSPECIFIED.);
#27=B_SPLINE_SURFACE_WITH_KNOTS('',3,3,((#2902,#2903,#2904,#2905,#2906,
#2907),(#2908,#2909,#2910,#2911,#2912,#2913),(#2914,#2915,#2916,#2917,#2918,
#2919),(#2920,#2921,#2922,#2923,#2924,#2925)),.UNSPECIFIED.,.F.,.F.,.F.,
(4,4),(4,1,1,4),(0.,1.),(-1.67453950805735,-0.956879718889912,-0.478439859444955,
2.28801490570703E-15),.UNSPECIFIED.);
#28=B_SPLINE_SURFACE_WITH_KNOTS('',3,3,((#2936,#2937,#2938,#2939),(#2940,
#2941,#2942,#2943),(#2944,#2945,#2946,#2947),(#2948,#2949,#2950,#2951)),
 .UNSPECIFIED.,.F.,.F.,.F.,(4,4),(4,4),(0.,1.),(8.49779179249999,8.575564362714),
 .UNSPECIFIED.);
#29=B_SPLINE_SURFACE_WITH_KNOTS('',3,3,((#2956,#2957,#2958,#2959,#2960,
#2961,#2962,#2963),(#2964,#2965,#2966,#2967,#2968,#2969,#2970,#2971),(#2972,
#2973,#2974,#2975,#2976,#2977,#2978,#2979),(#2980,#2981,#2982,#2983,#2984,
#2985,#2986,#2987)),.UNSPECIFIED.,.F.,.F.,.F.,(4,4),(4,1,1,2,4),(0.568485755800949,
1.),(-0.781982766854026,-0.469189660112416,-0.312793106741611,0.,0.00118321590652437),
 .UNSPECIFIED.);
#30=B_SPLINE_SURFACE_WITH_KNOTS('',3,3,((#2998,#2999,#3000,#3001,#3002,
#3003,#3004,#3005),(#3006,#3007,#3008,#3009,#3010,#3011,#3012,#3013),(#3014,
#3015,#3016,#3017,#3018,#3019,#3020,#3021),(#3022,#3023,#3024,#3025,#3026,
#3027,#3028,#3029)),.UNSPECIFIED.,.F.,.F.,.F.,(4,4),(4,2,1,1,4),(0.568485756876254,
1.),(-2.63737946343052,-2.636196247524,-2.32340314078239,-2.16700658741158,
-1.85421348066997),.UNSPECIFIED.);
#31=B_SPLINE_SURFACE_WITH_KNOTS('',3,3,((#3058,#3059,#3060,#3061,#3062,
#3063,#3064,#3065),(#3066,#3067,#3068,#3069,#3070,#3071,#3072,#3073),(#3074,
#3075,#3076,#3077,#3078,#3079,#3080,#3081),(#3082,#3083,#3084,#3085,#3086,
#3087,#3088,#3089)),.UNSPECIFIED.,.F.,.F.,.F.,(4,4),(4,1,1,2,4),(0.568484760618389,
1.),(-0.781982766870386,-0.469189660122231,-0.312793106748154,0.,0.00118321588776196),
 .UNSPECIFIED.);
#32=B_SPLINE_SURFACE_WITH_KNOTS('',3,3,((#3121,#3122,#3123,#3124,#3125,
#3126,#3127,#3128),(#3129,#3130,#3131,#3132,#3133,#3134,#3135,#3136),(#3137,
#3138,#3139,#3140,#3141,#3142,#3143,#3144),(#3145,#3146,#3147,#3148,#3149,
#3150,#3151,#3152)),.UNSPECIFIED.,.F.,.F.,.F.,(4,4),(4,2,1,1,4),(0.568484760605231,
1.),(-2.63737946344365,-2.63619624755589,-2.32340314080773,-2.16700658743365,
-1.8542134806855),.UNSPECIFIED.);
#33=FACE_BOUND('',#389,.T.);
#34=FACE_BOUND('',#396,.T.);
#35=FACE_BOUND('',#432,.T.);
#36=ELLIPSE('',#1351,2.33326026170744,2.25000000001757);
#37=ELLIPSE('',#1382,11.3312623228575,3.);
#38=ELLIPSE('',#1385,11.3312623228575,3.);
#39=ELLIPSE('',#1402,3.77253412265222,3.);
#40=ELLIPSE('',#1414,11.3312623228574,3.);
#41=ELLIPSE('',#1416,11.3312623228575,3.);
#42=ELLIPSE('',#1424,3.77253412265222,3.);
#43=TOROIDAL_SURFACE('',#1335,1.25000000001757,1.);
#44=TOROIDAL_SURFACE('',#1342,2.74999999999999,1.);
#45=PLANE('',#1325);
#46=PLANE('',#1326);
#47=PLANE('',#1328);
#48=PLANE('',#1345);
#49=PLANE('',#1348);
#50=PLANE('',#1355);
#51=PLANE('',#1356);
#52=PLANE('',#1360);
#53=PLANE('',#1361);
#54=PLANE('',#1362);
#55=PLANE('',#1363);
#56=PLANE('',#1367);
#57=PLANE('',#1383);
#58=PLANE('',#1427);
#59=PLANE('',#1428);
#60=PLANE('',#1430);
#61=PLANE('',#1431);
#62=PLANE('',#1432);
#63=B_SPLINE_CURVE_WITH_KNOTS('',3,(#1808,#1809,#1810,#1811,#1812,#1813,
#1814,#1815,#1816,#1817),.UNSPECIFIED.,.F.,.F.,(4,2,2,2,4),(0.,0.113689306101702,
0.227378612203404,0.351876173601372,0.476373734999339),.UNSPECIFIED.);
#64=B_SPLINE_CURVE_WITH_KNOTS('',3,(#1839,#1840,#1841,#1842,#1843,#1844),
 .UNSPECIFIED.,.F.,.F.,(4,2,4),(0.42964032600467,0.503345483965046,0.61715742824925),
 .UNSPECIFIED.);
#65=B_SPLINE_CURVE_WITH_KNOTS('',3,(#1848,#1849,#1850,#1851,#1852,#1853),
 .UNSPECIFIED.,.F.,.F.,(4,2,4),(0.617157428249237,0.73096937253344,0.804674530393119),
 .UNSPECIFIED.);
#66=B_SPLINE_CURVE_WITH_KNOTS('',3,(#1860,#1861,#1862,#1863,#1864,#1865),
 .UNSPECIFIED.,.F.,.F.,(4,2,4),(1.66395518260384,1.73766034046352,1.85147228474772),
 .UNSPECIFIED.);
#67=B_SPLINE_CURVE_WITH_KNOTS('',3,(#1869,#1870,#1871,#1872,#1873,#1874),
 .UNSPECIFIED.,.F.,.F.,(4,2,4),(1.85147228474775,1.96528422903195,2.03898938699233),
 .UNSPECIFIED.);
#68=B_SPLINE_CURVE_WITH_KNOTS('',3,(#1884,#1885,#1886,#1887,#1888,#1889,
#1890,#1891,#1892,#1893),.UNSPECIFIED.,.F.,.F.,(4,2,2,2,4),(0.459923502064352,
0.584421063462321,0.708918624860289,0.82260793096199,0.936297237063691),
 .UNSPECIFIED.);
#69=B_SPLINE_CURVE_WITH_KNOTS('',3,(#1927,#1928,#1929,#1930,#1931,#1932,
#1933,#1934),.UNSPECIFIED.,.F.,.F.,(4,2,2,4),(0.598325030811317,0.616838482771585,
0.68947354264568,0.83474366239387),.UNSPECIFIED.);
#70=B_SPLINE_CURVE_WITH_KNOTS('',3,(#1940,#1941,#1942,#1943,#1944,#1945,
#1946,#1947),.UNSPECIFIED.,.F.,.F.,(4,2,2,4),(0.834743662393876,0.980013782142067,
1.05264884201616,1.07116229397643),.UNSPECIFIED.);
#71=B_SPLINE_CURVE_WITH_KNOTS('',3,(#2039,#2040,#2041,#2042,#2043,#2044,
#2045,#2046,#2047,#2048,#2049,#2050,#2051,#2052,#2053,#2054,#2055,#2056,
#2057,#2058,#2059),.UNSPECIFIED.,.F.,.F.,(4,1,1,1,1,1,1,1,1,1,1,1,1,1,1,
1,2,4),(-0.772928774229399,-0.771721073019666,-0.770513371809932,-0.768097969390465,
-0.763267164551532,-0.753605554873664,-0.743943945195797,-0.734282335517929,
-0.695635896806459,-0.656989458094989,-0.637666238739254,-0.618343019383519,
-0.541050141960579,-0.463757264537639,-0.30917150969176,-0.15458575484588,
0.,0.00562127207257828),.UNSPECIFIED.);
#72=B_SPLINE_CURVE_WITH_KNOTS('',3,(#2061,#2062,#2063,#2064),
 .UNSPECIFIED.,.F.,.F.,(4,4),(-0.0777725702123385,-1.73042228601823E-13),
 .UNSPECIFIED.);
#73=B_SPLINE_CURVE_WITH_KNOTS('',3,(#2066,#2067,#2068,#2069,#2070,#2071),
 .UNSPECIFIED.,.F.,.F.,(4,1,1,4),(-2.28801490570703E-15,0.478439859444955,
0.956879718889912,1.67453950805735),.UNSPECIFIED.);
#74=B_SPLINE_CURVE_WITH_KNOTS('',3,(#2073,#2074,#2075,#2076,#2077,#2078,
#2079,#2080,#2081),.UNSPECIFIED.,.F.,.F.,(4,1,1,1,1,1,4),(-1.54135748410664,
-1.32116355780569,-1.10096963150474,-0.880775705203795,-0.660581778902846,
-0.220193926300949,0.),.UNSPECIFIED.);
#75=B_SPLINE_CURVE_WITH_KNOTS('',3,(#2083,#2084,#2085,#2086,#2087),
 .UNSPECIFIED.,.F.,.F.,(4,1,4),(-7.73470906609231,-7.30285876636675,-6.58519897720014),
 .UNSPECIFIED.);
#76=B_SPLINE_CURVE_WITH_KNOTS('',3,(#2089,#2090,#2091,#2092,#2093),
 .UNSPECIFIED.,.F.,.F.,(4,1,4),(-8.25973848525557,-7.78129862581116,-7.73470906609231),
 .UNSPECIFIED.);
#77=B_SPLINE_CURVE_WITH_KNOTS('',3,(#2095,#2096,#2097,#2098),
 .UNSPECIFIED.,.F.,.F.,(4,4),(-8.575564362714,-8.49779179249999),
 .UNSPECIFIED.);
#78=B_SPLINE_CURVE_WITH_KNOTS('',3,(#2100,#2101,#2102,#2103,#2104,#2105,
#2106,#2107,#2108,#2109,#2110,#2111,#2112,#2113,#2114,#2115,#2116,#2117,
#2118),.UNSPECIFIED.,.F.,.F.,(4,2,1,1,1,1,1,1,1,1,1,1,1,1,1,4),(-0.778550044693083,
-0.772929177925319,-0.618343342340255,-0.463757506755191,-0.309171671170128,
-0.154585835585064,-0.115939376688798,-0.0772929177925319,-0.0579696883443989,
-0.0386464588962659,-0.019323229448133,-0.00966161472406649,-0.00483080736203324,
-0.00241540368101662,-0.00120770184050831,0.),.UNSPECIFIED.);
#79=B_SPLINE_CURVE_WITH_KNOTS('',3,(#2120,#2121,#2122,#2123,#2124,#2125,
#2126,#2127,#2128,#2129,#2130,#2131,#2132,#2133,#2134,#2135,#2136,#2137,
#2138,#2139,#2140),.UNSPECIFIED.,.F.,.F.,(4,1,1,1,1,1,1,1,1,1,1,1,1,1,1,
1,2,4),(-0.772929177922039,-0.771721476081536,-0.770513774241033,-0.768098370560026,
-0.763267563198014,-0.753605948473988,-0.743944333749963,-0.734282719025937,
-0.695636260129835,-0.656989801233733,-0.637666571785682,-0.618343342337631,
-0.541050424545427,-0.463757506753223,-0.309171671168816,-0.154585835584408,
0.,0.00562086677112323),.UNSPECIFIED.);
#80=B_SPLINE_CURVE_WITH_KNOTS('',3,(#2142,#2143,#2144,#2145),
 .UNSPECIFIED.,.F.,.F.,(4,4),(-0.0777725702121939,-1.60609215071385E-13),
 .UNSPECIFIED.);
#81=B_SPLINE_CURVE_WITH_KNOTS('',3,(#2147,#2148,#2149,#2150),
 .UNSPECIFIED.,.F.,.F.,(4,4),(1.14934050920334,1.67453950805742),
 .UNSPECIFIED.);
#82=B_SPLINE_CURVE_WITH_KNOTS('',3,(#2152,#2153,#2154,#2155,#2156,#2157),
 .UNSPECIFIED.,.F.,.F.,(4,1,1,4),(-3.52620809135061E-16,0.478439859444977,
0.956879718889954,1.14934050920334),.UNSPECIFIED.);
#83=B_SPLINE_CURVE_WITH_KNOTS('',3,(#2159,#2160,#2161,#2162,#2163,#2164,
#2165,#2166,#2167),.UNSPECIFIED.,.F.,.F.,(4,1,1,1,1,1,4),(-1.54135748410664,
-1.32116355780569,-1.10096963150474,-0.880775705203792,-0.660581778902844,
-0.220193926300948,0.),.UNSPECIFIED.);
#84=B_SPLINE_CURVE_WITH_KNOTS('',3,(#2169,#2170,#2171,#2172,#2173,#2174),
 .UNSPECIFIED.,.F.,.F.,(4,1,1,4),(-8.25973848525581,-7.78129862581145,-7.30285876636709,
-6.58519897720055),.UNSPECIFIED.);
#85=B_SPLINE_CURVE_WITH_KNOTS('',3,(#2176,#2177,#2178,#2179),
 .UNSPECIFIED.,.F.,.F.,(4,4),(-8.57556436280328,-8.49779179258901),
 .UNSPECIFIED.);
#86=B_SPLINE_CURVE_WITH_KNOTS('',3,(#2180,#2181,#2182,#2183,#2184,#2185,
#2186,#2187,#2188,#2189,#2190,#2191,#2192,#2193,#2194,#2195,#2196,#2197,
#2198,#2199),.UNSPECIFIED.,.F.,.F.,(4,2,1,1,1,1,1,1,1,1,1,1,1,1,1,1,4),
(-0.778550046301983,-0.772928774229441,-0.618343019383553,-0.463757264537665,
-0.309171509691777,-0.231878632268832,-0.154585754845888,-0.135262535490152,
-0.115939316134416,-0.0772928774229441,-0.0386464387114721,-0.019323219355736,
-0.00966160967786802,-0.00483080483893401,-0.002415402419467,-0.0012077012097335,
0.),.UNSPECIFIED.);
#87=B_SPLINE_CURVE_WITH_KNOTS('',3,(#2226,#2227,#2228,#2229,#2230,#2231),
 .UNSPECIFIED.,.F.,.F.,(4,1,1,4),(7.09589590594695,7.30285876636675,7.78129862581116,
8.25973848525557),.UNSPECIFIED.);
#88=B_SPLINE_CURVE_WITH_KNOTS('',3,(#2235,#2236,#2237,#2238),
 .UNSPECIFIED.,.F.,.F.,(4,4),(6.58519897720014,7.09589590594695),
 .UNSPECIFIED.);
#89=B_SPLINE_CURVE_WITH_KNOTS('',3,(#2300,#2301,#2302,#2303,#2304,#2305,
#2306,#2307,#2308),.UNSPECIFIED.,.F.,.F.,(4,1,1,1,1,1,4),(0.,0.220193926300949,
0.660581778902846,0.880775705203795,1.10096963150474,1.32116355780569,1.54135748410664),
 .UNSPECIFIED.);
#90=B_SPLINE_CURVE_WITH_KNOTS('',3,(#2390,#2391,#2392,#2393,#2394,#2395,
#2396,#2397,#2398,#2399,#2400,#2401,#2402,#2403,#2404,#2405,#2406,#2407,
#2408,#2409),.UNSPECIFIED.,.F.,.F.,(4,1,1,1,1,1,1,1,1,1,1,1,1,1,1,2,4),
(0.,0.0012077012097335,0.002415402419467,0.00483080483893401,0.00966160967786802,
0.019323219355736,0.0386464387114721,0.0772928774229441,0.115939316134416,
0.135262535490152,0.154585754845888,0.231878632268832,0.309171509691777,
0.463757264537665,0.618343019383553,0.772928774229441,0.778550046301983),
 .UNSPECIFIED.);
#91=B_SPLINE_CURVE_WITH_KNOTS('',3,(#2497,#2498,#2499,#2500,#2501,#2502,
#2503,#2504,#2505,#2506,#2507,#2508,#2509,#2510,#2511,#2512,#2513,#2514,
#2515,#2516,#2517),.UNSPECIFIED.,.F.,.F.,(4,2,1,1,1,1,1,1,1,1,1,1,1,1,1,
1,1,4),(-0.00562127207257828,0.,0.15458575484588,0.30917150969176,0.463757264537639,
0.541050141960579,0.618343019383519,0.637666238739254,0.656989458094989,
0.695635896806459,0.734282335517929,0.743943945195797,0.753605554873664,
0.763267164551532,0.768097969390465,0.770513371809932,0.771721073019666,
0.772928774229399),.UNSPECIFIED.);
#92=B_SPLINE_CURVE_WITH_KNOTS('',3,(#2558,#2559,#2560,#2561,#2562,#2563,
#2564,#2565,#2566),.UNSPECIFIED.,.F.,.F.,(4,1,1,1,1,1,4),(0.,0.220193926300948,
0.660581778902844,0.880775705203792,1.10096963150474,1.32116355780569,1.54135748410664),
 .UNSPECIFIED.);
#93=B_SPLINE_CURVE_WITH_KNOTS('',3,(#2653,#2654,#2655,#2656,#2657,#2658,
#2659,#2660,#2661,#2662,#2663,#2664,#2665,#2666,#2667,#2668,#2669,#2670,
#2671,#2672,#2673),.UNSPECIFIED.,.F.,.F.,(4,2,1,1,1,1,1,1,1,1,1,1,1,1,1,
1,1,4),(-0.00562086677112323,0.,0.154585835584408,0.309171671168816,0.463757506753223,
0.541050424545427,0.618343342337631,0.637666571785682,0.656989801233733,
0.695636260129835,0.734282719025937,0.743944333749963,0.753605948473988,
0.763267563198014,0.768098370560026,0.770513774241033,0.771721476081536,
0.772929177922039),.UNSPECIFIED.);
#94=B_SPLINE_CURVE_WITH_KNOTS('',3,(#2751,#2752,#2753,#2754,#2755,#2756,
#2757,#2758,#2759,#2760,#2761,#2762,#2763,#2764,#2765,#2766,#2767,#2768,
#2769),.UNSPECIFIED.,.F.,.F.,(4,1,1,1,1,1,1,1,1,1,1,1,1,1,2,4),(0.,0.00120770184050831,
0.00241540368101662,0.00483080736203324,0.00966161472406649,0.019323229448133,
0.0386464588962659,0.0579696883443989,0.0772929177925319,0.115939376688798,
0.154585835585064,0.309171671170128,0.463757506755191,0.618343342340255,
0.772929177925319,0.778550044693083),.UNSPECIFIED.);
#95=B_SPLINE_CURVE_WITH_KNOTS('',3,(#2789,#2790,#2791,#2792),
 .UNSPECIFIED.,.F.,.F.,(4,4),(1.60609215071385E-13,0.0777725702121939),
 .UNSPECIFIED.);
#96=B_SPLINE_CURVE_WITH_KNOTS('',3,(#2818,#2819,#2820,#2821,#2822),
 .UNSPECIFIED.,.F.,.F.,(4,1,4),(-1.67453950805742,-0.956879718889954,-0.510581691112719),
 .UNSPECIFIED.);
#97=B_SPLINE_CURVE_WITH_KNOTS('',3,(#2823,#2824,#2825,#2826,#2827),
 .UNSPECIFIED.,.F.,.F.,(4,1,4),(-0.510581691112719,-0.478439859444977,3.52620809135061E-16),
 .UNSPECIFIED.);
#98=B_SPLINE_CURVE_WITH_KNOTS('',3,(#2854,#2855,#2856,#2857,#2858,#2859),
 .UNSPECIFIED.,.F.,.F.,(4,1,1,4),(6.58519897720055,7.30285876636709,7.78129862581145,
8.25973848525581),.UNSPECIFIED.);
#99=B_SPLINE_CURVE_WITH_KNOTS('',3,(#2876,#2877,#2878,#2879),
 .UNSPECIFIED.,.F.,.F.,(4,4),(8.49779179258901,8.57556436280328),
 .UNSPECIFIED.);
#100=B_SPLINE_CURVE_WITH_KNOTS('',3,(#2898,#2899,#2900,#2901),
 .UNSPECIFIED.,.F.,.F.,(4,4),(1.73042228601823E-13,0.0777725702123385),
 .UNSPECIFIED.);
#101=B_SPLINE_CURVE_WITH_KNOTS('',3,(#2926,#2927,#2928,#2929,#2930,#2931,
#2932,#2933,#2934,#2935),.UNSPECIFIED.,.F.,.F.,(4,3,3,4),(-1.67453950805731,
-0.956879718888716,-0.478439859442973,-2.77344806500583E-12),
 .UNSPECIFIED.);
#102=B_SPLINE_CURVE_WITH_KNOTS('',3,(#2952,#2953,#2954,#2955),
 .UNSPECIFIED.,.F.,.F.,(4,4),(8.49779179249999,8.575564362714),
 .UNSPECIFIED.);
#103=B_SPLINE_CURVE_WITH_KNOTS('',3,(#2989,#2990,#2991,#2992,#2993,#2994,
#2995,#2996),.UNSPECIFIED.,.F.,.F.,(4,2,1,1,4),(-0.00118321590652437,0.,
0.312793106741611,0.469189660112416,0.781982766854026),.UNSPECIFIED.);
#104=B_SPLINE_CURVE_WITH_KNOTS('',3,(#3032,#3033,#3034,#3035,#3036,#3037,
#3038,#3039),.UNSPECIFIED.,.F.,.F.,(4,1,1,2,4),(1.85421348066997,2.16700658741158,
2.32340314078239,2.636196247524,2.63737946343052),.UNSPECIFIED.);
#105=B_SPLINE_CURVE_WITH_KNOTS('',3,(#3090,#3091,#3092,#3093,#3094,#3095,
#3096,#3097),.UNSPECIFIED.,.F.,.F.,(4,2,1,1,4),(-0.00118321588776196,0.,
0.312793106748154,0.469189660122231,0.781982766870386),.UNSPECIFIED.);
#106=B_SPLINE_CURVE_WITH_KNOTS('',3,(#3153,#3154,#3155,#3156,#3157,#3158,
#3159,#3160),.UNSPECIFIED.,.F.,.F.,(4,1,1,2,4),(1.8542134806855,2.16700658743365,
2.32340314080773,2.63619624755589,2.63737946344365),.UNSPECIFIED.);
#107=LINE('',#1796,#176);
#108=LINE('',#1797,#177);
#109=LINE('',#1818,#178);
#110=LINE('',#1819,#179);
#111=LINE('',#1824,#180);
#112=LINE('',#1825,#181);
#113=LINE('',#1834,#182);
#114=LINE('',#1835,#183);
#115=LINE('',#1845,#184);
#116=LINE('',#1847,#185);
#117=LINE('',#1855,#186);
#118=LINE('',#1856,#187);
#119=LINE('',#1866,#188);
#120=LINE('',#1868,#189);
#121=LINE('',#1879,#190);
#122=LINE('',#1880,#191);
#123=LINE('',#1894,#192);
#124=LINE('',#1895,#193);
#125=LINE('',#1897,#194);
#126=LINE('',#1901,#195);
#127=LINE('',#1903,#196);
#128=LINE('',#1909,#197);
#129=LINE('',#1912,#198);
#130=LINE('',#1918,#199);
#131=LINE('',#1921,#200);
#132=LINE('',#1937,#201);
#133=LINE('',#1949,#202);
#134=LINE('',#1960,#203);
#135=LINE('',#1962,#204);
#136=LINE('',#1963,#205);
#137=LINE('',#1966,#206);
#138=LINE('',#1975,#207);
#139=LINE('',#1977,#208);
#140=LINE('',#1980,#209);
#141=LINE('',#1982,#210);
#142=LINE('',#1984,#211);
#143=LINE('',#1986,#212);
#144=LINE('',#1987,#213);
#145=LINE('',#1992,#214);
#146=LINE('',#1995,#215);
#147=LINE('',#1997,#216);
#148=LINE('',#2000,#217);
#149=LINE('',#2002,#218);
#150=LINE('',#2004,#219);
#151=LINE('',#2006,#220);
#152=LINE('',#2007,#221);
#153=LINE('',#2010,#222);
#154=LINE('',#2012,#223);
#155=LINE('',#2014,#224);
#156=LINE('',#2015,#225);
#157=LINE('',#2020,#226);
#158=LINE('',#2025,#227);
#159=LINE('',#2037,#228);
#160=LINE('',#2249,#229);
#161=LINE('',#2250,#230);
#162=LINE('',#2254,#231);
#163=LINE('',#2256,#232);
#164=LINE('',#2261,#233);
#165=LINE('',#3044,#234);
#166=LINE('',#3057,#235);
#167=LINE('',#3102,#236);
#168=LINE('',#3106,#237);
#169=LINE('',#3115,#238);
#170=LINE('',#3118,#239);
#171=LINE('',#3120,#240);
#172=LINE('',#3164,#241);
#173=LINE('',#3168,#242);
#174=LINE('',#3169,#243);
#175=LINE('',#3172,#244);
#176=VECTOR('',#1455,10.);
#177=VECTOR('',#1456,10.);
#178=VECTOR('',#1467,10.);
#179=VECTOR('',#1468,10.);
#180=VECTOR('',#1473,10.);
#181=VECTOR('',#1474,10.);
#182=VECTOR('',#1485,10.);
#183=VECTOR('',#1486,10.);
#184=VECTOR('',#1489,10.);
#185=VECTOR('',#1490,10.);
#186=VECTOR('',#1493,10.);
#187=VECTOR('',#1494,10.);
#188=VECTOR('',#1497,10.);
#189=VECTOR('',#1498,10.);
#190=VECTOR('',#1503,10.);
#191=VECTOR('',#1504,10.);
#192=VECTOR('',#1507,10.);
#193=VECTOR('',#1508,10.);
#194=VECTOR('',#1511,10.);
#195=VECTOR('',#1516,10.);
#196=VECTOR('',#1519,10.);
#197=VECTOR('',#1524,10.);
#198=VECTOR('',#1527,10.);
#199=VECTOR('',#1532,10.);
#200=VECTOR('',#1535,10.);
#201=VECTOR('',#1546,10.);
#202=VECTOR('',#1549,10.);
#203=VECTOR('',#1566,10.);
#204=VECTOR('',#1567,10.);
#205=VECTOR('',#1568,10.);
#206=VECTOR('',#1571,10.);
#207=VECTOR('',#1582,10.);
#208=VECTOR('',#1585,10.);
#209=VECTOR('',#1588,10.);
#210=VECTOR('',#1589,10.);
#211=VECTOR('',#1590,10.);
#212=VECTOR('',#1591,10.);
#213=VECTOR('',#1592,10.);
#214=VECTOR('',#1597,2.25);
#215=VECTOR('',#1602,10.);
#216=VECTOR('',#1605,10.);
#217=VECTOR('',#1608,10.);
#218=VECTOR('',#1609,10.);
#219=VECTOR('',#1610,10.);
#220=VECTOR('',#1611,10.);
#221=VECTOR('',#1612,10.);
#222=VECTOR('',#1615,10.);
#223=VECTOR('',#1616,10.);
#224=VECTOR('',#1617,10.);
#225=VECTOR('',#1618,10.);
#226=VECTOR('',#1623,10.);
#227=VECTOR('',#1630,10.);
#228=VECTOR('',#1643,10.);
#229=VECTOR('',#1660,10.);
#230=VECTOR('',#1661,10.);
#231=VECTOR('',#1666,10.);
#232=VECTOR('',#1667,10.);
#233=VECTOR('',#1674,10.);
#234=VECTOR('',#1705,10.);
#235=VECTOR('',#1726,10.);
#236=VECTOR('',#1733,10.);
#237=VECTOR('',#1738,10.);
#238=VECTOR('',#1751,10.);
#239=VECTOR('',#1756,10.);
#240=VECTOR('',#1759,10.);
#241=VECTOR('',#1764,10.);
#242=VECTOR('',#1771,10.);
#243=VECTOR('',#1772,10.);
#244=VECTOR('',#1777,3.49999999999603);
#245=CYLINDRICAL_SURFACE('',#1306,3.);
#246=CYLINDRICAL_SURFACE('',#1311,3.);
#247=CYLINDRICAL_SURFACE('',#1312,3.);
#248=CYLINDRICAL_SURFACE('',#1318,3.);
#249=CYLINDRICAL_SURFACE('',#1319,3.);
#250=CYLINDRICAL_SURFACE('',#1320,3.);
#251=CYLINDRICAL_SURFACE('',#1321,3.);
#252=CYLINDRICAL_SURFACE('',#1322,3.);
#253=CYLINDRICAL_SURFACE('',#1324,3.);
#254=CYLINDRICAL_SURFACE('',#1329,1.);
#255=CYLINDRICAL_SURFACE('',#1332,1.);
#256=CYLINDRICAL_SURFACE('',#1338,1.);
#257=CYLINDRICAL_SURFACE('',#1340,1.);
#258=CYLINDRICAL_SURFACE('',#1349,2.25000000001757);
#259=CYLINDRICAL_SURFACE('',#1353,3.74999999999999);
#260=CYLINDRICAL_SURFACE('',#1357,2.25);
#261=CYLINDRICAL_SURFACE('',#1364,14.9999999999985);
#262=CYLINDRICAL_SURFACE('',#1374,10.);
#263=CYLINDRICAL_SURFACE('',#1381,3.);
#264=CYLINDRICAL_SURFACE('',#1386,10.0000000000001);
#265=CYLINDRICAL_SURFACE('',#1400,3.);
#266=CYLINDRICAL_SURFACE('',#1406,3.);
#267=CYLINDRICAL_SURFACE('',#1411,3.);
#268=CYLINDRICAL_SURFACE('',#1413,3.);
#269=CYLINDRICAL_SURFACE('',#1415,3.);
#270=CYLINDRICAL_SURFACE('',#1417,3.);
#271=CYLINDRICAL_SURFACE('',#1423,3.);
#272=CYLINDRICAL_SURFACE('',#1425,3.);
#273=CYLINDRICAL_SURFACE('',#1426,3.);
#274=CYLINDRICAL_SURFACE('',#1433,3.49999999999603);
#275=CYLINDRICAL_SURFACE('',#1434,10.0000000000001);
#276=FACE_OUTER_BOUND('',#354,.T.);
#277=FACE_OUTER_BOUND('',#355,.T.);
#278=FACE_OUTER_BOUND('',#356,.T.);
#279=FACE_OUTER_BOUND('',#357,.T.);
#280=FACE_OUTER_BOUND('',#358,.T.);
#281=FACE_OUTER_BOUND('',#359,.T.);
#282=FACE_OUTER_BOUND('',#360,.T.);
#283=FACE_OUTER_BOUND('',#361,.T.);
#284=FACE_OUTER_BOUND('',#362,.T.);
#285=FACE_OUTER_BOUND('',#363,.T.);
#286=FACE_OUTER_BOUND('',#364,.T.);
#287=FACE_OUTER_BOUND('',#365,.T.);
#288=FACE_OUTER_BOUND('',#366,.T.);
#289=FACE_OUTER_BOUND('',#367,.T.);
#290=FACE_OUTER_BOUND('',#368,.T.);
#291=FACE_OUTER_BOUND('',#369,.T.);
#292=FACE_OUTER_BOUND('',#370,.T.);
#293=FACE_OUTER_BOUND('',#371,.T.);
#294=FACE_OUTER_BOUND('',#372,.T.);
#295=FACE_OUTER_BOUND('',#373,.T.);
#296=FACE_OUTER_BOUND('',#374,.T.);
#297=FACE_OUTER_BOUND('',#375,.T.);
#298=FACE_OUTER_BOUND('',#376,.T.);
#299=FACE_OUTER_BOUND('',#377,.T.);
#300=FACE_OUTER_BOUND('',#378,.T.);
#301=FACE_OUTER_BOUND('',#379,.T.);
#302=FACE_OUTER_BOUND('',#380,.T.);
#303=FACE_OUTER_BOUND('',#381,.T.);
#304=FACE_OUTER_BOUND('',#382,.T.);
#305=FACE_OUTER_BOUND('',#383,.T.);
#306=FACE_OUTER_BOUND('',#384,.T.);
#307=FACE_OUTER_BOUND('',#385,.T.);
#308=FACE_OUTER_BOUND('',#386,.T.);
#309=FACE_OUTER_BOUND('',#387,.T.);
#310=FACE_OUTER_BOUND('',#388,.T.);
#311=FACE_OUTER_BOUND('',#390,.T.);
#312=FACE_OUTER_BOUND('',#391,.T.);
#313=FACE_OUTER_BOUND('',#392,.T.);
#314=FACE_OUTER_BOUND('',#393,.T.);
#315=FACE_OUTER_BOUND('',#394,.T.);
#316=FACE_OUTER_BOUND('',#395,.T.);
#317=FACE_OUTER_BOUND('',#397,.T.);
#318=FACE_OUTER_BOUND('',#398,.T.);
#319=FACE_OUTER_BOUND('',#399,.T.);
#320=FACE_OUTER_BOUND('',#400,.T.);
#321=FACE_OUTER_BOUND('',#401,.T.);
#322=FACE_OUTER_BOUND('',#402,.T.);
#323=FACE_OUTER_BOUND('',#403,.T.);
#324=FACE_OUTER_BOUND('',#404,.T.);
#325=FACE_OUTER_BOUND('',#405,.T.);
#326=FACE_OUTER_BOUND('',#406,.T.);
#327=FACE_OUTER_BOUND('',#407,.T.);
#328=FACE_OUTER_BOUND('',#408,.T.);
#329=FACE_OUTER_BOUND('',#409,.T.);
#330=FACE_OUTER_BOUND('',#410,.T.);
#331=FACE_OUTER_BOUND('',#411,.T.);
#332=FACE_OUTER_BOUND('',#412,.T.);
#333=FACE_OUTER_BOUND('',#413,.T.);
#334=FACE_OUTER_BOUND('',#414,.T.);
#335=FACE_OUTER_BOUND('',#415,.T.);
#336=FACE_OUTER_BOUND('',#416,.T.);
#337=FACE_OUTER_BOUND('',#417,.T.);
#338=FACE_OUTER_BOUND('',#418,.T.);
#339=FACE_OUTER_BOUND('',#419,.T.);
#340=FACE_OUTER_BOUND('',#420,.T.);
#341=FACE_OUTER_BOUND('',#421,.T.);
#342=FACE_OUTER_BOUND('',#422,.T.);
#343=FACE_OUTER_BOUND('',#423,.T.);
#344=FACE_OUTER_BOUND('',#424,.T.);
#345=FACE_OUTER_BOUND('',#425,.T.);
#346=FACE_OUTER_BOUND('',#426,.T.);
#347=FACE_OUTER_BOUND('',#427,.T.);
#348=FACE_OUTER_BOUND('',#428,.T.);
#349=FACE_OUTER_BOUND('',#429,.T.);
#350=FACE_OUTER_BOUND('',#430,.T.);
#351=FACE_OUTER_BOUND('',#431,.T.);
#352=FACE_OUTER_BOUND('',#433,.T.);
#353=FACE_OUTER_BOUND('',#434,.T.);
#354=EDGE_LOOP('',(#808,#809,#810));
#355=EDGE_LOOP('',(#811,#812,#813));
#356=EDGE_LOOP('',(#814,#815,#816,#817));
#357=EDGE_LOOP('',(#818,#819,#820));
#358=EDGE_LOOP('',(#821,#822,#823,#824));
#359=EDGE_LOOP('',(#825,#826,#827,#828));
#360=EDGE_LOOP('',(#829,#830,#831));
#361=EDGE_LOOP('',(#832,#833,#834,#835));
#362=EDGE_LOOP('',(#836,#837,#838,#839,#840));
#363=EDGE_LOOP('',(#841,#842,#843,#844));
#364=EDGE_LOOP('',(#845,#846,#847,#848,#849));
#365=EDGE_LOOP('',(#850,#851,#852,#853));
#366=EDGE_LOOP('',(#854,#855,#856,#857));
#367=EDGE_LOOP('',(#858,#859,#860,#861));
#368=EDGE_LOOP('',(#862,#863,#864,#865));
#369=EDGE_LOOP('',(#866,#867,#868,#869,#870,#871));
#370=EDGE_LOOP('',(#872,#873,#874,#875));
#371=EDGE_LOOP('',(#876,#877,#878,#879));
#372=EDGE_LOOP('',(#880,#881,#882,#883));
#373=EDGE_LOOP('',(#884,#885,#886,#887));
#374=EDGE_LOOP('',(#888,#889,#890,#891));
#375=EDGE_LOOP('',(#892,#893,#894,#895));
#376=EDGE_LOOP('',(#896,#897,#898,#899,#900));
#377=EDGE_LOOP('',(#901,#902,#903,#904,#905));
#378=EDGE_LOOP('',(#906,#907,#908,#909,#910,#911));
#379=EDGE_LOOP('',(#912,#913,#914,#915));
#380=EDGE_LOOP('',(#916,#917,#918,#919,#920));
#381=EDGE_LOOP('',(#921,#922,#923,#924,#925,#926));
#382=EDGE_LOOP('',(#927,#928,#929,#930));
#383=EDGE_LOOP('',(#931,#932,#933,#934));
#384=EDGE_LOOP('',(#935,#936,#937,#938));
#385=EDGE_LOOP('',(#939,#940,#941,#942,#943,#944,#945));
#386=EDGE_LOOP('',(#946,#947,#948,#949,#950));
#387=EDGE_LOOP('',(#951,#952,#953,#954,#955,#956,#957,#958));
#388=EDGE_LOOP('',(#959,#960,#961,#962,#963,#964));
#389=EDGE_LOOP('',(#965));
#390=EDGE_LOOP('',(#966,#967,#968,#969));
#391=EDGE_LOOP('',(#970,#971,#972,#973,#974,#975,#976,#977,#978,#979,#980,
#981,#982,#983,#984,#985,#986,#987,#988,#989));
#392=EDGE_LOOP('',(#990,#991,#992,#993,#994,#995));
#393=EDGE_LOOP('',(#996,#997,#998,#999,#1000));
#394=EDGE_LOOP('',(#1001,#1002,#1003,#1004));
#395=EDGE_LOOP('',(#1005,#1006,#1007,#1008,#1009,#1010));
#396=EDGE_LOOP('',(#1011));
#397=EDGE_LOOP('',(#1012,#1013,#1014,#1015));
#398=EDGE_LOOP('',(#1016,#1017,#1018,#1019));
#399=EDGE_LOOP('',(#1020,#1021,#1022));
#400=EDGE_LOOP('',(#1023,#1024,#1025));
#401=EDGE_LOOP('',(#1026,#1027,#1028,#1029));
#402=EDGE_LOOP('',(#1030,#1031,#1032));
#403=EDGE_LOOP('',(#1033,#1034,#1035));
#404=EDGE_LOOP('',(#1036,#1037,#1038,#1039));
#405=EDGE_LOOP('',(#1040,#1041,#1042,#1043,#1044,#1045));
#406=EDGE_LOOP('',(#1046,#1047,#1048,#1049));
#407=EDGE_LOOP('',(#1050,#1051,#1052,#1053));
#408=EDGE_LOOP('',(#1054,#1055,#1056,#1057));
#409=EDGE_LOOP('',(#1058,#1059,#1060,#1061));
#410=EDGE_LOOP('',(#1062,#1063,#1064,#1065));
#411=EDGE_LOOP('',(#1066,#1067,#1068));
#412=EDGE_LOOP('',(#1069,#1070,#1071));
#413=EDGE_LOOP('',(#1072,#1073,#1074,#1075,#1076,#1077));
#414=EDGE_LOOP('',(#1078,#1079,#1080,#1081));
#415=EDGE_LOOP('',(#1082,#1083,#1084,#1085));
#416=EDGE_LOOP('',(#1086,#1087,#1088,#1089,#1090));
#417=EDGE_LOOP('',(#1091,#1092,#1093,#1094));
#418=EDGE_LOOP('',(#1095,#1096,#1097));
#419=EDGE_LOOP('',(#1098,#1099,#1100,#1101,#1102,#1103,#1104));
#420=EDGE_LOOP('',(#1105,#1106,#1107,#1108));
#421=EDGE_LOOP('',(#1109,#1110,#1111,#1112));
#422=EDGE_LOOP('',(#1113,#1114,#1115,#1116));
#423=EDGE_LOOP('',(#1117,#1118,#1119,#1120,#1121,#1122));
#424=EDGE_LOOP('',(#1123,#1124,#1125,#1126,#1127,#1128,#1129));
#425=EDGE_LOOP('',(#1130,#1131,#1132,#1133));
#426=EDGE_LOOP('',(#1134,#1135,#1136));
#427=EDGE_LOOP('',(#1137,#1138,#1139,#1140));
#428=EDGE_LOOP('',(#1141,#1142,#1143,#1144,#1145,#1146,#1147,#1148,#1149,
#1150,#1151,#1152));
#429=EDGE_LOOP('',(#1153,#1154,#1155,#1156,#1157));
#430=EDGE_LOOP('',(#1158,#1159,#1160,#1161,#1162,#1163,#1164,#1165,#1166,
#1167,#1168,#1169,#1170));
#431=EDGE_LOOP('',(#1171,#1172,#1173,#1174));
#432=EDGE_LOOP('',(#1175));
#433=EDGE_LOOP('',(#1176,#1177,#1178,#1179,#1180,#1181,#1182,#1183));
#434=EDGE_LOOP('',(#1184,#1185,#1186,#1187));
#435=CIRCLE('',#1299,3.);
#436=CIRCLE('',#1300,2.99999999999998);
#437=CIRCLE('',#1301,3.00000000000001);
#438=CIRCLE('',#1303,3.);
#439=CIRCLE('',#1304,3.);
#440=CIRCLE('',#1305,2.99999999999997);
#441=CIRCLE('',#1308,3.);
#442=CIRCLE('',#1309,3.00000000000001);
#443=CIRCLE('',#1310,3.);
#444=CIRCLE('',#1313,3.);
#445=CIRCLE('',#1315,3.);
#446=CIRCLE('',#1316,3.);
#447=CIRCLE('',#1317,3.00000000000001);
#448=CIRCLE('',#1323,3.);
#449=CIRCLE('',#1327,14.9999999999985);
#450=CIRCLE('',#1330,1.);
#451=CIRCLE('',#1331,0.999999999999996);
#452=CIRCLE('',#1333,1.);
#453=CIRCLE('',#1334,0.999999999999996);
#454=CIRCLE('',#1336,2.25000000001757);
#455=CIRCLE('',#1337,1.25000000001757);
#456=CIRCLE('',#1339,0.999999999999996);
#457=CIRCLE('',#1341,1.);
#458=CIRCLE('',#1343,3.49999999999603);
#459=CIRCLE('',#1344,3.75);
#460=CIRCLE('',#1346,3.49999999999603);
#461=CIRCLE('',#1347,3.49999999999603);
#462=CIRCLE('',#1350,2.25000000001757);
#463=CIRCLE('',#1352,2.25000000001757);
#464=CIRCLE('',#1354,3.74999999999999);
#465=CIRCLE('',#1358,2.25);
#466=CIRCLE('',#1359,2.25);
#467=CIRCLE('',#1365,14.9999999999985);
#468=CIRCLE('',#1366,14.9999999999985);
#469=CIRCLE('',#1368,10.0000000000001);
#470=CIRCLE('',#1369,3.49999999999603);
#471=CIRCLE('',#1371,10.);
#472=CIRCLE('',#1372,10.);
#473=CIRCLE('',#1373,10.);
#474=CIRCLE('',#1375,9.74999999999999);
#475=CIRCLE('',#1376,9.74999999999998);
#476=CIRCLE('',#1378,3.);
#477=CIRCLE('',#1379,3.00000000000001);
#478=CIRCLE('',#1380,3.);
#479=CIRCLE('',#1384,10.0000000000001);
#480=CIRCLE('',#1387,10.0000000000001);
#481=CIRCLE('',#1388,9.75);
#482=CIRCLE('',#1389,9.75);
#483=CIRCLE('',#1390,9.75);
#484=CIRCLE('',#1391,9.75);
#485=CIRCLE('',#1392,9.75000000000001);
#486=CIRCLE('',#1393,9.75);
#487=CIRCLE('',#1394,9.75000000000001);
#488=CIRCLE('',#1395,9.75000000000001);
#489=CIRCLE('',#1396,9.74999999999999);
#490=CIRCLE('',#1397,9.74999999999998);
#491=CIRCLE('',#1398,3.00000000000001);
#492=CIRCLE('',#1399,3.);
#493=CIRCLE('',#1401,3.00000000000001);
#494=CIRCLE('',#1404,3.);
#495=CIRCLE('',#1405,3.00000000000001);
#496=CIRCLE('',#1407,3.00000000000001);
#497=CIRCLE('',#1409,3.);
#498=CIRCLE('',#1410,3.);
#499=CIRCLE('',#1412,3.00000000000001);
#500=CIRCLE('',#1418,3.);
#501=CIRCLE('',#1420,3.);
#502=CIRCLE('',#1421,3.);
#503=CIRCLE('',#1422,3.00000000000001);
#504=CIRCLE('',#1429,10.0000000000001);
#505=VERTEX_POINT('',#1782);
#506=VERTEX_POINT('',#1783);
#507=VERTEX_POINT('',#1785);
#508=VERTEX_POINT('',#1789);
#509=VERTEX_POINT('',#1790);
#510=VERTEX_POINT('',#1792);
#511=VERTEX_POINT('',#1799);
#512=VERTEX_POINT('',#1800);
#513=VERTEX_POINT('',#1802);
#514=VERTEX_POINT('',#1806);
#515=VERTEX_POINT('',#1807);
#516=VERTEX_POINT('',#1821);
#517=VERTEX_POINT('',#1822);
#518=VERTEX_POINT('',#1827);
#519=VERTEX_POINT('',#1828);
#520=VERTEX_POINT('',#1830);
#521=VERTEX_POINT('',#1837);
#522=VERTEX_POINT('',#1838);
#523=VERTEX_POINT('',#1846);
#524=VERTEX_POINT('',#1858);
#525=VERTEX_POINT('',#1859);
#526=VERTEX_POINT('',#1867);
#527=VERTEX_POINT('',#1876);
#528=VERTEX_POINT('',#1877);
#529=VERTEX_POINT('',#1882);
#530=VERTEX_POINT('',#1883);
#531=VERTEX_POINT('',#1899);
#532=VERTEX_POINT('',#1905);
#533=VERTEX_POINT('',#1906);
#534=VERTEX_POINT('',#1908);
#535=VERTEX_POINT('',#1910);
#536=VERTEX_POINT('',#1914);
#537=VERTEX_POINT('',#1915);
#538=VERTEX_POINT('',#1917);
#539=VERTEX_POINT('',#1919);
#540=VERTEX_POINT('',#1926);
#541=VERTEX_POINT('',#1935);
#542=VERTEX_POINT('',#1939);
#543=VERTEX_POINT('',#1948);
#544=VERTEX_POINT('',#1955);
#545=VERTEX_POINT('',#1959);
#546=VERTEX_POINT('',#1961);
#547=VERTEX_POINT('',#1965);
#548=VERTEX_POINT('',#1967);
#549=VERTEX_POINT('',#1969);
#550=VERTEX_POINT('',#1973);
#551=VERTEX_POINT('',#1979);
#552=VERTEX_POINT('',#1981);
#553=VERTEX_POINT('',#1983);
#554=VERTEX_POINT('',#1985);
#555=VERTEX_POINT('',#1989);
#556=VERTEX_POINT('',#1991);
#557=VERTEX_POINT('',#1999);
#558=VERTEX_POINT('',#2001);
#559=VERTEX_POINT('',#2003);
#560=VERTEX_POINT('',#2005);
#561=VERTEX_POINT('',#2009);
#562=VERTEX_POINT('',#2011);
#563=VERTEX_POINT('',#2013);
#564=VERTEX_POINT('',#2017);
#565=VERTEX_POINT('',#2019);
#566=VERTEX_POINT('',#2023);
#567=VERTEX_POINT('',#2026);
#568=VERTEX_POINT('',#2029);
#569=VERTEX_POINT('',#2030);
#570=VERTEX_POINT('',#2033);
#571=VERTEX_POINT('',#2036);
#572=VERTEX_POINT('',#2038);
#573=VERTEX_POINT('',#2060);
#574=VERTEX_POINT('',#2065);
#575=VERTEX_POINT('',#2072);
#576=VERTEX_POINT('',#2082);
#577=VERTEX_POINT('',#2088);
#578=VERTEX_POINT('',#2094);
#579=VERTEX_POINT('',#2099);
#580=VERTEX_POINT('',#2119);
#581=VERTEX_POINT('',#2141);
#582=VERTEX_POINT('',#2146);
#583=VERTEX_POINT('',#2151);
#584=VERTEX_POINT('',#2158);
#585=VERTEX_POINT('',#2168);
#586=VERTEX_POINT('',#2175);
#587=VERTEX_POINT('',#2224);
#588=VERTEX_POINT('',#2225);
#589=VERTEX_POINT('',#2233);
#590=VERTEX_POINT('',#2240);
#591=VERTEX_POINT('',#2241);
#592=VERTEX_POINT('',#2246);
#593=VERTEX_POINT('',#2247);
#594=VERTEX_POINT('',#2252);
#595=VERTEX_POINT('',#2255);
#596=VERTEX_POINT('',#2259);
#597=VERTEX_POINT('',#2298);
#598=VERTEX_POINT('',#2389);
#599=VERTEX_POINT('',#2495);
#600=VERTEX_POINT('',#2554);
#601=VERTEX_POINT('',#2556);
#602=VERTEX_POINT('',#2651);
#603=VERTEX_POINT('',#2750);
#604=VERTEX_POINT('',#2787);
#605=VERTEX_POINT('',#2817);
#606=VERTEX_POINT('',#2852);
#607=VERTEX_POINT('',#2896);
#608=VERTEX_POINT('',#2988);
#609=VERTEX_POINT('',#3030);
#610=VERTEX_POINT('',#3041);
#611=VERTEX_POINT('',#3051);
#612=VERTEX_POINT('',#3055);
#613=VERTEX_POINT('',#3101);
#614=VERTEX_POINT('',#3105);
#615=VERTEX_POINT('',#3109);
#616=VERTEX_POINT('',#3111);
#617=VERTEX_POINT('',#3163);
#618=EDGE_CURVE('',#505,#506,#435,.F.);
#619=EDGE_CURVE('',#507,#505,#436,.F.);
#620=EDGE_CURVE('',#506,#507,#437,.F.);
#621=EDGE_CURVE('',#508,#509,#438,.F.);
#622=EDGE_CURVE('',#510,#508,#439,.F.);
#623=EDGE_CURVE('',#509,#510,#440,.F.);
#624=EDGE_CURVE('',#508,#507,#107,.T.);
#625=EDGE_CURVE('',#505,#510,#108,.T.);
#626=EDGE_CURVE('',#511,#512,#441,.F.);
#627=EDGE_CURVE('',#513,#511,#442,.F.);
#628=EDGE_CURVE('',#512,#513,#443,.F.);
#629=EDGE_CURVE('',#514,#515,#63,.T.);
#630=EDGE_CURVE('',#515,#513,#109,.T.);
#631=EDGE_CURVE('',#511,#514,#110,.T.);
#632=EDGE_CURVE('',#516,#517,#444,.F.);
#633=EDGE_CURVE('',#516,#512,#111,.T.);
#634=EDGE_CURVE('',#513,#517,#112,.T.);
#635=EDGE_CURVE('',#518,#519,#445,.F.);
#636=EDGE_CURVE('',#520,#518,#446,.F.);
#637=EDGE_CURVE('',#519,#520,#447,.F.);
#638=EDGE_CURVE('',#512,#520,#113,.T.);
#639=EDGE_CURVE('',#518,#511,#114,.T.);
#640=EDGE_CURVE('',#521,#522,#64,.F.);
#641=EDGE_CURVE('',#521,#519,#115,.T.);
#642=EDGE_CURVE('',#520,#523,#116,.T.);
#643=EDGE_CURVE('',#522,#523,#65,.F.);
#644=EDGE_CURVE('',#519,#509,#117,.T.);
#645=EDGE_CURVE('',#510,#518,#118,.T.);
#646=EDGE_CURVE('',#524,#525,#66,.T.);
#647=EDGE_CURVE('',#525,#508,#119,.T.);
#648=EDGE_CURVE('',#509,#526,#120,.T.);
#649=EDGE_CURVE('',#526,#524,#67,.T.);
#650=EDGE_CURVE('',#527,#528,#448,.F.);
#651=EDGE_CURVE('',#527,#506,#121,.T.);
#652=EDGE_CURVE('',#507,#528,#122,.T.);
#653=EDGE_CURVE('',#529,#530,#68,.T.);
#654=EDGE_CURVE('',#530,#505,#123,.T.);
#655=EDGE_CURVE('',#506,#529,#124,.T.);
#656=EDGE_CURVE('',#523,#516,#125,.T.);
#657=EDGE_CURVE('',#531,#515,#449,.T.);
#658=EDGE_CURVE('',#517,#531,#126,.T.);
#659=EDGE_CURVE('',#530,#514,#127,.T.);
#660=EDGE_CURVE('',#532,#533,#450,.T.);
#661=EDGE_CURVE('',#533,#534,#128,.T.);
#662=EDGE_CURVE('',#534,#535,#451,.T.);
#663=EDGE_CURVE('',#535,#532,#129,.T.);
#664=EDGE_CURVE('',#536,#537,#452,.T.);
#665=EDGE_CURVE('',#537,#538,#130,.T.);
#666=EDGE_CURVE('',#538,#539,#453,.T.);
#667=EDGE_CURVE('',#539,#536,#131,.T.);
#668=EDGE_CURVE('',#536,#535,#454,.T.);
#669=EDGE_CURVE('',#534,#537,#455,.T.);
#670=EDGE_CURVE('',#538,#540,#69,.T.);
#671=EDGE_CURVE('',#540,#541,#456,.T.);
#672=EDGE_CURVE('',#541,#539,#132,.T.);
#673=EDGE_CURVE('',#542,#533,#70,.T.);
#674=EDGE_CURVE('',#532,#543,#133,.T.);
#675=EDGE_CURVE('',#543,#542,#457,.T.);
#676=EDGE_CURVE('',#540,#542,#458,.T.);
#677=EDGE_CURVE('',#543,#541,#459,.T.);
#678=EDGE_CURVE('',#544,#533,#460,.T.);
#679=EDGE_CURVE('',#538,#544,#461,.T.);
#680=EDGE_CURVE('',#545,#535,#134,.T.);
#681=EDGE_CURVE('',#546,#545,#135,.T.);
#682=EDGE_CURVE('',#546,#543,#136,.T.);
#683=EDGE_CURVE('',#547,#536,#137,.T.);
#684=EDGE_CURVE('',#548,#547,#462,.T.);
#685=EDGE_CURVE('',#549,#548,#36,.T.);
#686=EDGE_CURVE('',#545,#549,#463,.T.);
#687=EDGE_CURVE('',#550,#546,#464,.T.);
#688=EDGE_CURVE('',#550,#541,#138,.T.);
#689=EDGE_CURVE('',#547,#550,#139,.T.);
#690=EDGE_CURVE('',#551,#548,#140,.T.);
#691=EDGE_CURVE('',#552,#551,#141,.T.);
#692=EDGE_CURVE('',#553,#552,#142,.T.);
#693=EDGE_CURVE('',#554,#553,#143,.T.);
#694=EDGE_CURVE('',#549,#554,#144,.T.);
#695=EDGE_CURVE('',#555,#555,#465,.T.);
#696=EDGE_CURVE('',#555,#556,#145,.T.);
#697=EDGE_CURVE('',#556,#556,#466,.T.);
#698=EDGE_CURVE('',#528,#525,#146,.T.);
#699=EDGE_CURVE('',#526,#521,#147,.T.);
#700=EDGE_CURVE('',#531,#557,#148,.T.);
#701=EDGE_CURVE('',#558,#557,#149,.T.);
#702=EDGE_CURVE('',#559,#558,#150,.T.);
#703=EDGE_CURVE('',#559,#560,#151,.T.);
#704=EDGE_CURVE('',#516,#560,#152,.T.);
#705=EDGE_CURVE('',#561,#528,#153,.T.);
#706=EDGE_CURVE('',#562,#561,#154,.T.);
#707=EDGE_CURVE('',#562,#563,#155,.T.);
#708=EDGE_CURVE('',#527,#563,#156,.T.);
#709=EDGE_CURVE('',#529,#564,#467,.T.);
#710=EDGE_CURVE('',#564,#565,#157,.T.);
#711=EDGE_CURVE('',#557,#565,#468,.T.);
#712=EDGE_CURVE('',#563,#566,#469,.T.);
#713=EDGE_CURVE('',#566,#564,#158,.T.);
#714=EDGE_CURVE('',#567,#567,#470,.T.);
#715=EDGE_CURVE('',#568,#569,#471,.T.);
#716=EDGE_CURVE('',#569,#568,#472,.T.);
#717=EDGE_CURVE('',#570,#568,#473,.T.);
#718=EDGE_CURVE('',#569,#571,#159,.T.);
#719=EDGE_CURVE('',#572,#571,#71,.T.);
#720=EDGE_CURVE('',#573,#572,#72,.T.);
#721=EDGE_CURVE('',#574,#573,#73,.T.);
#722=EDGE_CURVE('',#575,#574,#74,.T.);
#723=EDGE_CURVE('',#576,#575,#75,.T.);
#724=EDGE_CURVE('',#577,#576,#76,.T.);
#725=EDGE_CURVE('',#578,#577,#77,.T.);
#726=EDGE_CURVE('',#579,#578,#78,.T.);
#727=EDGE_CURVE('',#580,#579,#79,.T.);
#728=EDGE_CURVE('',#581,#580,#80,.T.);
#729=EDGE_CURVE('',#582,#581,#81,.T.);
#730=EDGE_CURVE('',#583,#582,#82,.T.);
#731=EDGE_CURVE('',#584,#583,#83,.T.);
#732=EDGE_CURVE('',#585,#584,#84,.T.);
#733=EDGE_CURVE('',#586,#585,#85,.T.);
#734=EDGE_CURVE('',#571,#586,#86,.T.);
#735=EDGE_CURVE('',#587,#588,#87,.T.);
#736=EDGE_CURVE('',#588,#577,#474,.T.);
#737=EDGE_CURVE('',#589,#575,#475,.T.);
#738=EDGE_CURVE('',#589,#587,#88,.T.);
#739=EDGE_CURVE('',#590,#591,#476,.F.);
#740=EDGE_CURVE('',#588,#590,#477,.F.);
#741=EDGE_CURVE('',#591,#589,#478,.F.);
#742=EDGE_CURVE('',#592,#593,#37,.T.);
#743=EDGE_CURVE('',#593,#590,#160,.T.);
#744=EDGE_CURVE('',#591,#592,#161,.T.);
#745=EDGE_CURVE('',#594,#559,#479,.T.);
#746=EDGE_CURVE('',#593,#594,#162,.T.);
#747=EDGE_CURVE('',#592,#595,#163,.T.);
#748=EDGE_CURVE('',#560,#595,#38,.T.);
#749=EDGE_CURVE('',#596,#558,#480,.T.);
#750=EDGE_CURVE('',#596,#594,#164,.T.);
#751=EDGE_CURVE('',#574,#597,#481,.T.);
#752=EDGE_CURVE('',#597,#589,#89,.T.);
#753=EDGE_CURVE('',#598,#571,#90,.T.);
#754=EDGE_CURVE('',#586,#598,#482,.T.);
#755=EDGE_CURVE('',#599,#572,#483,.T.);
#756=EDGE_CURVE('',#571,#599,#91,.T.);
#757=EDGE_CURVE('',#600,#584,#484,.T.);
#758=EDGE_CURVE('',#583,#601,#485,.T.);
#759=EDGE_CURVE('',#601,#600,#92,.T.);
#760=EDGE_CURVE('',#602,#580,#486,.T.);
#761=EDGE_CURVE('',#579,#602,#93,.T.);
#762=EDGE_CURVE('',#603,#579,#94,.T.);
#763=EDGE_CURVE('',#578,#603,#487,.T.);
#764=EDGE_CURVE('',#604,#581,#488,.T.);
#765=EDGE_CURVE('',#602,#604,#95,.T.);
#766=EDGE_CURVE('',#604,#605,#96,.T.);
#767=EDGE_CURVE('',#605,#601,#97,.T.);
#768=EDGE_CURVE('',#606,#585,#489,.T.);
#769=EDGE_CURVE('',#600,#606,#98,.T.);
#770=EDGE_CURVE('',#606,#598,#99,.T.);
#771=EDGE_CURVE('',#607,#573,#490,.T.);
#772=EDGE_CURVE('',#599,#607,#100,.T.);
#773=EDGE_CURVE('',#607,#597,#101,.T.);
#774=EDGE_CURVE('',#588,#603,#102,.T.);
#775=EDGE_CURVE('',#571,#608,#103,.T.);
#776=EDGE_CURVE('',#599,#608,#491,.T.);
#777=EDGE_CURVE('',#609,#598,#492,.T.);
#778=EDGE_CURVE('',#609,#571,#104,.T.);
#779=EDGE_CURVE('',#606,#610,#493,.F.);
#780=EDGE_CURVE('',#524,#610,#39,.T.);
#781=EDGE_CURVE('',#609,#526,#165,.T.);
#782=EDGE_CURVE('',#552,#600,#494,.F.);
#783=EDGE_CURVE('',#610,#552,#495,.F.);
#784=EDGE_CURVE('',#601,#553,#496,.F.);
#785=EDGE_CURVE('',#611,#604,#497,.F.);
#786=EDGE_CURVE('',#553,#611,#498,.F.);
#787=EDGE_CURVE('',#602,#612,#499,.T.);
#788=EDGE_CURVE('',#612,#611,#166,.T.);
#789=EDGE_CURVE('',#579,#612,#105,.T.);
#790=EDGE_CURVE('',#551,#561,#40,.T.);
#791=EDGE_CURVE('',#611,#613,#167,.T.);
#792=EDGE_CURVE('',#613,#554,#41,.T.);
#793=EDGE_CURVE('',#590,#614,#168,.T.);
#794=EDGE_CURVE('',#614,#603,#500,.T.);
#795=EDGE_CURVE('',#615,#607,#501,.F.);
#796=EDGE_CURVE('',#616,#615,#502,.F.);
#797=EDGE_CURVE('',#597,#616,#503,.F.);
#798=EDGE_CURVE('',#521,#608,#169,.T.);
#799=EDGE_CURVE('',#522,#615,#42,.F.);
#800=EDGE_CURVE('',#595,#616,#170,.T.);
#801=EDGE_CURVE('',#616,#591,#171,.T.);
#802=EDGE_CURVE('',#614,#579,#106,.T.);
#803=EDGE_CURVE('',#613,#617,#172,.T.);
#804=EDGE_CURVE('',#617,#562,#504,.T.);
#805=EDGE_CURVE('',#565,#596,#173,.T.);
#806=EDGE_CURVE('',#617,#566,#174,.T.);
#807=EDGE_CURVE('',#567,#544,#175,.T.);
#808=ORIENTED_EDGE('',*,*,#618,.F.);
#809=ORIENTED_EDGE('',*,*,#619,.F.);
#810=ORIENTED_EDGE('',*,*,#620,.F.);
#811=ORIENTED_EDGE('',*,*,#621,.F.);
#812=ORIENTED_EDGE('',*,*,#622,.F.);
#813=ORIENTED_EDGE('',*,*,#623,.F.);
#814=ORIENTED_EDGE('',*,*,#622,.T.);
#815=ORIENTED_EDGE('',*,*,#624,.T.);
#816=ORIENTED_EDGE('',*,*,#619,.T.);
#817=ORIENTED_EDGE('',*,*,#625,.T.);
#818=ORIENTED_EDGE('',*,*,#626,.F.);
#819=ORIENTED_EDGE('',*,*,#627,.F.);
#820=ORIENTED_EDGE('',*,*,#628,.F.);
#821=ORIENTED_EDGE('',*,*,#629,.T.);
#822=ORIENTED_EDGE('',*,*,#630,.T.);
#823=ORIENTED_EDGE('',*,*,#627,.T.);
#824=ORIENTED_EDGE('',*,*,#631,.T.);
#825=ORIENTED_EDGE('',*,*,#632,.F.);
#826=ORIENTED_EDGE('',*,*,#633,.T.);
#827=ORIENTED_EDGE('',*,*,#628,.T.);
#828=ORIENTED_EDGE('',*,*,#634,.T.);
#829=ORIENTED_EDGE('',*,*,#635,.F.);
#830=ORIENTED_EDGE('',*,*,#636,.F.);
#831=ORIENTED_EDGE('',*,*,#637,.F.);
#832=ORIENTED_EDGE('',*,*,#626,.T.);
#833=ORIENTED_EDGE('',*,*,#638,.T.);
#834=ORIENTED_EDGE('',*,*,#636,.T.);
#835=ORIENTED_EDGE('',*,*,#639,.T.);
#836=ORIENTED_EDGE('',*,*,#640,.F.);
#837=ORIENTED_EDGE('',*,*,#641,.T.);
#838=ORIENTED_EDGE('',*,*,#637,.T.);
#839=ORIENTED_EDGE('',*,*,#642,.T.);
#840=ORIENTED_EDGE('',*,*,#643,.F.);
#841=ORIENTED_EDGE('',*,*,#635,.T.);
#842=ORIENTED_EDGE('',*,*,#644,.T.);
#843=ORIENTED_EDGE('',*,*,#623,.T.);
#844=ORIENTED_EDGE('',*,*,#645,.T.);
#845=ORIENTED_EDGE('',*,*,#646,.T.);
#846=ORIENTED_EDGE('',*,*,#647,.T.);
#847=ORIENTED_EDGE('',*,*,#621,.T.);
#848=ORIENTED_EDGE('',*,*,#648,.T.);
#849=ORIENTED_EDGE('',*,*,#649,.T.);
#850=ORIENTED_EDGE('',*,*,#650,.F.);
#851=ORIENTED_EDGE('',*,*,#651,.T.);
#852=ORIENTED_EDGE('',*,*,#620,.T.);
#853=ORIENTED_EDGE('',*,*,#652,.T.);
#854=ORIENTED_EDGE('',*,*,#653,.T.);
#855=ORIENTED_EDGE('',*,*,#654,.T.);
#856=ORIENTED_EDGE('',*,*,#618,.T.);
#857=ORIENTED_EDGE('',*,*,#655,.T.);
#858=ORIENTED_EDGE('',*,*,#642,.F.);
#859=ORIENTED_EDGE('',*,*,#638,.F.);
#860=ORIENTED_EDGE('',*,*,#633,.F.);
#861=ORIENTED_EDGE('',*,*,#656,.F.);
#862=ORIENTED_EDGE('',*,*,#634,.F.);
#863=ORIENTED_EDGE('',*,*,#630,.F.);
#864=ORIENTED_EDGE('',*,*,#657,.F.);
#865=ORIENTED_EDGE('',*,*,#658,.F.);
#866=ORIENTED_EDGE('',*,*,#631,.F.);
#867=ORIENTED_EDGE('',*,*,#639,.F.);
#868=ORIENTED_EDGE('',*,*,#645,.F.);
#869=ORIENTED_EDGE('',*,*,#625,.F.);
#870=ORIENTED_EDGE('',*,*,#654,.F.);
#871=ORIENTED_EDGE('',*,*,#659,.T.);
#872=ORIENTED_EDGE('',*,*,#660,.T.);
#873=ORIENTED_EDGE('',*,*,#661,.T.);
#874=ORIENTED_EDGE('',*,*,#662,.T.);
#875=ORIENTED_EDGE('',*,*,#663,.T.);
#876=ORIENTED_EDGE('',*,*,#664,.T.);
#877=ORIENTED_EDGE('',*,*,#665,.T.);
#878=ORIENTED_EDGE('',*,*,#666,.T.);
#879=ORIENTED_EDGE('',*,*,#667,.T.);
#880=ORIENTED_EDGE('',*,*,#664,.F.);
#881=ORIENTED_EDGE('',*,*,#668,.T.);
#882=ORIENTED_EDGE('',*,*,#662,.F.);
#883=ORIENTED_EDGE('',*,*,#669,.T.);
#884=ORIENTED_EDGE('',*,*,#670,.T.);
#885=ORIENTED_EDGE('',*,*,#671,.T.);
#886=ORIENTED_EDGE('',*,*,#672,.T.);
#887=ORIENTED_EDGE('',*,*,#666,.F.);
#888=ORIENTED_EDGE('',*,*,#673,.T.);
#889=ORIENTED_EDGE('',*,*,#660,.F.);
#890=ORIENTED_EDGE('',*,*,#674,.T.);
#891=ORIENTED_EDGE('',*,*,#675,.T.);
#892=ORIENTED_EDGE('',*,*,#676,.T.);
#893=ORIENTED_EDGE('',*,*,#675,.F.);
#894=ORIENTED_EDGE('',*,*,#677,.T.);
#895=ORIENTED_EDGE('',*,*,#671,.F.);
#896=ORIENTED_EDGE('',*,*,#665,.F.);
#897=ORIENTED_EDGE('',*,*,#669,.F.);
#898=ORIENTED_EDGE('',*,*,#661,.F.);
#899=ORIENTED_EDGE('',*,*,#678,.F.);
#900=ORIENTED_EDGE('',*,*,#679,.F.);
#901=ORIENTED_EDGE('',*,*,#674,.F.);
#902=ORIENTED_EDGE('',*,*,#663,.F.);
#903=ORIENTED_EDGE('',*,*,#680,.F.);
#904=ORIENTED_EDGE('',*,*,#681,.F.);
#905=ORIENTED_EDGE('',*,*,#682,.T.);
#906=ORIENTED_EDGE('',*,*,#668,.F.);
#907=ORIENTED_EDGE('',*,*,#683,.F.);
#908=ORIENTED_EDGE('',*,*,#684,.F.);
#909=ORIENTED_EDGE('',*,*,#685,.F.);
#910=ORIENTED_EDGE('',*,*,#686,.F.);
#911=ORIENTED_EDGE('',*,*,#680,.T.);
#912=ORIENTED_EDGE('',*,*,#677,.F.);
#913=ORIENTED_EDGE('',*,*,#682,.F.);
#914=ORIENTED_EDGE('',*,*,#687,.F.);
#915=ORIENTED_EDGE('',*,*,#688,.T.);
#916=ORIENTED_EDGE('',*,*,#672,.F.);
#917=ORIENTED_EDGE('',*,*,#688,.F.);
#918=ORIENTED_EDGE('',*,*,#689,.F.);
#919=ORIENTED_EDGE('',*,*,#683,.T.);
#920=ORIENTED_EDGE('',*,*,#667,.F.);
#921=ORIENTED_EDGE('',*,*,#685,.T.);
#922=ORIENTED_EDGE('',*,*,#690,.F.);
#923=ORIENTED_EDGE('',*,*,#691,.F.);
#924=ORIENTED_EDGE('',*,*,#692,.F.);
#925=ORIENTED_EDGE('',*,*,#693,.F.);
#926=ORIENTED_EDGE('',*,*,#694,.F.);
#927=ORIENTED_EDGE('',*,*,#695,.F.);
#928=ORIENTED_EDGE('',*,*,#696,.T.);
#929=ORIENTED_EDGE('',*,*,#697,.F.);
#930=ORIENTED_EDGE('',*,*,#696,.F.);
#931=ORIENTED_EDGE('',*,*,#647,.F.);
#932=ORIENTED_EDGE('',*,*,#698,.F.);
#933=ORIENTED_EDGE('',*,*,#652,.F.);
#934=ORIENTED_EDGE('',*,*,#624,.F.);
#935=ORIENTED_EDGE('',*,*,#641,.F.);
#936=ORIENTED_EDGE('',*,*,#699,.F.);
#937=ORIENTED_EDGE('',*,*,#648,.F.);
#938=ORIENTED_EDGE('',*,*,#644,.F.);
#939=ORIENTED_EDGE('',*,*,#658,.T.);
#940=ORIENTED_EDGE('',*,*,#700,.T.);
#941=ORIENTED_EDGE('',*,*,#701,.F.);
#942=ORIENTED_EDGE('',*,*,#702,.F.);
#943=ORIENTED_EDGE('',*,*,#703,.T.);
#944=ORIENTED_EDGE('',*,*,#704,.F.);
#945=ORIENTED_EDGE('',*,*,#632,.T.);
#946=ORIENTED_EDGE('',*,*,#705,.F.);
#947=ORIENTED_EDGE('',*,*,#706,.F.);
#948=ORIENTED_EDGE('',*,*,#707,.T.);
#949=ORIENTED_EDGE('',*,*,#708,.F.);
#950=ORIENTED_EDGE('',*,*,#650,.T.);
#951=ORIENTED_EDGE('',*,*,#709,.T.);
#952=ORIENTED_EDGE('',*,*,#710,.T.);
#953=ORIENTED_EDGE('',*,*,#711,.F.);
#954=ORIENTED_EDGE('',*,*,#700,.F.);
#955=ORIENTED_EDGE('',*,*,#657,.T.);
#956=ORIENTED_EDGE('',*,*,#629,.F.);
#957=ORIENTED_EDGE('',*,*,#659,.F.);
#958=ORIENTED_EDGE('',*,*,#653,.F.);
#959=ORIENTED_EDGE('',*,*,#651,.F.);
#960=ORIENTED_EDGE('',*,*,#708,.T.);
#961=ORIENTED_EDGE('',*,*,#712,.T.);
#962=ORIENTED_EDGE('',*,*,#713,.T.);
#963=ORIENTED_EDGE('',*,*,#709,.F.);
#964=ORIENTED_EDGE('',*,*,#655,.F.);
#965=ORIENTED_EDGE('',*,*,#714,.T.);
#966=ORIENTED_EDGE('',*,*,#715,.T.);
#967=ORIENTED_EDGE('',*,*,#716,.T.);
#968=ORIENTED_EDGE('',*,*,#717,.F.);
#969=ORIENTED_EDGE('',*,*,#717,.T.);
#970=ORIENTED_EDGE('',*,*,#715,.F.);
#971=ORIENTED_EDGE('',*,*,#716,.F.);
#972=ORIENTED_EDGE('',*,*,#718,.T.);
#973=ORIENTED_EDGE('',*,*,#719,.F.);
#974=ORIENTED_EDGE('',*,*,#720,.F.);
#975=ORIENTED_EDGE('',*,*,#721,.F.);
#976=ORIENTED_EDGE('',*,*,#722,.F.);
#977=ORIENTED_EDGE('',*,*,#723,.F.);
#978=ORIENTED_EDGE('',*,*,#724,.F.);
#979=ORIENTED_EDGE('',*,*,#725,.F.);
#980=ORIENTED_EDGE('',*,*,#726,.F.);
#981=ORIENTED_EDGE('',*,*,#727,.F.);
#982=ORIENTED_EDGE('',*,*,#728,.F.);
#983=ORIENTED_EDGE('',*,*,#729,.F.);
#984=ORIENTED_EDGE('',*,*,#730,.F.);
#985=ORIENTED_EDGE('',*,*,#731,.F.);
#986=ORIENTED_EDGE('',*,*,#732,.F.);
#987=ORIENTED_EDGE('',*,*,#733,.F.);
#988=ORIENTED_EDGE('',*,*,#734,.F.);
#989=ORIENTED_EDGE('',*,*,#718,.F.);
#990=ORIENTED_EDGE('',*,*,#735,.T.);
#991=ORIENTED_EDGE('',*,*,#736,.T.);
#992=ORIENTED_EDGE('',*,*,#724,.T.);
#993=ORIENTED_EDGE('',*,*,#723,.T.);
#994=ORIENTED_EDGE('',*,*,#737,.F.);
#995=ORIENTED_EDGE('',*,*,#738,.T.);
#996=ORIENTED_EDGE('',*,*,#739,.F.);
#997=ORIENTED_EDGE('',*,*,#740,.F.);
#998=ORIENTED_EDGE('',*,*,#735,.F.);
#999=ORIENTED_EDGE('',*,*,#738,.F.);
#1000=ORIENTED_EDGE('',*,*,#741,.F.);
#1001=ORIENTED_EDGE('',*,*,#742,.T.);
#1002=ORIENTED_EDGE('',*,*,#743,.T.);
#1003=ORIENTED_EDGE('',*,*,#739,.T.);
#1004=ORIENTED_EDGE('',*,*,#744,.T.);
#1005=ORIENTED_EDGE('',*,*,#745,.F.);
#1006=ORIENTED_EDGE('',*,*,#746,.F.);
#1007=ORIENTED_EDGE('',*,*,#742,.F.);
#1008=ORIENTED_EDGE('',*,*,#747,.T.);
#1009=ORIENTED_EDGE('',*,*,#748,.F.);
#1010=ORIENTED_EDGE('',*,*,#703,.F.);
#1011=ORIENTED_EDGE('',*,*,#697,.T.);
#1012=ORIENTED_EDGE('',*,*,#749,.F.);
#1013=ORIENTED_EDGE('',*,*,#750,.T.);
#1014=ORIENTED_EDGE('',*,*,#745,.T.);
#1015=ORIENTED_EDGE('',*,*,#702,.T.);
#1016=ORIENTED_EDGE('',*,*,#737,.T.);
#1017=ORIENTED_EDGE('',*,*,#722,.T.);
#1018=ORIENTED_EDGE('',*,*,#751,.T.);
#1019=ORIENTED_EDGE('',*,*,#752,.T.);
#1020=ORIENTED_EDGE('',*,*,#753,.T.);
#1021=ORIENTED_EDGE('',*,*,#734,.T.);
#1022=ORIENTED_EDGE('',*,*,#754,.T.);
#1023=ORIENTED_EDGE('',*,*,#755,.T.);
#1024=ORIENTED_EDGE('',*,*,#719,.T.);
#1025=ORIENTED_EDGE('',*,*,#756,.T.);
#1026=ORIENTED_EDGE('',*,*,#757,.T.);
#1027=ORIENTED_EDGE('',*,*,#731,.T.);
#1028=ORIENTED_EDGE('',*,*,#758,.T.);
#1029=ORIENTED_EDGE('',*,*,#759,.T.);
#1030=ORIENTED_EDGE('',*,*,#760,.T.);
#1031=ORIENTED_EDGE('',*,*,#727,.T.);
#1032=ORIENTED_EDGE('',*,*,#761,.T.);
#1033=ORIENTED_EDGE('',*,*,#762,.T.);
#1034=ORIENTED_EDGE('',*,*,#726,.T.);
#1035=ORIENTED_EDGE('',*,*,#763,.T.);
#1036=ORIENTED_EDGE('',*,*,#764,.T.);
#1037=ORIENTED_EDGE('',*,*,#728,.T.);
#1038=ORIENTED_EDGE('',*,*,#760,.F.);
#1039=ORIENTED_EDGE('',*,*,#765,.T.);
#1040=ORIENTED_EDGE('',*,*,#729,.T.);
#1041=ORIENTED_EDGE('',*,*,#764,.F.);
#1042=ORIENTED_EDGE('',*,*,#766,.T.);
#1043=ORIENTED_EDGE('',*,*,#767,.T.);
#1044=ORIENTED_EDGE('',*,*,#758,.F.);
#1045=ORIENTED_EDGE('',*,*,#730,.T.);
#1046=ORIENTED_EDGE('',*,*,#768,.T.);
#1047=ORIENTED_EDGE('',*,*,#732,.T.);
#1048=ORIENTED_EDGE('',*,*,#757,.F.);
#1049=ORIENTED_EDGE('',*,*,#769,.T.);
#1050=ORIENTED_EDGE('',*,*,#768,.F.);
#1051=ORIENTED_EDGE('',*,*,#770,.T.);
#1052=ORIENTED_EDGE('',*,*,#754,.F.);
#1053=ORIENTED_EDGE('',*,*,#733,.T.);
#1054=ORIENTED_EDGE('',*,*,#771,.T.);
#1055=ORIENTED_EDGE('',*,*,#720,.T.);
#1056=ORIENTED_EDGE('',*,*,#755,.F.);
#1057=ORIENTED_EDGE('',*,*,#772,.T.);
#1058=ORIENTED_EDGE('',*,*,#771,.F.);
#1059=ORIENTED_EDGE('',*,*,#773,.T.);
#1060=ORIENTED_EDGE('',*,*,#751,.F.);
#1061=ORIENTED_EDGE('',*,*,#721,.T.);
#1062=ORIENTED_EDGE('',*,*,#736,.F.);
#1063=ORIENTED_EDGE('',*,*,#774,.T.);
#1064=ORIENTED_EDGE('',*,*,#763,.F.);
#1065=ORIENTED_EDGE('',*,*,#725,.T.);
#1066=ORIENTED_EDGE('',*,*,#756,.F.);
#1067=ORIENTED_EDGE('',*,*,#775,.T.);
#1068=ORIENTED_EDGE('',*,*,#776,.F.);
#1069=ORIENTED_EDGE('',*,*,#753,.F.);
#1070=ORIENTED_EDGE('',*,*,#777,.F.);
#1071=ORIENTED_EDGE('',*,*,#778,.T.);
#1072=ORIENTED_EDGE('',*,*,#770,.F.);
#1073=ORIENTED_EDGE('',*,*,#779,.T.);
#1074=ORIENTED_EDGE('',*,*,#780,.F.);
#1075=ORIENTED_EDGE('',*,*,#649,.F.);
#1076=ORIENTED_EDGE('',*,*,#781,.F.);
#1077=ORIENTED_EDGE('',*,*,#777,.T.);
#1078=ORIENTED_EDGE('',*,*,#769,.F.);
#1079=ORIENTED_EDGE('',*,*,#782,.F.);
#1080=ORIENTED_EDGE('',*,*,#783,.F.);
#1081=ORIENTED_EDGE('',*,*,#779,.F.);
#1082=ORIENTED_EDGE('',*,*,#759,.F.);
#1083=ORIENTED_EDGE('',*,*,#784,.T.);
#1084=ORIENTED_EDGE('',*,*,#692,.T.);
#1085=ORIENTED_EDGE('',*,*,#782,.T.);
#1086=ORIENTED_EDGE('',*,*,#766,.F.);
#1087=ORIENTED_EDGE('',*,*,#785,.F.);
#1088=ORIENTED_EDGE('',*,*,#786,.F.);
#1089=ORIENTED_EDGE('',*,*,#784,.F.);
#1090=ORIENTED_EDGE('',*,*,#767,.F.);
#1091=ORIENTED_EDGE('',*,*,#765,.F.);
#1092=ORIENTED_EDGE('',*,*,#787,.T.);
#1093=ORIENTED_EDGE('',*,*,#788,.T.);
#1094=ORIENTED_EDGE('',*,*,#785,.T.);
#1095=ORIENTED_EDGE('',*,*,#761,.F.);
#1096=ORIENTED_EDGE('',*,*,#789,.T.);
#1097=ORIENTED_EDGE('',*,*,#787,.F.);
#1098=ORIENTED_EDGE('',*,*,#790,.T.);
#1099=ORIENTED_EDGE('',*,*,#705,.T.);
#1100=ORIENTED_EDGE('',*,*,#698,.T.);
#1101=ORIENTED_EDGE('',*,*,#646,.F.);
#1102=ORIENTED_EDGE('',*,*,#780,.T.);
#1103=ORIENTED_EDGE('',*,*,#783,.T.);
#1104=ORIENTED_EDGE('',*,*,#691,.T.);
#1105=ORIENTED_EDGE('',*,*,#786,.T.);
#1106=ORIENTED_EDGE('',*,*,#791,.T.);
#1107=ORIENTED_EDGE('',*,*,#792,.T.);
#1108=ORIENTED_EDGE('',*,*,#693,.T.);
#1109=ORIENTED_EDGE('',*,*,#774,.F.);
#1110=ORIENTED_EDGE('',*,*,#740,.T.);
#1111=ORIENTED_EDGE('',*,*,#793,.T.);
#1112=ORIENTED_EDGE('',*,*,#794,.T.);
#1113=ORIENTED_EDGE('',*,*,#773,.F.);
#1114=ORIENTED_EDGE('',*,*,#795,.F.);
#1115=ORIENTED_EDGE('',*,*,#796,.F.);
#1116=ORIENTED_EDGE('',*,*,#797,.F.);
#1117=ORIENTED_EDGE('',*,*,#772,.F.);
#1118=ORIENTED_EDGE('',*,*,#776,.T.);
#1119=ORIENTED_EDGE('',*,*,#798,.F.);
#1120=ORIENTED_EDGE('',*,*,#640,.T.);
#1121=ORIENTED_EDGE('',*,*,#799,.T.);
#1122=ORIENTED_EDGE('',*,*,#795,.T.);
#1123=ORIENTED_EDGE('',*,*,#748,.T.);
#1124=ORIENTED_EDGE('',*,*,#800,.T.);
#1125=ORIENTED_EDGE('',*,*,#796,.T.);
#1126=ORIENTED_EDGE('',*,*,#799,.F.);
#1127=ORIENTED_EDGE('',*,*,#643,.T.);
#1128=ORIENTED_EDGE('',*,*,#656,.T.);
#1129=ORIENTED_EDGE('',*,*,#704,.T.);
#1130=ORIENTED_EDGE('',*,*,#752,.F.);
#1131=ORIENTED_EDGE('',*,*,#797,.T.);
#1132=ORIENTED_EDGE('',*,*,#801,.T.);
#1133=ORIENTED_EDGE('',*,*,#741,.T.);
#1134=ORIENTED_EDGE('',*,*,#762,.F.);
#1135=ORIENTED_EDGE('',*,*,#794,.F.);
#1136=ORIENTED_EDGE('',*,*,#802,.T.);
#1137=ORIENTED_EDGE('',*,*,#744,.F.);
#1138=ORIENTED_EDGE('',*,*,#801,.F.);
#1139=ORIENTED_EDGE('',*,*,#800,.F.);
#1140=ORIENTED_EDGE('',*,*,#747,.F.);
#1141=ORIENTED_EDGE('',*,*,#686,.T.);
#1142=ORIENTED_EDGE('',*,*,#694,.T.);
#1143=ORIENTED_EDGE('',*,*,#792,.F.);
#1144=ORIENTED_EDGE('',*,*,#803,.T.);
#1145=ORIENTED_EDGE('',*,*,#804,.T.);
#1146=ORIENTED_EDGE('',*,*,#706,.T.);
#1147=ORIENTED_EDGE('',*,*,#790,.F.);
#1148=ORIENTED_EDGE('',*,*,#690,.T.);
#1149=ORIENTED_EDGE('',*,*,#684,.T.);
#1150=ORIENTED_EDGE('',*,*,#689,.T.);
#1151=ORIENTED_EDGE('',*,*,#687,.T.);
#1152=ORIENTED_EDGE('',*,*,#681,.T.);
#1153=ORIENTED_EDGE('',*,*,#781,.T.);
#1154=ORIENTED_EDGE('',*,*,#699,.T.);
#1155=ORIENTED_EDGE('',*,*,#798,.T.);
#1156=ORIENTED_EDGE('',*,*,#775,.F.);
#1157=ORIENTED_EDGE('',*,*,#778,.F.);
#1158=ORIENTED_EDGE('',*,*,#793,.F.);
#1159=ORIENTED_EDGE('',*,*,#743,.F.);
#1160=ORIENTED_EDGE('',*,*,#746,.T.);
#1161=ORIENTED_EDGE('',*,*,#750,.F.);
#1162=ORIENTED_EDGE('',*,*,#805,.F.);
#1163=ORIENTED_EDGE('',*,*,#710,.F.);
#1164=ORIENTED_EDGE('',*,*,#713,.F.);
#1165=ORIENTED_EDGE('',*,*,#806,.F.);
#1166=ORIENTED_EDGE('',*,*,#803,.F.);
#1167=ORIENTED_EDGE('',*,*,#791,.F.);
#1168=ORIENTED_EDGE('',*,*,#788,.F.);
#1169=ORIENTED_EDGE('',*,*,#789,.F.);
#1170=ORIENTED_EDGE('',*,*,#802,.F.);
#1171=ORIENTED_EDGE('',*,*,#711,.T.);
#1172=ORIENTED_EDGE('',*,*,#805,.T.);
#1173=ORIENTED_EDGE('',*,*,#749,.T.);
#1174=ORIENTED_EDGE('',*,*,#701,.T.);
#1175=ORIENTED_EDGE('',*,*,#695,.T.);
#1176=ORIENTED_EDGE('',*,*,#714,.F.);
#1177=ORIENTED_EDGE('',*,*,#807,.T.);
#1178=ORIENTED_EDGE('',*,*,#678,.T.);
#1179=ORIENTED_EDGE('',*,*,#673,.F.);
#1180=ORIENTED_EDGE('',*,*,#676,.F.);
#1181=ORIENTED_EDGE('',*,*,#670,.F.);
#1182=ORIENTED_EDGE('',*,*,#679,.T.);
#1183=ORIENTED_EDGE('',*,*,#807,.F.);
#1184=ORIENTED_EDGE('',*,*,#804,.F.);
#1185=ORIENTED_EDGE('',*,*,#806,.T.);
#1186=ORIENTED_EDGE('',*,*,#712,.F.);
#1187=ORIENTED_EDGE('',*,*,#707,.F.);
#1188=SPHERICAL_SURFACE('',#1298,2.99999999999998);
#1189=SPHERICAL_SURFACE('',#1302,3.);
#1190=SPHERICAL_SURFACE('',#1307,3.00000000000001);
#1191=SPHERICAL_SURFACE('',#1314,3.);
#1192=SPHERICAL_SURFACE('',#1370,10.);
#1193=SPHERICAL_SURFACE('',#1377,3.);
#1194=SPHERICAL_SURFACE('',#1403,3.00000000000001);
#1195=SPHERICAL_SURFACE('',#1408,3.00000000000001);
#1196=SPHERICAL_SURFACE('',#1419,3.);
#1197=ADVANCED_FACE('',(#276),#1188,.F.);
#1198=ADVANCED_FACE('',(#277),#1189,.F.);
#1199=ADVANCED_FACE('',(#278),#245,.F.);
#1200=ADVANCED_FACE('',(#279),#1190,.F.);
#1201=ADVANCED_FACE('',(#280),#246,.F.);
#1202=ADVANCED_FACE('',(#281),#247,.F.);
#1203=ADVANCED_FACE('',(#282),#1191,.F.);
#1204=ADVANCED_FACE('',(#283),#248,.F.);
#1205=ADVANCED_FACE('',(#284),#249,.F.);
#1206=ADVANCED_FACE('',(#285),#250,.F.);
#1207=ADVANCED_FACE('',(#286),#251,.F.);
#1208=ADVANCED_FACE('',(#287),#252,.F.);
#1209=ADVANCED_FACE('',(#288),#253,.F.);
#1210=ADVANCED_FACE('',(#289),#45,.F.);
#1211=ADVANCED_FACE('',(#290),#46,.F.);
#1212=ADVANCED_FACE('',(#291),#47,.T.);
#1213=ADVANCED_FACE('',(#292),#254,.F.);
#1214=ADVANCED_FACE('',(#293),#255,.F.);
#1215=ADVANCED_FACE('',(#294),#43,.F.);
#1216=ADVANCED_FACE('',(#295),#256,.F.);
#1217=ADVANCED_FACE('',(#296),#257,.F.);
#1218=ADVANCED_FACE('',(#297),#44,.F.);
#1219=ADVANCED_FACE('',(#298),#48,.T.);
#1220=ADVANCED_FACE('',(#299),#49,.F.);
#1221=ADVANCED_FACE('',(#300),#258,.F.);
#1222=ADVANCED_FACE('',(#301),#259,.F.);
#1223=ADVANCED_FACE('',(#302),#50,.F.);
#1224=ADVANCED_FACE('',(#303),#51,.F.);
#1225=ADVANCED_FACE('',(#304),#260,.F.);
#1226=ADVANCED_FACE('',(#305),#52,.F.);
#1227=ADVANCED_FACE('',(#306),#53,.F.);
#1228=ADVANCED_FACE('',(#307),#54,.T.);
#1229=ADVANCED_FACE('',(#308),#55,.T.);
#1230=ADVANCED_FACE('',(#309),#261,.F.);
#1231=ADVANCED_FACE('',(#310,#33),#56,.F.);
#1232=ADVANCED_FACE('',(#311),#1192,.T.);
#1233=ADVANCED_FACE('',(#312),#262,.T.);
#1234=ADVANCED_FACE('',(#313),#15,.T.);
#1235=ADVANCED_FACE('',(#314),#1193,.T.);
#1236=ADVANCED_FACE('',(#315),#263,.T.);
#1237=ADVANCED_FACE('',(#316,#34),#57,.T.);
#1238=ADVANCED_FACE('',(#317),#264,.T.);
#1239=ADVANCED_FACE('',(#318),#16,.T.);
#1240=ADVANCED_FACE('',(#319),#17,.T.);
#1241=ADVANCED_FACE('',(#320),#18,.T.);
#1242=ADVANCED_FACE('',(#321),#19,.T.);
#1243=ADVANCED_FACE('',(#322),#20,.T.);
#1244=ADVANCED_FACE('',(#323),#21,.T.);
#1245=ADVANCED_FACE('',(#324),#22,.T.);
#1246=ADVANCED_FACE('',(#325),#23,.T.);
#1247=ADVANCED_FACE('',(#326),#24,.T.);
#1248=ADVANCED_FACE('',(#327),#25,.T.);
#1249=ADVANCED_FACE('',(#328),#26,.T.);
#1250=ADVANCED_FACE('',(#329),#27,.T.);
#1251=ADVANCED_FACE('',(#330),#28,.T.);
#1252=ADVANCED_FACE('',(#331),#29,.F.);
#1253=ADVANCED_FACE('',(#332),#30,.F.);
#1254=ADVANCED_FACE('',(#333),#265,.T.);
#1255=ADVANCED_FACE('',(#334),#1194,.T.);
#1256=ADVANCED_FACE('',(#335),#266,.T.);
#1257=ADVANCED_FACE('',(#336),#1195,.T.);
#1258=ADVANCED_FACE('',(#337),#267,.T.);
#1259=ADVANCED_FACE('',(#338),#31,.F.);
#1260=ADVANCED_FACE('',(#339),#268,.T.);
#1261=ADVANCED_FACE('',(#340),#269,.T.);
#1262=ADVANCED_FACE('',(#341),#270,.T.);
#1263=ADVANCED_FACE('',(#342),#1196,.T.);
#1264=ADVANCED_FACE('',(#343),#271,.T.);
#1265=ADVANCED_FACE('',(#344),#272,.T.);
#1266=ADVANCED_FACE('',(#345),#273,.T.);
#1267=ADVANCED_FACE('',(#346),#32,.F.);
#1268=ADVANCED_FACE('',(#347),#58,.F.);
#1269=ADVANCED_FACE('',(#348),#59,.T.);
#1270=ADVANCED_FACE('',(#349),#60,.T.);
#1271=ADVANCED_FACE('',(#350),#61,.T.);
#1272=ADVANCED_FACE('',(#351,#35),#62,.F.);
#1273=ADVANCED_FACE('',(#352),#274,.F.);
#1274=ADVANCED_FACE('',(#353),#275,.T.);
#1275=CLOSED_SHELL('',(#1197,#1198,#1199,#1200,#1201,#1202,#1203,#1204,
#1205,#1206,#1207,#1208,#1209,#1210,#1211,#1212,#1213,#1214,#1215,#1216,
#1217,#1218,#1219,#1220,#1221,#1222,#1223,#1224,#1225,#1226,#1227,#1228,
#1229,#1230,#1231,#1232,#1233,#1234,#1235,#1236,#1237,#1238,#1239,#1240,
#1241,#1242,#1243,#1244,#1245,#1246,#1247,#1248,#1249,#1250,#1251,#1252,
#1253,#1254,#1255,#1256,#1257,#1258,#1259,#1260,#1261,#1262,#1263,#1264,
#1265,#1266,#1267,#1268,#1269,#1270,#1271,#1272,#1273,#1274));
#1276=DERIVED_UNIT_ELEMENT(#1279,1.);
#1277=DERIVED_UNIT_ELEMENT(#3179,-3.);
#1278=DIMENSIONAL_EXPONENTS(0.,1.,0.,0.,0.,0.,0.);
#1279=(
CONVERSION_BASED_UNIT('gram',#1281)
MASS_UNIT()
NAMED_UNIT(#1278)
);
#1280=(
MASS_UNIT()
NAMED_UNIT(*)
SI_UNIT(.KILO.,.GRAM.)
);
#1281=MASS_MEASURE_WITH_UNIT(MASS_MEASURE(0.001),#1280);
#1282=DERIVED_UNIT((#1276,#1277));
#1283=MEASURE_REPRESENTATION_ITEM('density measure',
POSITIVE_RATIO_MEASURE(1.),#1282);
#1284=PROPERTY_DEFINITION_REPRESENTATION(#1289,#1286);
#1285=PROPERTY_DEFINITION_REPRESENTATION(#1290,#1287);
#1286=REPRESENTATION('material name',(#1288),#3176);
#1287=REPRESENTATION('density',(#1283),#3176);
#1288=DESCRIPTIVE_REPRESENTATION_ITEM('Generic','Generic');
#1289=PROPERTY_DEFINITION('material property','material name',#3186);
#1290=PROPERTY_DEFINITION('material property','density of part',#3186);
#1291=DATE_TIME_ROLE('creation_date');
#1292=APPLIED_DATE_AND_TIME_ASSIGNMENT(#1293,#1291,(#3186));
#1293=DATE_AND_TIME(#1294,#1295);
#1294=CALENDAR_DATE(2022,21,11);
#1295=LOCAL_TIME(0,0,0.,#1296);
#1296=COORDINATED_UNIVERSAL_TIME_OFFSET(0,0,.BEHIND.);
#1297=AXIS2_PLACEMENT_3D('',#1780,#1435,#1436);
#1298=AXIS2_PLACEMENT_3D('',#1781,#1437,#1438);
#1299=AXIS2_PLACEMENT_3D('',#1784,#1439,#1440);
#1300=AXIS2_PLACEMENT_3D('',#1786,#1441,#1442);
#1301=AXIS2_PLACEMENT_3D('',#1787,#1443,#1444);
#1302=AXIS2_PLACEMENT_3D('',#1788,#1445,#1446);
#1303=AXIS2_PLACEMENT_3D('',#1791,#1447,#1448);
#1304=AXIS2_PLACEMENT_3D('',#1793,#1449,#1450);
#1305=AXIS2_PLACEMENT_3D('',#1794,#1451,#1452);
#1306=AXIS2_PLACEMENT_3D('',#1795,#1453,#1454);
#1307=AXIS2_PLACEMENT_3D('',#1798,#1457,#1458);
#1308=AXIS2_PLACEMENT_3D('',#1801,#1459,#1460);
#1309=AXIS2_PLACEMENT_3D('',#1803,#1461,#1462);
#1310=AXIS2_PLACEMENT_3D('',#1804,#1463,#1464);
#1311=AXIS2_PLACEMENT_3D('',#1805,#1465,#1466);
#1312=AXIS2_PLACEMENT_3D('',#1820,#1469,#1470);
#1313=AXIS2_PLACEMENT_3D('',#1823,#1471,#1472);
#1314=AXIS2_PLACEMENT_3D('',#1826,#1475,#1476);
#1315=AXIS2_PLACEMENT_3D('',#1829,#1477,#1478);
#1316=AXIS2_PLACEMENT_3D('',#1831,#1479,#1480);
#1317=AXIS2_PLACEMENT_3D('',#1832,#1481,#1482);
#1318=AXIS2_PLACEMENT_3D('',#1833,#1483,#1484);
#1319=AXIS2_PLACEMENT_3D('',#1836,#1487,#1488);
#1320=AXIS2_PLACEMENT_3D('',#1854,#1491,#1492);
#1321=AXIS2_PLACEMENT_3D('',#1857,#1495,#1496);
#1322=AXIS2_PLACEMENT_3D('',#1875,#1499,#1500);
#1323=AXIS2_PLACEMENT_3D('',#1878,#1501,#1502);
#1324=AXIS2_PLACEMENT_3D('',#1881,#1505,#1506);
#1325=AXIS2_PLACEMENT_3D('',#1896,#1509,#1510);
#1326=AXIS2_PLACEMENT_3D('',#1898,#1512,#1513);
#1327=AXIS2_PLACEMENT_3D('',#1900,#1514,#1515);
#1328=AXIS2_PLACEMENT_3D('',#1902,#1517,#1518);
#1329=AXIS2_PLACEMENT_3D('',#1904,#1520,#1521);
#1330=AXIS2_PLACEMENT_3D('',#1907,#1522,#1523);
#1331=AXIS2_PLACEMENT_3D('',#1911,#1525,#1526);
#1332=AXIS2_PLACEMENT_3D('',#1913,#1528,#1529);
#1333=AXIS2_PLACEMENT_3D('',#1916,#1530,#1531);
#1334=AXIS2_PLACEMENT_3D('',#1920,#1533,#1534);
#1335=AXIS2_PLACEMENT_3D('',#1922,#1536,#1537);
#1336=AXIS2_PLACEMENT_3D('',#1923,#1538,#1539);
#1337=AXIS2_PLACEMENT_3D('',#1924,#1540,#1541);
#1338=AXIS2_PLACEMENT_3D('',#1925,#1542,#1543);
#1339=AXIS2_PLACEMENT_3D('',#1936,#1544,#1545);
#1340=AXIS2_PLACEMENT_3D('',#1938,#1547,#1548);
#1341=AXIS2_PLACEMENT_3D('',#1950,#1550,#1551);
#1342=AXIS2_PLACEMENT_3D('',#1951,#1552,#1553);
#1343=AXIS2_PLACEMENT_3D('',#1952,#1554,#1555);
#1344=AXIS2_PLACEMENT_3D('',#1953,#1556,#1557);
#1345=AXIS2_PLACEMENT_3D('',#1954,#1558,#1559);
#1346=AXIS2_PLACEMENT_3D('',#1956,#1560,#1561);
#1347=AXIS2_PLACEMENT_3D('',#1957,#1562,#1563);
#1348=AXIS2_PLACEMENT_3D('',#1958,#1564,#1565);
#1349=AXIS2_PLACEMENT_3D('',#1964,#1569,#1570);
#1350=AXIS2_PLACEMENT_3D('',#1968,#1572,#1573);
#1351=AXIS2_PLACEMENT_3D('',#1970,#1574,#1575);
#1352=AXIS2_PLACEMENT_3D('',#1971,#1576,#1577);
#1353=AXIS2_PLACEMENT_3D('',#1972,#1578,#1579);
#1354=AXIS2_PLACEMENT_3D('',#1974,#1580,#1581);
#1355=AXIS2_PLACEMENT_3D('',#1976,#1583,#1584);
#1356=AXIS2_PLACEMENT_3D('',#1978,#1586,#1587);
#1357=AXIS2_PLACEMENT_3D('',#1988,#1593,#1594);
#1358=AXIS2_PLACEMENT_3D('',#1990,#1595,#1596);
#1359=AXIS2_PLACEMENT_3D('',#1993,#1598,#1599);
#1360=AXIS2_PLACEMENT_3D('',#1994,#1600,#1601);
#1361=AXIS2_PLACEMENT_3D('',#1996,#1603,#1604);
#1362=AXIS2_PLACEMENT_3D('',#1998,#1606,#1607);
#1363=AXIS2_PLACEMENT_3D('',#2008,#1613,#1614);
#1364=AXIS2_PLACEMENT_3D('',#2016,#1619,#1620);
#1365=AXIS2_PLACEMENT_3D('',#2018,#1621,#1622);
#1366=AXIS2_PLACEMENT_3D('',#2021,#1624,#1625);
#1367=AXIS2_PLACEMENT_3D('',#2022,#1626,#1627);
#1368=AXIS2_PLACEMENT_3D('',#2024,#1628,#1629);
#1369=AXIS2_PLACEMENT_3D('',#2027,#1631,#1632);
#1370=AXIS2_PLACEMENT_3D('',#2028,#1633,#1634);
#1371=AXIS2_PLACEMENT_3D('',#2031,#1635,#1636);
#1372=AXIS2_PLACEMENT_3D('',#2032,#1637,#1638);
#1373=AXIS2_PLACEMENT_3D('',#2034,#1639,#1640);
#1374=AXIS2_PLACEMENT_3D('',#2035,#1641,#1642);
#1375=AXIS2_PLACEMENT_3D('',#2232,#1644,#1645);
#1376=AXIS2_PLACEMENT_3D('',#2234,#1646,#1647);
#1377=AXIS2_PLACEMENT_3D('',#2239,#1648,#1649);
#1378=AXIS2_PLACEMENT_3D('',#2242,#1650,#1651);
#1379=AXIS2_PLACEMENT_3D('',#2243,#1652,#1653);
#1380=AXIS2_PLACEMENT_3D('',#2244,#1654,#1655);
#1381=AXIS2_PLACEMENT_3D('',#2245,#1656,#1657);
#1382=AXIS2_PLACEMENT_3D('',#2248,#1658,#1659);
#1383=AXIS2_PLACEMENT_3D('',#2251,#1662,#1663);
#1384=AXIS2_PLACEMENT_3D('',#2253,#1664,#1665);
#1385=AXIS2_PLACEMENT_3D('',#2257,#1668,#1669);
#1386=AXIS2_PLACEMENT_3D('',#2258,#1670,#1671);
#1387=AXIS2_PLACEMENT_3D('',#2260,#1672,#1673);
#1388=AXIS2_PLACEMENT_3D('',#2299,#1675,#1676);
#1389=AXIS2_PLACEMENT_3D('',#2410,#1677,#1678);
#1390=AXIS2_PLACEMENT_3D('',#2496,#1679,#1680);
#1391=AXIS2_PLACEMENT_3D('',#2555,#1681,#1682);
#1392=AXIS2_PLACEMENT_3D('',#2557,#1683,#1684);
#1393=AXIS2_PLACEMENT_3D('',#2652,#1685,#1686);
#1394=AXIS2_PLACEMENT_3D('',#2770,#1687,#1688);
#1395=AXIS2_PLACEMENT_3D('',#2788,#1689,#1690);
#1396=AXIS2_PLACEMENT_3D('',#2853,#1691,#1692);
#1397=AXIS2_PLACEMENT_3D('',#2897,#1693,#1694);
#1398=AXIS2_PLACEMENT_3D('',#2997,#1695,#1696);
#1399=AXIS2_PLACEMENT_3D('',#3031,#1697,#1698);
#1400=AXIS2_PLACEMENT_3D('',#3040,#1699,#1700);
#1401=AXIS2_PLACEMENT_3D('',#3042,#1701,#1702);
#1402=AXIS2_PLACEMENT_3D('',#3043,#1703,#1704);
#1403=AXIS2_PLACEMENT_3D('',#3045,#1706,#1707);
#1404=AXIS2_PLACEMENT_3D('',#3046,#1708,#1709);
#1405=AXIS2_PLACEMENT_3D('',#3047,#1710,#1711);
#1406=AXIS2_PLACEMENT_3D('',#3048,#1712,#1713);
#1407=AXIS2_PLACEMENT_3D('',#3049,#1714,#1715);
#1408=AXIS2_PLACEMENT_3D('',#3050,#1716,#1717);
#1409=AXIS2_PLACEMENT_3D('',#3052,#1718,#1719);
#1410=AXIS2_PLACEMENT_3D('',#3053,#1720,#1721);
#1411=AXIS2_PLACEMENT_3D('',#3054,#1722,#1723);
#1412=AXIS2_PLACEMENT_3D('',#3056,#1724,#1725);
#1413=AXIS2_PLACEMENT_3D('',#3098,#1727,#1728);
#1414=AXIS2_PLACEMENT_3D('',#3099,#1729,#1730);
#1415=AXIS2_PLACEMENT_3D('',#3100,#1731,#1732);
#1416=AXIS2_PLACEMENT_3D('',#3103,#1734,#1735);
#1417=AXIS2_PLACEMENT_3D('',#3104,#1736,#1737);
#1418=AXIS2_PLACEMENT_3D('',#3107,#1739,#1740);
#1419=AXIS2_PLACEMENT_3D('',#3108,#1741,#1742);
#1420=AXIS2_PLACEMENT_3D('',#3110,#1743,#1744);
#1421=AXIS2_PLACEMENT_3D('',#3112,#1745,#1746);
#1422=AXIS2_PLACEMENT_3D('',#3113,#1747,#1748);
#1423=AXIS2_PLACEMENT_3D('',#3114,#1749,#1750);
#1424=AXIS2_PLACEMENT_3D('',#3116,#1752,#1753);
#1425=AXIS2_PLACEMENT_3D('',#3117,#1754,#1755);
#1426=AXIS2_PLACEMENT_3D('',#3119,#1757,#1758);
#1427=AXIS2_PLACEMENT_3D('',#3161,#1760,#1761);
#1428=AXIS2_PLACEMENT_3D('',#3162,#1762,#1763);
#1429=AXIS2_PLACEMENT_3D('',#3165,#1765,#1766);
#1430=AXIS2_PLACEMENT_3D('',#3166,#1767,#1768);
#1431=AXIS2_PLACEMENT_3D('',#3167,#1769,#1770);
#1432=AXIS2_PLACEMENT_3D('',#3170,#1773,#1774);
#1433=AXIS2_PLACEMENT_3D('',#3171,#1775,#1776);
#1434=AXIS2_PLACEMENT_3D('',#3173,#1778,#1779);
#1435=DIRECTION('axis',(0.,0.,1.));
#1436=DIRECTION('refdir',(1.,0.,0.));
#1437=DIRECTION('center_axis',(-0.992863554063587,-0.106276770762113,0.0541037060523594));
#1438=DIRECTION('ref_axis',(0.11925587202408,-0.884806178030125,0.450439856481972));
#1439=DIRECTION('center_axis',(-1.,2.96059473233374E-14,-2.96059473233375E-14));
#1440=DIRECTION('ref_axis',(-2.96059473233375E-14,0.,1.));
#1441=DIRECTION('center_axis',(0.964315913206808,0.264754262545703,-1.56766015011143E-15));
#1442=DIRECTION('ref_axis',(0.264754262545703,-0.964315913206808,0.));
#1443=DIRECTION('center_axis',(0.,0.,-1.));
#1444=DIRECTION('ref_axis',(0.,-1.,0.));
#1445=DIRECTION('center_axis',(0.423283130470149,-0.322733570142551,-0.846566260940297));
#1446=DIRECTION('ref_axis',(0.673207637161239,-0.513289305782045,0.532283351080577));
#1447=DIRECTION('center_axis',(0.,0.,-1.));
#1448=DIRECTION('ref_axis',(0.264754262545696,-0.96431591320681,0.));
#1449=DIRECTION('center_axis',(-0.964315913206813,-0.264754262545685,-2.28395889035656E-14));
#1450=DIRECTION('ref_axis',(-2.368475785867E-14,0.,1.));
#1451=DIRECTION('center_axis',(0.,1.,0.));
#1452=DIRECTION('ref_axis',(1.,0.,0.));
#1453=DIRECTION('center_axis',(0.964315913206809,0.2647542625457,2.67376918173952E-14));
#1454=DIRECTION('ref_axis',(0.18720953439409,-0.681874321434634,0.707106781186552));
#1455=DIRECTION('',(-0.964315913206809,-0.2647542625457,-2.67376918173952E-14));
#1456=DIRECTION('',(0.964315913206809,0.2647542625457,2.67376918173952E-14));
#1457=DIRECTION('center_axis',(-0.992863554063588,0.106276770762107,0.0541037060523542));
#1458=DIRECTION('ref_axis',(0.11925587202407,0.884806178030127,0.450439856481971));
#1459=DIRECTION('center_axis',(0.96431591320681,-0.264754262545696,2.28395889035656E-14));
#1460=DIRECTION('ref_axis',(-2.368475785867E-14,0.,1.));
#1461=DIRECTION('center_axis',(-1.,0.,-1.77635683940025E-14));
#1462=DIRECTION('ref_axis',(0.,1.,0.));
#1463=DIRECTION('center_axis',(0.,0.,-1.));
#1464=DIRECTION('ref_axis',(0.264754262545702,0.964315913206809,0.));
#1465=DIRECTION('center_axis',(-1.,0.,-2.77271083585872E-14));
#1466=DIRECTION('ref_axis',(-1.67476528926269E-14,0.707106781186549,0.707106781186546));
#1467=DIRECTION('',(1.,0.,2.77271083585872E-14));
#1468=DIRECTION('',(-1.,0.,-2.77271083585872E-14));
#1469=DIRECTION('center_axis',(0.,0.,1.));
#1470=DIRECTION('ref_axis',(0.133574112000029,0.991038826990852,0.));
#1471=DIRECTION('center_axis',(2.77271083585872E-14,0.,-1.));
#1472=DIRECTION('ref_axis',(0.133574112000029,0.991038826990852,0.));
#1473=DIRECTION('',(0.,0.,1.));
#1474=DIRECTION('',(0.,0.,-1.));
#1475=DIRECTION('center_axis',(0.423283130470158,0.322733570142536,-0.846566260940298));
#1476=DIRECTION('ref_axis',(0.673207637161254,0.513289305782033,0.532283351080569));
#1477=DIRECTION('center_axis',(0.,-1.,0.));
#1478=DIRECTION('ref_axis',(-2.368475785867E-14,0.,1.));
#1479=DIRECTION('center_axis',(-0.96431591320681,0.264754262545696,-9.85213430167139E-15));
#1480=DIRECTION('ref_axis',(0.264754262545696,0.96431591320681,0.));
#1481=DIRECTION('center_axis',(0.,0.,-1.));
#1482=DIRECTION('ref_axis',(1.,0.,0.));
#1483=DIRECTION('center_axis',(-0.964315913206809,0.2647542625457,-2.67376918173952E-14));
#1484=DIRECTION('ref_axis',(0.187209534394081,0.681874321434639,0.707106781186549));
#1485=DIRECTION('',(0.964315913206809,-0.2647542625457,2.67376918173952E-14));
#1486=DIRECTION('',(-0.964315913206809,0.2647542625457,-2.67376918173952E-14));
#1487=DIRECTION('center_axis',(0.,0.,1.));
#1488=DIRECTION('ref_axis',(0.795221435370584,0.606319114598202,0.));
#1489=DIRECTION('',(0.,0.,1.));
#1490=DIRECTION('',(0.,0.,-1.));
#1491=DIRECTION('center_axis',(0.,1.,0.));
#1492=DIRECTION('ref_axis',(0.707106781186536,0.,0.707106781186559));
#1493=DIRECTION('',(0.,-1.,0.));
#1494=DIRECTION('',(0.,1.,0.));
#1495=DIRECTION('center_axis',(0.,0.,-1.));
#1496=DIRECTION('ref_axis',(0.795221435370581,-0.606319114598207,0.));
#1497=DIRECTION('',(0.,0.,1.));
#1498=DIRECTION('',(0.,0.,-1.));
#1499=DIRECTION('center_axis',(0.,0.,1.));
#1500=DIRECTION('ref_axis',(0.133574112000023,-0.991038826990853,0.));
#1501=DIRECTION('center_axis',(2.77271083585872E-14,0.,-1.));
#1502=DIRECTION('ref_axis',(0.133574112000023,-0.991038826990853,0.));
#1503=DIRECTION('',(0.,0.,1.));
#1504=DIRECTION('',(0.,0.,-1.));
#1505=DIRECTION('center_axis',(1.,0.,2.77271083585872E-14));
#1506=DIRECTION('ref_axis',(-2.51214793389404E-14,-0.707106781186549,0.707106781186546));
#1507=DIRECTION('',(1.,0.,2.77271083585872E-14));
#1508=DIRECTION('',(-1.,0.,-2.77271083585872E-14));
#1509=DIRECTION('center_axis',(0.2647542625457,0.964315913206809,0.));
#1510=DIRECTION('ref_axis',(-0.964315913206809,0.2647542625457,0.));
#1511=DIRECTION('',(-0.964315913206809,0.2647542625457,-2.67376918173952E-14));
#1512=DIRECTION('center_axis',(0.,1.,0.));
#1513=DIRECTION('ref_axis',(-1.,0.,0.));
#1514=DIRECTION('center_axis',(0.,-1.,0.));
#1515=DIRECTION('ref_axis',(-0.745355992500054,0.,0.666666666666527));
#1516=DIRECTION('',(-1.,0.,-2.77271083585872E-14));
#1517=DIRECTION('center_axis',(2.77271083585872E-14,0.,-1.));
#1518=DIRECTION('ref_axis',(-1.,0.,-2.77271083585872E-14));
#1519=DIRECTION('',(0.,1.,0.));
#1520=DIRECTION('center_axis',(0.994243636219782,0.,-0.107142857141601));
#1521=DIRECTION('ref_axis',(0.0757614408405403,0.707106781186541,0.703036417322584));
#1522=DIRECTION('center_axis',(-0.994243636219782,-4.75809867690914E-16,
0.1071428571416));
#1523=DIRECTION('ref_axis',(0.1071428571416,0.,0.994243636219782));
#1524=DIRECTION('',(0.994243636219782,0.,-0.107142857141601));
#1525=DIRECTION('center_axis',(0.994243636219782,0.,-0.1071428571416));
#1526=DIRECTION('ref_axis',(0.,1.,0.));
#1527=DIRECTION('',(-0.994243636219782,0.,0.107142857141601));
#1528=DIRECTION('center_axis',(-0.994243636219782,0.,-0.107142857141602));
#1529=DIRECTION('ref_axis',(0.0757614408405403,0.707106781186541,-0.703036417322584));
#1530=DIRECTION('center_axis',(0.994243636219782,0.,0.1071428571416));
#1531=DIRECTION('ref_axis',(0.1071428571416,0.,-0.994243636219782));
#1532=DIRECTION('',(-0.994243636219782,0.,-0.107142857141602));
#1533=DIRECTION('center_axis',(-0.994243636219782,0.,-0.1071428571416));
#1534=DIRECTION('ref_axis',(0.,1.,0.));
#1535=DIRECTION('',(0.994243636219782,0.,0.107142857141602));
#1536=DIRECTION('center_axis',(0.,1.,0.));
#1537=DIRECTION('ref_axis',(0.,0.,1.));
#1538=DIRECTION('center_axis',(0.,-1.,0.));
#1539=DIRECTION('ref_axis',(1.,0.,3.20790307894965E-11));
#1540=DIRECTION('center_axis',(0.,1.,0.));
#1541=DIRECTION('ref_axis',(1.,0.,3.20790307894965E-11));
#1542=DIRECTION('center_axis',(-0.994243636219782,0.,-0.107142857141602));
#1543=DIRECTION('ref_axis',(0.0757614408405403,0.707106781186541,-0.703036417322584));
#1544=DIRECTION('center_axis',(-0.994243636219782,0.,-0.1071428571416));
#1545=DIRECTION('ref_axis',(0.,1.,0.));
#1546=DIRECTION('',(0.994243636219782,0.,0.107142857141602));
#1547=DIRECTION('center_axis',(0.994243636219782,0.,-0.107142857141601));
#1548=DIRECTION('ref_axis',(0.0757614408405403,0.707106781186541,0.703036417322584));
#1549=DIRECTION('',(-0.994243636219782,0.,0.107142857141601));
#1550=DIRECTION('center_axis',(-0.994243636219782,0.,0.1071428571416));
#1551=DIRECTION('ref_axis',(0.1071428571416,0.,0.994243636219782));
#1552=DIRECTION('center_axis',(0.,1.,0.));
#1553=DIRECTION('ref_axis',(-1.,0.,0.));
#1554=DIRECTION('center_axis',(0.,1.,0.));
#1555=DIRECTION('ref_axis',(-1.,0.,0.));
#1556=DIRECTION('center_axis',(0.,-1.,0.));
#1557=DIRECTION('ref_axis',(-1.,0.,0.));
#1558=DIRECTION('center_axis',(0.,-1.,0.));
#1559=DIRECTION('ref_axis',(0.,0.,-1.));
#1560=DIRECTION('center_axis',(0.,-1.,0.));
#1561=DIRECTION('ref_axis',(-1.,0.,0.));
#1562=DIRECTION('center_axis',(0.,-1.,0.));
#1563=DIRECTION('ref_axis',(-1.,0.,0.));
#1564=DIRECTION('center_axis',(0.107142857141601,0.,0.994243636219782));
#1565=DIRECTION('ref_axis',(0.994243636219782,0.,-0.107142857141601));
#1566=DIRECTION('',(0.,1.,0.));
#1567=DIRECTION('',(0.994243636219782,0.,-0.107142857141601));
#1568=DIRECTION('',(0.,1.,0.));
#1569=DIRECTION('center_axis',(0.,1.,0.));
#1570=DIRECTION('ref_axis',(0.107142857201544,0.,-0.994243636213322));
#1571=DIRECTION('',(0.,1.,0.));
#1572=DIRECTION('center_axis',(0.,1.,0.));
#1573=DIRECTION('ref_axis',(0.107142857201544,0.,-0.994243636213322));
#1574=DIRECTION('center_axis',(-0.2647542625457,0.964315913206809,-7.24434255703659E-15));
#1575=DIRECTION('ref_axis',(0.964315913206809,0.2647542625457,2.67205346740799E-14));
#1576=DIRECTION('center_axis',(0.,1.,0.));
#1577=DIRECTION('ref_axis',(0.107142857201544,0.,-0.994243636213322));
#1578=DIRECTION('center_axis',(0.,1.,0.));
#1579=DIRECTION('ref_axis',(-1.,0.,-4.44089209850063E-16));
#1580=DIRECTION('center_axis',(0.,1.,0.));
#1581=DIRECTION('ref_axis',(0.107142857142866,0.,0.994243636219646));
#1582=DIRECTION('',(0.,1.,0.));
#1583=DIRECTION('center_axis',(0.107142857141602,0.,-0.994243636219782));
#1584=DIRECTION('ref_axis',(-0.994243636219782,0.,-0.107142857141602));
#1585=DIRECTION('',(-0.994243636219782,0.,-0.107142857141602));
#1586=DIRECTION('center_axis',(-0.2647542625457,0.964315913206809,-7.24434255703659E-15));
#1587=DIRECTION('ref_axis',(-0.964315913206809,-0.2647542625457,-2.67376918173952E-14));
#1588=DIRECTION('',(-2.73625152901405E-14,0.,1.));
#1589=DIRECTION('',(-0.964315913206809,-0.2647542625457,-2.67376918173952E-14));
#1590=DIRECTION('',(0.,-7.5124162712878E-15,-1.));
#1591=DIRECTION('',(0.964315913206809,0.2647542625457,0.));
#1592=DIRECTION('',(-2.73625152901405E-14,0.,1.));
#1593=DIRECTION('center_axis',(0.,-1.,0.));
#1594=DIRECTION('ref_axis',(-1.,0.,8.79296635503118E-14));
#1595=DIRECTION('center_axis',(0.,1.,0.));
#1596=DIRECTION('ref_axis',(-1.,0.,8.79296635503118E-14));
#1597=DIRECTION('',(0.,1.,0.));
#1598=DIRECTION('center_axis',(0.,-1.,0.));
#1599=DIRECTION('ref_axis',(-1.,0.,8.79296635503118E-14));
#1600=DIRECTION('center_axis',(0.2647542625457,-0.964315913206809,0.));
#1601=DIRECTION('ref_axis',(0.964315913206809,0.2647542625457,0.));
#1602=DIRECTION('',(0.964315913206809,0.2647542625457,2.67376918173952E-14));
#1603=DIRECTION('center_axis',(1.,0.,0.));
#1604=DIRECTION('ref_axis',(0.,1.,0.));
#1605=DIRECTION('',(0.,1.,0.));
#1606=DIRECTION('center_axis',(2.77271083585872E-14,0.,-1.));
#1607=DIRECTION('ref_axis',(-1.,0.,-2.77271083585872E-14));
#1608=DIRECTION('',(0.,1.,0.));
#1609=DIRECTION('',(1.,0.,2.77271083585872E-14));
#1610=DIRECTION('',(0.,-1.,0.));
#1611=DIRECTION('',(1.,0.,2.77271083585872E-14));
#1612=DIRECTION('',(-0.964315913206809,0.2647542625457,-2.67376918173952E-14));
#1613=DIRECTION('center_axis',(2.77271083585872E-14,0.,-1.));
#1614=DIRECTION('ref_axis',(-1.,0.,-2.77271083585872E-14));
#1615=DIRECTION('',(0.964315913206809,0.2647542625457,2.67376918173952E-14));
#1616=DIRECTION('',(1.,0.,2.77271083585872E-14));
#1617=DIRECTION('',(0.,1.,0.));
#1618=DIRECTION('',(-1.,0.,-2.77271083585872E-14));
#1619=DIRECTION('center_axis',(0.,1.,0.));
#1620=DIRECTION('ref_axis',(-0.745355992500054,0.,0.666666666666527));
#1621=DIRECTION('center_axis',(0.,-1.,0.));
#1622=DIRECTION('ref_axis',(-0.745355992500054,0.,0.666666666666527));
#1623=DIRECTION('',(0.,1.,0.));
#1624=DIRECTION('center_axis',(0.,-1.,0.));
#1625=DIRECTION('ref_axis',(-0.745355992500054,0.,0.666666666666527));
#1626=DIRECTION('center_axis',(0.,-1.,0.));
#1627=DIRECTION('ref_axis',(0.,0.,-1.));
#1628=DIRECTION('center_axis',(0.,1.,0.));
#1629=DIRECTION('ref_axis',(1.75859327100625E-13,0.,1.));
#1630=DIRECTION('',(1.,0.,0.));
#1631=DIRECTION('center_axis',(0.,-1.,0.));
#1632=DIRECTION('ref_axis',(-1.,0.,0.));
#1633=DIRECTION('center_axis',(1.,0.,0.));
#1634=DIRECTION('ref_axis',(0.,-1.,0.));
#1635=DIRECTION('center_axis',(1.,0.,0.));
#1636=DIRECTION('ref_axis',(0.,0.,1.));
#1637=DIRECTION('center_axis',(1.,0.,0.));
#1638=DIRECTION('ref_axis',(0.,0.,1.));
#1639=DIRECTION('center_axis',(0.,0.,1.));
#1640=DIRECTION('ref_axis',(0.,1.,0.));
#1641=DIRECTION('center_axis',(-1.,0.,0.));
#1642=DIRECTION('ref_axis',(0.,0.,1.));
#1643=DIRECTION('',(-1.,0.,0.));
#1644=DIRECTION('center_axis',(-0.58023172824278,-0.749523605916817,0.318662055654339));
#1645=DIRECTION('ref_axis',(-0.481378898499401,-1.30083977777618E-12,-0.876512610336841));
#1646=DIRECTION('center_axis',(0.484649953981968,-0.310023156853957,0.817924241185932));
#1647=DIRECTION('ref_axis',(-0.538865251896576,-0.842391975447558,-3.09997042280978E-12));
#1648=DIRECTION('center_axis',(0.423283130470157,0.322733570142536,-0.846566260940298));
#1649=DIRECTION('ref_axis',(0.673207637161254,0.513289305782033,0.532283351080569));
#1650=DIRECTION('center_axis',(0.96431591320681,-0.264754262545696,0.));
#1651=DIRECTION('ref_axis',(0.,0.,1.));
#1652=DIRECTION('center_axis',(0.,1.,-5.9211894646675E-15));
#1653=DIRECTION('ref_axis',(1.,0.,0.));
#1654=DIRECTION('center_axis',(0.,-7.67537559991197E-15,1.));
#1655=DIRECTION('ref_axis',(0.264754262545696,0.96431591320681,7.40148683083439E-15));
#1656=DIRECTION('center_axis',(-0.964315913206809,0.2647542625457,0.));
#1657=DIRECTION('ref_axis',(0.187209534394113,0.681874321434627,0.707106781186552));
#1658=DIRECTION('center_axis',(0.,-1.,0.));
#1659=DIRECTION('ref_axis',(1.,0.,2.44946898454908E-17));
#1660=DIRECTION('',(0.964315913206809,-0.2647542625457,0.));
#1661=DIRECTION('',(-0.964315913206809,0.2647542625457,0.));
#1662=DIRECTION('center_axis',(0.,1.,0.));
#1663=DIRECTION('ref_axis',(0.,0.,1.));
#1664=DIRECTION('center_axis',(0.,-1.,0.));
#1665=DIRECTION('ref_axis',(1.75859327100625E-13,0.,1.));
#1666=DIRECTION('',(-1.,0.,0.));
#1667=DIRECTION('',(2.7803846181917E-14,0.,-1.));
#1668=DIRECTION('center_axis',(0.,-1.,0.));
#1669=DIRECTION('ref_axis',(1.,1.73203612928079E-17,2.77034942152501E-14));
#1670=DIRECTION('center_axis',(0.,-1.,0.));
#1671=DIRECTION('ref_axis',(1.75859327100625E-13,0.,1.));
#1672=DIRECTION('center_axis',(0.,-1.,0.));
#1673=DIRECTION('ref_axis',(1.75859327100625E-13,0.,1.));
#1674=DIRECTION('',(0.,1.,0.));
#1675=DIRECTION('center_axis',(0.484649953981969,-0.310023156853989,-0.817924241185919));
#1676=DIRECTION('ref_axis',(0.,-0.935082405946342,0.35443037974982));
#1677=DIRECTION('center_axis',(0.587643596720383,-0.754372172223783,0.292570724796422));
#1678=DIRECTION('ref_axis',(0.,0.361591312837533,0.932336700168147));
#1679=DIRECTION('center_axis',(0.587643596720519,0.75437217222369,0.292570724796388));
#1680=DIRECTION('ref_axis',(-0.445688285125695,-3.04075852816309E-12,0.895188221829196));
#1681=DIRECTION('center_axis',(0.484649953981966,0.31002315685399,-0.817924241185921));
#1682=DIRECTION('ref_axis',(-0.53886525189663,0.842391975447524,3.09086090055643E-12));
#1683=DIRECTION('center_axis',(0.484649953981961,0.31002315685396,0.817924241185935));
#1684=DIRECTION('ref_axis',(0.,0.935082405946355,-0.354430379749784));
#1685=DIRECTION('center_axis',(0.587643596720693,-0.754372172223558,-0.292570724796378));
#1686=DIRECTION('ref_axis',(-0.445688285125615,3.00432043914976E-12,-0.895188221829236));
#1687=DIRECTION('center_axis',(0.587643596720764,0.754372172223509,-0.292570724796361));
#1688=DIRECTION('ref_axis',(0.,-0.361591312837581,-0.932336700168128));
#1689=DIRECTION('center_axis',(0.580231728244208,-0.749523605916147,-0.318662055653313));
#1690=DIRECTION('ref_axis',(-0.481378898498591,0.,-0.876512610337286));
#1691=DIRECTION('center_axis',(-0.580231728242658,0.749523605916895,-0.318662055654377));
#1692=DIRECTION('ref_axis',(-0.481378898499525,1.29901787332552E-12,0.876512610336773));
#1693=DIRECTION('center_axis',(0.58023172824409,0.749523605916224,0.318662055653348));
#1694=DIRECTION('ref_axis',(-0.481378898498709,1.82190445066693E-15,0.876512610337221));
#1695=DIRECTION('center_axis',(0.,1.,0.));
#1696=DIRECTION('ref_axis',(1.,0.,0.));
#1697=DIRECTION('center_axis',(0.,-1.,0.));
#1698=DIRECTION('ref_axis',(2.368475785867E-14,0.,-1.));
#1699=DIRECTION('center_axis',(0.,-1.,0.));
#1700=DIRECTION('ref_axis',(0.707106781186561,0.,-0.707106781186534));
#1701=DIRECTION('center_axis',(0.,-1.,-5.9211894646675E-15));
#1702=DIRECTION('ref_axis',(1.,0.,0.));
#1703=DIRECTION('center_axis',(-0.606319114598204,-0.795221435370583,-1.43605214143416E-14));
#1704=DIRECTION('ref_axis',(0.795221435370583,-0.606319114598204,1.88346271407763E-14));
#1705=DIRECTION('',(0.,1.,0.));
#1706=DIRECTION('center_axis',(-0.423283130470147,0.322733570142531,-0.846566260940305));
#1707=DIRECTION('ref_axis',(0.673207637161262,-0.513289305782032,-0.53228335108056));
#1708=DIRECTION('center_axis',(-2.96059473233374E-15,-8.48821096259834E-15,
-1.));
#1709=DIRECTION('ref_axis',(0.264754262545696,-0.96431591320681,7.40148683083439E-15));
#1710=DIRECTION('center_axis',(0.96431591320681,0.264754262545696,2.28395889035655E-14));
#1711=DIRECTION('ref_axis',(2.36847578586699E-14,0.,-1.));
#1712=DIRECTION('center_axis',(0.,7.5124162712878E-15,1.));
#1713=DIRECTION('ref_axis',(0.795221435370584,-0.606319114598202,5.58447232553676E-15));
#1714=DIRECTION('center_axis',(0.,7.67537559991197E-15,1.));
#1715=DIRECTION('ref_axis',(1.,0.,0.));
#1716=DIRECTION('center_axis',(0.423283130470156,-0.322733570142539,-0.846566260940297));
#1717=DIRECTION('ref_axis',(0.673207637161254,-0.513289305782033,0.532283351080569));
#1718=DIRECTION('center_axis',(0.,-1.,0.));
#1719=DIRECTION('ref_axis',(0.,0.,1.));
#1720=DIRECTION('center_axis',(0.96431591320681,0.264754262545696,0.));
#1721=DIRECTION('ref_axis',(0.264754262545696,-0.96431591320681,7.40148683083439E-15));
#1722=DIRECTION('center_axis',(0.,1.,0.));
#1723=DIRECTION('ref_axis',(0.707106781186543,0.,0.707106781186552));
#1724=DIRECTION('center_axis',(0.,-1.,0.));
#1725=DIRECTION('ref_axis',(1.,0.,0.));
#1726=DIRECTION('',(0.,-1.,0.));
#1727=DIRECTION('center_axis',(-0.964315913206809,-0.2647542625457,-2.67376918173952E-14));
#1728=DIRECTION('ref_axis',(0.187209534394113,-0.681874321434637,-0.707106781186542));
#1729=DIRECTION('center_axis',(0.,1.,0.));
#1730=DIRECTION('ref_axis',(1.,-1.73203612928078E-17,2.77769782847866E-14));
#1731=DIRECTION('center_axis',(0.964315913206809,0.2647542625457,0.));
#1732=DIRECTION('ref_axis',(0.187209534394112,-0.681874321434632,0.707106781186548));
#1733=DIRECTION('',(-0.964315913206809,-0.2647542625457,0.));
#1734=DIRECTION('center_axis',(0.,1.,0.));
#1735=DIRECTION('ref_axis',(1.,-1.73203612928078E-17,-2.44946898454908E-17));
#1736=DIRECTION('center_axis',(0.,1.,0.));
#1737=DIRECTION('ref_axis',(0.707106781186543,0.,0.707106781186552));
#1738=DIRECTION('',(0.,-1.,0.));
#1739=DIRECTION('center_axis',(0.,1.,0.));
#1740=DIRECTION('ref_axis',(0.,0.,1.));
#1741=DIRECTION('center_axis',(-0.423283130470148,-0.322733570142527,-0.846566260940306));
#1742=DIRECTION('ref_axis',(0.673207637161263,0.513289305782033,-0.532283351080557));
#1743=DIRECTION('center_axis',(0.,1.,0.));
#1744=DIRECTION('ref_axis',(2.368475785867E-14,0.,-1.));
#1745=DIRECTION('center_axis',(0.96431591320681,-0.264754262545696,2.28395889035655E-14));
#1746=DIRECTION('ref_axis',(0.264754262545696,0.96431591320681,7.40148683083439E-15));
#1747=DIRECTION('center_axis',(0.,9.21045071989437E-15,-1.));
#1748=DIRECTION('ref_axis',(1.,0.,0.));
#1749=DIRECTION('center_axis',(0.,-1.,0.));
#1750=DIRECTION('ref_axis',(0.707106781186561,0.,-0.707106781186534));
#1751=DIRECTION('',(0.,1.,0.));
#1752=DIRECTION('center_axis',(-0.606319114598204,0.795221435370583,-1.43605214143416E-14));
#1753=DIRECTION('ref_axis',(0.795221435370583,0.606319114598204,1.88346271407763E-14));
#1754=DIRECTION('center_axis',(0.964315913206809,-0.2647542625457,2.67376918173952E-14));
#1755=DIRECTION('ref_axis',(0.187209534394131,0.68187432143463,-0.707106781186544));
#1756=DIRECTION('',(0.964315913206809,-0.2647542625457,2.67376918173952E-14));
#1757=DIRECTION('center_axis',(0.,7.63358427566341E-15,-1.));
#1758=DIRECTION('ref_axis',(0.795221435370584,0.606319114598202,5.58447232553676E-15));
#1759=DIRECTION('',(0.,-7.63358427566341E-15,1.));
#1760=DIRECTION('center_axis',(-0.2647542625457,-0.964315913206809,-7.3611867918275E-15));
#1761=DIRECTION('ref_axis',(0.964315913206809,-0.2647542625457,2.67376918173952E-14));
#1762=DIRECTION('center_axis',(0.,-1.,0.));
#1763=DIRECTION('ref_axis',(0.,0.,-1.));
#1764=DIRECTION('',(-1.,0.,0.));
#1765=DIRECTION('center_axis',(0.,-1.,0.));
#1766=DIRECTION('ref_axis',(1.75859327100625E-13,0.,1.));
#1767=DIRECTION('center_axis',(2.77271083585872E-14,0.,-1.));
#1768=DIRECTION('ref_axis',(-1.,0.,-2.77271083585872E-14));
#1769=DIRECTION('center_axis',(0.,0.,1.));
#1770=DIRECTION('ref_axis',(1.,0.,0.));
#1771=DIRECTION('',(-1.,0.,0.));
#1772=DIRECTION('',(0.,1.,0.));
#1773=DIRECTION('center_axis',(0.,1.,0.));
#1774=DIRECTION('ref_axis',(0.,0.,1.));
#1775=DIRECTION('center_axis',(0.,1.,0.));
#1776=DIRECTION('ref_axis',(-1.,0.,0.));
#1777=DIRECTION('',(0.,-1.,0.));
#1778=DIRECTION('center_axis',(0.,1.,0.));
#1779=DIRECTION('ref_axis',(1.75859327100625E-13,0.,1.));
#1780=CARTESIAN_POINT('',(0.,0.,0.));
#1781=CARTESIAN_POINT('Origin',(149.426587882421,-141.550454322812,33.874578790665));
#1782=CARTESIAN_POINT('',(149.426587882421,-141.550454322812,36.874578790665));
#1783=CARTESIAN_POINT('',(149.426587882421,-144.550454322812,33.874578790665));
#1784=CARTESIAN_POINT('Origin',(149.426587882421,-141.550454322812,33.874578790665));
#1785=CARTESIAN_POINT('',(150.220850670058,-144.443402062433,33.874578790665));
#1786=CARTESIAN_POINT('Origin',(149.426587882421,-141.550454322812,33.874578790665));
#1787=CARTESIAN_POINT('Origin',(149.426587882421,-141.550454322812,33.874578790665));
#1788=CARTESIAN_POINT('Origin',(183.682397472732,-132.145474604259,33.874578790666));
#1789=CARTESIAN_POINT('',(184.476660260369,-135.038422343879,33.874578790666));
#1790=CARTESIAN_POINT('',(186.682397472732,-132.145474604259,33.874578790666));
#1791=CARTESIAN_POINT('Origin',(183.682397472732,-132.145474604259,33.874578790666));
#1792=CARTESIAN_POINT('',(183.682397472732,-132.145474604259,36.874578790666));
#1793=CARTESIAN_POINT('Origin',(183.682397472732,-132.145474604259,33.874578790666));
#1794=CARTESIAN_POINT('Origin',(183.682397472732,-132.145474604259,33.874578790666));
#1795=CARTESIAN_POINT('Origin',(158.014001937137,-139.192767962883,33.8745787906653));
#1796=CARTESIAN_POINT('',(158.808264724774,-142.085715702503,33.8745787906653));
#1797=CARTESIAN_POINT('',(158.014001937137,-139.192767962883,36.8745787906653));
#1798=CARTESIAN_POINT('Origin',(150.300741209066,-112.100454322997,33.874578790665));
#1799=CARTESIAN_POINT('',(150.300741209066,-112.100454322997,36.874578790665));
#1800=CARTESIAN_POINT('',(151.095003996703,-109.207506583377,33.874578790665));
#1801=CARTESIAN_POINT('Origin',(150.300741209066,-112.100454322997,33.874578790665));
#1802=CARTESIAN_POINT('',(150.300741209066,-109.100454322997,33.874578790665));
#1803=CARTESIAN_POINT('Origin',(150.300741209066,-112.100454322997,33.874578790665));
#1804=CARTESIAN_POINT('Origin',(150.300741209066,-112.100454322997,33.874578790665));
#1805=CARTESIAN_POINT('Origin',(157.488827186876,-112.100454322997,33.8745787906652));
#1806=CARTESIAN_POINT('',(143.370975013176,-112.100454322997,36.8745787906648));
#1807=CARTESIAN_POINT('',(144.824533096457,-109.100454322997,33.8745787906649));
#1808=CARTESIAN_POINT('Ctrl Pts',(143.370975013176,-112.100454322997,36.8745787906648));
#1809=CARTESIAN_POINT('Ctrl Pts',(143.370975013176,-111.721489969325,36.8745787906648));
#1810=CARTESIAN_POINT('Ctrl Pts',(143.41988926554,-111.323353723221,36.7983595375416));
#1811=CARTESIAN_POINT('Ctrl Pts',(143.599453995981,-110.601015188158,36.502137236877));
#1812=CARTESIAN_POINT('Ctrl Pts',(143.728506080964,-110.276265310713,36.2825030911368));
#1813=CARTESIAN_POINT('Ctrl Pts',(144.008407464162,-109.740805340869,35.7674260836964));
#1814=CARTESIAN_POINT('Ctrl Pts',(144.181676968328,-109.501351225134,35.4273696144922));
#1815=CARTESIAN_POINT('Ctrl Pts',(144.520897895017,-109.181041320179,34.6767784225548));
#1816=CARTESIAN_POINT('Ctrl Pts',(144.686202472682,-109.100454322997,34.2658368791346));
#1817=CARTESIAN_POINT('Ctrl Pts',(144.824533096457,-109.100454322997,33.8745787906649));
#1818=CARTESIAN_POINT('',(157.488827186876,-109.100454322997,33.8745787906652));
#1819=CARTESIAN_POINT('',(157.488827186876,-112.100454322997,36.8745787906652));
#1820=CARTESIAN_POINT('Origin',(150.300741209066,-112.100454322997,38.8745787906625));
#1821=CARTESIAN_POINT('',(151.095003996703,-109.207506583377,18.8745787906651));
#1822=CARTESIAN_POINT('',(150.300741209066,-109.100454322997,18.874578790665));
#1823=CARTESIAN_POINT('Origin',(150.300741209066,-112.100454322997,18.8745787906667));
#1824=CARTESIAN_POINT('',(151.095003996703,-109.207506583377,38.8745787906625));
#1825=CARTESIAN_POINT('',(150.300741209066,-109.100454322997,38.8745787906625));
#1826=CARTESIAN_POINT('Origin',(183.682397472732,-121.265434041366,33.874578790666));
#1827=CARTESIAN_POINT('',(183.682397472732,-121.265434041366,36.874578790666));
#1828=CARTESIAN_POINT('',(186.682397472732,-121.265434041366,33.874578790666));
#1829=CARTESIAN_POINT('Origin',(183.682397472732,-121.265434041366,33.874578790666));
#1830=CARTESIAN_POINT('',(184.476660260369,-118.372486301746,33.874578790666));
#1831=CARTESIAN_POINT('Origin',(183.682397472732,-121.265434041366,33.874578790666));
#1832=CARTESIAN_POINT('Origin',(183.682397472732,-121.265434041366,33.874578790666));
#1833=CARTESIAN_POINT('Origin',(176.470370668029,-119.285362145851,33.8745787906658));
#1834=CARTESIAN_POINT('',(177.264633455666,-116.392414406231,33.8745787906658));
#1835=CARTESIAN_POINT('',(176.470370668029,-119.285362145851,36.8745787906658));
#1836=CARTESIAN_POINT('Origin',(183.682397472732,-121.265434041366,38.8745787906625));
#1837=CARTESIAN_POINT('',(186.682397472732,-121.265434041366,18.874578790666));
#1838=CARTESIAN_POINT('',(186.068061778535,-119.446476697149,18.9381538120174));
#1839=CARTESIAN_POINT('Ctrl Pts',(186.068061778531,-119.446476697162,18.9381538120856));
#1840=CARTESIAN_POINT('Ctrl Pts',(186.220493237626,-119.646399082479,18.9062633034147));
#1841=CARTESIAN_POINT('Ctrl Pts',(186.351983008471,-119.872350488594,18.8911503387196));
#1842=CARTESIAN_POINT('Ctrl Pts',(186.605882950395,-120.481936540761,18.8715746631342));
#1843=CARTESIAN_POINT('Ctrl Pts',(186.682397472732,-120.886060893752,18.874578790666));
#1844=CARTESIAN_POINT('Ctrl Pts',(186.682397472732,-121.265434041366,18.874578790666));
#1845=CARTESIAN_POINT('',(186.682397472732,-121.265434041366,38.8745787906625));
#1846=CARTESIAN_POINT('',(184.476660260369,-118.372486301746,18.874578790666));
#1847=CARTESIAN_POINT('',(184.476660260369,-118.372486301746,38.8745787906625));
#1848=CARTESIAN_POINT('Ctrl Pts',(184.476660260369,-118.372486301746,18.874578790666));
#1849=CARTESIAN_POINT('Ctrl Pts',(184.842495823657,-118.472926959672,18.874578790666));
#1850=CARTESIAN_POINT('Ctrl Pts',(185.211941822226,-118.653704776206,18.8715746631341));
#1851=CARTESIAN_POINT('Ctrl Pts',(185.732554260635,-119.059935036048,18.8911503387091));
#1852=CARTESIAN_POINT('Ctrl Pts',(185.915630319631,-119.2465543121,18.906263303373));
#1853=CARTESIAN_POINT('Ctrl Pts',(186.068061778531,-119.446476697162,18.9381538119549));
#1854=CARTESIAN_POINT('Origin',(183.682397472732,-130.629144238101,33.874578790666));
#1855=CARTESIAN_POINT('',(186.682397472732,-130.629144238101,33.874578790666));
#1856=CARTESIAN_POINT('',(183.682397472732,-130.629144238101,36.874578790666));
#1857=CARTESIAN_POINT('Origin',(183.682397472732,-132.145474604259,38.8745787906625));
#1858=CARTESIAN_POINT('',(186.068061778535,-133.964431948476,18.9381538120175));
#1859=CARTESIAN_POINT('',(184.476660260369,-135.038422343879,18.874578790666));
#1860=CARTESIAN_POINT('Ctrl Pts',(186.068061778531,-133.964431948463,18.9381538119549));
#1861=CARTESIAN_POINT('Ctrl Pts',(185.915630319631,-134.164354333525,18.906263303373));
#1862=CARTESIAN_POINT('Ctrl Pts',(185.732554260635,-134.350973609577,18.8911503387091));
#1863=CARTESIAN_POINT('Ctrl Pts',(185.211941822226,-134.757203869419,18.8715746631342));
#1864=CARTESIAN_POINT('Ctrl Pts',(184.842495823657,-134.937981685953,18.874578790666));
#1865=CARTESIAN_POINT('Ctrl Pts',(184.476660260369,-135.038422343879,18.874578790666));
#1866=CARTESIAN_POINT('',(184.476660260369,-135.038422343879,38.8745787906625));
#1867=CARTESIAN_POINT('',(186.682397472732,-132.145474604259,18.874578790666));
#1868=CARTESIAN_POINT('',(186.682397472732,-132.145474604259,38.8745787906625));
#1869=CARTESIAN_POINT('Ctrl Pts',(186.682397472732,-132.145474604259,18.874578790666));
#1870=CARTESIAN_POINT('Ctrl Pts',(186.682397472732,-132.524847751873,18.874578790666));
#1871=CARTESIAN_POINT('Ctrl Pts',(186.605882950395,-132.928972104864,18.8715746631342));
#1872=CARTESIAN_POINT('Ctrl Pts',(186.351983008471,-133.538558157031,18.8911503387196));
#1873=CARTESIAN_POINT('Ctrl Pts',(186.220493237626,-133.764509563146,18.9062633034147));
#1874=CARTESIAN_POINT('Ctrl Pts',(186.068061778531,-133.964431948463,18.9381538120856));
#1875=CARTESIAN_POINT('Origin',(149.426587882421,-141.550454322812,33.8745787906635));
#1876=CARTESIAN_POINT('',(149.426587882421,-144.550454322812,18.874578790665));
#1877=CARTESIAN_POINT('',(150.220850670058,-144.443402062433,18.874578790665));
#1878=CARTESIAN_POINT('Origin',(149.426587882421,-141.550454322812,18.8745787906667));
#1879=CARTESIAN_POINT('',(149.426587882421,-144.550454322812,33.8745787906635));
#1880=CARTESIAN_POINT('',(150.220850670058,-144.443402062433,33.8745787906635));
#1881=CARTESIAN_POINT('Origin',(149.03998244461,-141.550454322812,33.874578790665));
#1882=CARTESIAN_POINT('',(144.824533096457,-144.550454322812,33.8745787906649));
#1883=CARTESIAN_POINT('',(143.370975013176,-141.550454322812,36.8745787906648));
#1884=CARTESIAN_POINT('Ctrl Pts',(144.824533096457,-144.550454322812,33.8745787906649));
#1885=CARTESIAN_POINT('Ctrl Pts',(144.686202472682,-144.550454322812,34.2658368791346));
#1886=CARTESIAN_POINT('Ctrl Pts',(144.520897895017,-144.469867325631,34.6767784225548));
#1887=CARTESIAN_POINT('Ctrl Pts',(144.181676968328,-144.149557420676,35.4273696144922));
#1888=CARTESIAN_POINT('Ctrl Pts',(144.008407464162,-143.910103304941,35.7674260836964));
#1889=CARTESIAN_POINT('Ctrl Pts',(143.728506080964,-143.374643335097,36.2825030911368));
#1890=CARTESIAN_POINT('Ctrl Pts',(143.599453995981,-143.049893457652,36.502137236877));
#1891=CARTESIAN_POINT('Ctrl Pts',(143.41988926554,-142.327554922588,36.7983595375416));
#1892=CARTESIAN_POINT('Ctrl Pts',(143.370975013176,-141.929418676485,36.8745787906648));
#1893=CARTESIAN_POINT('Ctrl Pts',(143.370975013175,-141.550454322812,36.8745787906648));
#1894=CARTESIAN_POINT('',(149.039982444609,-141.550454322812,36.874578790665));
#1895=CARTESIAN_POINT('',(149.03998244461,-144.550454322812,33.874578790665));
#1896=CARTESIAN_POINT('Origin',(186.682397472732,-118.978074492328,38.8745787906625));
#1897=CARTESIAN_POINT('',(179.821150476976,-117.094309676642,18.8745787906659));
#1898=CARTESIAN_POINT('Origin',(150.705086957271,-109.100454322997,38.8745787906625));
#1899=CARTESIAN_POINT('',(141.862737360229,-109.100454322997,18.8745787906648));
#1900=CARTESIAN_POINT('Origin',(130.682397472728,-109.100454322997,28.8745787906646));
#1901=CARTESIAN_POINT('',(179.693742215002,-109.100454322997,18.8745787906659));
#1902=CARTESIAN_POINT('Origin',(164.27256741648,-126.825454322905,36.8745787906654));
#1903=CARTESIAN_POINT('',(143.370975013176,-148.800454322812,36.8745787906648));
#1904=CARTESIAN_POINT('Origin',(134.066166605385,-146.800454322812,31.275854715645));
#1905=CARTESIAN_POINT('',(133.236783803296,-146.800454322812,32.3710213361927));
#1906=CARTESIAN_POINT('',(133.129640946154,-145.800454322812,31.376777699973));
#1907=CARTESIAN_POINT('Origin',(133.129640946154,-146.800454322812,31.376777699973));
#1908=CARTESIAN_POINT('',(144.816326044148,-145.800454322812,30.1173833359577));
#1909=CARTESIAN_POINT('',(134.066166605385,-145.800454322812,31.275854715645));
#1910=CARTESIAN_POINT('',(144.92346890129,-146.800454322812,31.1116269721775));
#1911=CARTESIAN_POINT('Origin',(144.816326044148,-146.800454322812,30.1173833359577));
#1912=CARTESIAN_POINT('',(134.173309462527,-146.800454322812,32.2700983518648));
#1913=CARTESIAN_POINT('Origin',(140.985809462595,-146.800454322812,27.2189855928473));
#1914=CARTESIAN_POINT('',(144.923468901433,-146.800454322812,26.6375306091671));
#1915=CARTESIAN_POINT('',(144.816326044292,-145.800454322812,27.6317742453869));
#1916=CARTESIAN_POINT('Origin',(144.816326044292,-146.800454322812,27.6317742453869));
#1917=CARTESIAN_POINT('',(133.129640946154,-145.800454322812,26.3723798813562));
#1918=CARTESIAN_POINT('',(140.985809462595,-145.800454322812,27.2189855928473));
#1919=CARTESIAN_POINT('',(133.236783803296,-146.800454322812,25.3781362451364));
#1920=CARTESIAN_POINT('Origin',(133.129640946154,-146.800454322812,26.3723798813562));
#1921=CARTESIAN_POINT('',(141.092952319737,-146.800454322812,26.2247419566275));
#1922=CARTESIAN_POINT('Origin',(144.682397472728,-146.800454322812,28.8745787906646));
#1923=CARTESIAN_POINT('Origin',(144.682397472728,-146.800454322812,28.8745787906646));
#1924=CARTESIAN_POINT('Origin',(144.682397472728,-145.800454322812,28.8745787906646));
#1925=CARTESIAN_POINT('Origin',(140.985809462595,-146.800454322812,27.2189855928473));
#1926=CARTESIAN_POINT('',(131.057397472728,-146.139016495042,25.3947260638998));
#1927=CARTESIAN_POINT('Ctrl Pts',(133.129640946154,-145.800454322812,26.3723798813562));
#1928=CARTESIAN_POINT('Ctrl Pts',(133.086766101568,-145.800454322812,26.3304466908338));
#1929=CARTESIAN_POINT('Ctrl Pts',(133.042748903966,-145.802513664567,26.2895526340736));
#1930=CARTESIAN_POINT('Ctrl Pts',(132.820625332762,-145.821050563558,26.0936275414178));
#1931=CARTESIAN_POINT('Ctrl Pts',(132.626733694551,-145.861925420012,25.9545664529068));
#1932=CARTESIAN_POINT('Ctrl Pts',(132.005420949313,-146.009214536316,25.5993291623033));
#1933=CARTESIAN_POINT('Ctrl Pts',(131.538843779698,-146.139016495042,25.446608249523));
#1934=CARTESIAN_POINT('Ctrl Pts',(131.057397472723,-146.139016495042,25.3947260638993));
#1935=CARTESIAN_POINT('',(131.084183187014,-146.800454322812,25.1461651548409));
#1936=CARTESIAN_POINT('Origin',(130.977040329872,-146.800454322812,26.1404087910607));
#1937=CARTESIAN_POINT('',(141.092952319737,-146.800454322812,26.2247419566275));
#1938=CARTESIAN_POINT('Origin',(134.066166605385,-146.800454322812,31.275854715645));
#1939=CARTESIAN_POINT('',(131.057397472728,-146.139016495042,32.3544315174294));
#1940=CARTESIAN_POINT('Ctrl Pts',(131.057397472723,-146.139016495042,32.3544315174299));
#1941=CARTESIAN_POINT('Ctrl Pts',(131.538843779698,-146.139016495042,32.3025493318061));
#1942=CARTESIAN_POINT('Ctrl Pts',(132.005420949313,-146.009214536316,32.1498284190259));
#1943=CARTESIAN_POINT('Ctrl Pts',(132.626733694551,-145.861925420012,31.7945911284223));
#1944=CARTESIAN_POINT('Ctrl Pts',(132.820625332762,-145.821050563558,31.6555300399113));
#1945=CARTESIAN_POINT('Ctrl Pts',(133.042748903966,-145.802513664567,31.4596049472555));
#1946=CARTESIAN_POINT('Ctrl Pts',(133.086766101568,-145.800454322812,31.4187108904954));
#1947=CARTESIAN_POINT('Ctrl Pts',(133.129640946154,-145.800454322812,31.3767776999729));
#1948=CARTESIAN_POINT('',(131.084183187014,-146.800454322812,32.6029924264882));
#1949=CARTESIAN_POINT('',(134.173309462527,-146.800454322812,32.2700983518648));
#1950=CARTESIAN_POINT('Origin',(130.977040329872,-146.800454322812,31.6087487902684));
#1951=CARTESIAN_POINT('Origin',(130.682397472728,-146.800454322812,28.8745787906646));
#1952=CARTESIAN_POINT('Origin',(130.682397472728,-146.139016495042,28.8745787906646));
#1953=CARTESIAN_POINT('Origin',(130.682397472728,-146.800454322812,28.8745787906646));
#1954=CARTESIAN_POINT('Origin',(136.932397472737,-145.800454322812,28.8745787906646));
#1955=CARTESIAN_POINT('',(134.182397472724,-145.800454322812,28.8745787906646));
#1956=CARTESIAN_POINT('Origin',(130.682397472728,-145.800454322812,28.8745787906646));
#1957=CARTESIAN_POINT('Origin',(130.682397472728,-145.800454322812,28.8745787906646));
#1958=CARTESIAN_POINT('Origin',(131.084183187014,-148.800454322812,32.6029924264882));
#1959=CARTESIAN_POINT('',(144.92346890129,-148.800454322812,31.1116269721775));
#1960=CARTESIAN_POINT('',(144.92346890129,-148.800454322812,31.1116269721775));
#1961=CARTESIAN_POINT('',(131.084183187014,-148.800454322812,32.6029924264882));
#1962=CARTESIAN_POINT('',(153.123329683451,-148.800454322812,30.2279838887734));
#1963=CARTESIAN_POINT('',(131.084183187014,-148.800454322812,32.6029924264882));
#1964=CARTESIAN_POINT('Origin',(144.682397472728,-148.800454322812,28.8745787906646));
#1965=CARTESIAN_POINT('',(144.923468901433,-148.800454322812,26.6375306091671));
#1966=CARTESIAN_POINT('',(144.923468901433,-148.800454322812,26.6375306091671));
#1967=CARTESIAN_POINT('',(145.682397472727,-148.800454322812,26.8590143535696));
#1968=CARTESIAN_POINT('Origin',(144.682397472728,-148.800454322812,28.8745787906646));
#1969=CARTESIAN_POINT('',(145.682397472726,-148.800454322812,30.8901432277596));
#1970=CARTESIAN_POINT('Origin',(144.682397472728,-149.07500570055,28.8745787906646));
#1971=CARTESIAN_POINT('Origin',(144.682397472728,-148.800454322812,28.8745787906646));
#1972=CARTESIAN_POINT('Origin',(130.682397472728,-148.800454322812,28.8745787906646));
#1973=CARTESIAN_POINT('',(131.084183187014,-148.800454322812,25.1461651548409));
#1974=CARTESIAN_POINT('Origin',(130.682397472728,-148.800454322812,28.8745787906646));
#1975=CARTESIAN_POINT('',(131.084183187014,-148.800454322812,25.1461651548409));
#1976=CARTESIAN_POINT('Origin',(144.923468901433,-148.800454322812,26.6375306091671));
#1977=CARTESIAN_POINT('',(160.042972540661,-148.800454322812,28.2668564197188));
#1978=CARTESIAN_POINT('Origin',(189.7360827962,-136.705454322812,18.8745787906661));
#1979=CARTESIAN_POINT('',(145.682397472727,-148.800454322812,21.8745787906649));
#1980=CARTESIAN_POINT('',(145.682397472727,-148.800454322812,23.8745787906639));
#1981=CARTESIAN_POINT('',(187.476660260369,-137.325781892917,21.8745787906661));
#1982=CARTESIAN_POINT('',(197.001253319078,-134.710791746254,21.8745787906663));
#1983=CARTESIAN_POINT('',(187.476660260369,-137.325781892917,35.8745787906625));
#1984=CARTESIAN_POINT('',(187.476660260369,-137.325781892917,23.8745787906654));
#1985=CARTESIAN_POINT('',(145.682397472726,-148.800454322812,35.8745787906625));
#1986=CARTESIAN_POINT('',(165.933279271352,-143.240546824589,35.8745787906625));
#1987=CARTESIAN_POINT('',(145.682397472727,-148.800454322812,23.8745787906639));
#1988=CARTESIAN_POINT('Origin',(130.682397472728,-104.610454322812,28.8745787906646));
#1989=CARTESIAN_POINT('',(132.932397472728,-108.860454322812,28.8745787906644));
#1990=CARTESIAN_POINT('Origin',(130.682397472728,-108.860454322812,28.8745787906646));
#1991=CARTESIAN_POINT('',(132.932397472728,-104.610454322812,28.8745787906644));
#1992=CARTESIAN_POINT('',(132.932397472728,-104.610454322812,28.8745787906644));
#1993=CARTESIAN_POINT('Origin',(130.682397472728,-104.610454322812,28.8745787906646));
#1994=CARTESIAN_POINT('Origin',(149.830933630626,-144.550454322812,38.8745787906625));
#1995=CARTESIAN_POINT('',(196.206990531441,-131.817844006634,18.8745787906663));
#1996=CARTESIAN_POINT('Origin',(186.682397472732,-134.432834153297,38.8745787906625));
#1997=CARTESIAN_POINT('',(186.682397472732,-141.616644238055,18.874578790666));
#1998=CARTESIAN_POINT('Origin',(208.682397472732,-148.800454322812,18.8745787906667));
#1999=CARTESIAN_POINT('',(141.862737360229,-108.860454322812,18.8745787906667));
#2000=CARTESIAN_POINT('',(141.862737360229,-148.800454322812,18.8745787906667));
#2001=CARTESIAN_POINT('',(130.682397472732,-108.860454322812,18.8745787906645));
#2002=CARTESIAN_POINT('',(147.682397472732,-108.860454322812,18.874578790665));
#2003=CARTESIAN_POINT('',(130.682397472732,-104.610454322812,18.8745787906645));
#2004=CARTESIAN_POINT('',(130.682397472732,-148.800454322812,18.8745787906645));
#2005=CARTESIAN_POINT('',(134.351135149869,-104.610454322812,18.8745787906646));
#2006=CARTESIAN_POINT('',(147.682397472732,-104.610454322812,18.874578790665));
#2007=CARTESIAN_POINT('',(179.821150476976,-117.094309676642,18.8745787906659));
#2008=CARTESIAN_POINT('Origin',(208.682397472732,-148.800454322812,18.8745787906667));
#2009=CARTESIAN_POINT('',(134.351135149869,-148.800454322812,18.8745787906646));
#2010=CARTESIAN_POINT('',(196.206990531441,-131.817844006634,18.8745787906663));
#2011=CARTESIAN_POINT('',(130.682397472732,-148.800454322812,18.8745787906645));
#2012=CARTESIAN_POINT('',(130.682397472732,-148.800454322812,18.8745787906645));
#2013=CARTESIAN_POINT('',(130.682397472732,-144.550454322812,18.8745787906645));
#2014=CARTESIAN_POINT('',(130.682397472732,-148.800454322812,18.8745787906645));
#2015=CARTESIAN_POINT('',(130.682397472732,-144.550454322812,18.8745787906645));
#2016=CARTESIAN_POINT('Origin',(130.682397472728,-148.800454322812,28.8745787906646));
#2017=CARTESIAN_POINT('',(141.862737360229,-144.550454322812,38.8745787906625));
#2018=CARTESIAN_POINT('Origin',(130.682397472728,-144.550454322812,28.8745787906646));
#2019=CARTESIAN_POINT('',(141.862737360229,-108.860454322812,38.8745787906625));
#2020=CARTESIAN_POINT('',(141.862737360229,-148.800454322812,38.8745787906625));
#2021=CARTESIAN_POINT('Origin',(130.682397472728,-108.860454322812,28.8745787906646));
#2022=CARTESIAN_POINT('Origin',(133.807397472739,-144.550454322812,28.8745787906646));
#2023=CARTESIAN_POINT('',(130.682397472734,-144.550454322812,38.8745787906646));
#2024=CARTESIAN_POINT('Origin',(130.682397472732,-144.550454322812,28.8745787906646));
#2025=CARTESIAN_POINT('',(208.682397472732,-144.550454322812,38.8745787906625));
#2026=CARTESIAN_POINT('',(134.182397472724,-144.550454322812,28.8745787906646));
#2027=CARTESIAN_POINT('Origin',(130.682397472728,-144.550454322812,28.8745787906646));
#2028=CARTESIAN_POINT('Origin',(198.682397472732,-126.705454322812,28.8745787906647));
#2029=CARTESIAN_POINT('',(198.682397472732,-116.705454322812,28.8745787906647));
#2030=CARTESIAN_POINT('',(198.682397472732,-126.705454322812,18.8745787906647));
#2031=CARTESIAN_POINT('Origin',(198.682397472732,-126.705454322812,28.8745787906647));
#2032=CARTESIAN_POINT('Origin',(198.682397472732,-126.705454322812,28.8745787906647));
#2033=CARTESIAN_POINT('',(208.682397472732,-126.705454322812,28.8745787906647));
#2034=CARTESIAN_POINT('Origin',(198.682397472732,-126.705454322812,28.8745787906647));
#2035=CARTESIAN_POINT('Origin',(208.682397472732,-126.705454322812,28.8745787906647));
#2036=CARTESIAN_POINT('',(189.682397472732,-126.705454322812,18.8745787906647));
#2037=CARTESIAN_POINT('',(208.682397472732,-126.705454322812,18.8745787906647));
#2038=CARTESIAN_POINT('',(192.364923108085,-123.089541194437,19.5512117889832));
#2039=CARTESIAN_POINT('Ctrl Pts',(192.364923108085,-123.089541194437,19.5512117889832));
#2040=CARTESIAN_POINT('Ctrl Pts',(192.362557448476,-123.091078842007,19.5506154378975));
#2041=CARTESIAN_POINT('Ctrl Pts',(192.357903074859,-123.094180879449,19.549413242861));
#2042=CARTESIAN_POINT('Ctrl Pts',(192.348755265411,-123.100438549593,19.5469916906722));
#2043=CARTESIAN_POINT('Ctrl Pts',(192.333072560266,-123.111497499199,19.5427217828255));
#2044=CARTESIAN_POINT('Ctrl Pts',(192.302621922841,-123.133910927246,19.5341071064492));
#2045=CARTESIAN_POINT('Ctrl Pts',(192.260878268994,-123.166525699469,19.5216873041942));
#2046=CARTESIAN_POINT('Ctrl Pts',(192.21274681522,-123.206231073031,19.5067593321746));
#2047=CARTESIAN_POINT('Ctrl Pts',(192.119629882113,-123.286588866534,19.4769369148492));
#2048=CARTESIAN_POINT('Ctrl Pts',(191.989181483279,-123.409912343642,19.4326624870515));
#2049=CARTESIAN_POINT('Ctrl Pts',(191.854229962261,-123.550178249942,19.385085468887));
#2050=CARTESIAN_POINT('Ctrl Pts',(191.75069159574,-123.66401111879,19.3481778403121));
#2051=CARTESIAN_POINT('Ctrl Pts',(191.599312360619,-123.836155690561,19.2940644600212));
#2052=CARTESIAN_POINT('Ctrl Pts',(191.384644350487,-124.099594385339,19.2177543710795));
#2053=CARTESIAN_POINT('Ctrl Pts',(191.029625835288,-124.5751917807,19.09869677293));
#2054=CARTESIAN_POINT('Ctrl Pts',(190.618145933664,-125.183858208858,18.9815965740684));
#2055=CARTESIAN_POINT('Ctrl Pts',(190.151417356011,-125.92875892778,18.8953662257089));
#2056=CARTESIAN_POINT('Ctrl Pts',(189.849467927151,-126.42872622026,18.8752957157614));
#2057=CARTESIAN_POINT('Ctrl Pts',(189.693352430852,-126.687308513817,18.8745911202154));
#2058=CARTESIAN_POINT('Ctrl Pts',(189.687874989744,-126.696381373062,18.8745787906647));
#2059=CARTESIAN_POINT('Ctrl Pts',(189.682397472732,-126.705454322812,18.8745787906647));
#2060=CARTESIAN_POINT('',(192.819978428591,-122.792856940289,19.6717758631719));
#2061=CARTESIAN_POINT('Ctrl Pts',(192.819978428591,-122.792856940289,19.6717758631719));
#2062=CARTESIAN_POINT('Ctrl Pts',(192.669012641268,-122.891597430369,19.6297960678769));
#2063=CARTESIAN_POINT('Ctrl Pts',(192.517264951028,-122.990521004182,19.5896151260881));
#2064=CARTESIAN_POINT('Ctrl Pts',(192.364923108075,-123.089541194443,19.5512117889807));
#2065=CARTESIAN_POINT('',(193.552929434414,-117.354630263349,25.3302749931665));
#2066=CARTESIAN_POINT('Ctrl Pts',(193.552929434414,-117.354630263349,25.3302749931665));
#2067=CARTESIAN_POINT('Ctrl Pts',(194.325848953955,-117.604971926792,24.6698065391747));
#2068=CARTESIAN_POINT('Ctrl Pts',(195.358856900058,-118.306610013735,23.2761986575624));
#2069=CARTESIAN_POINT('Ctrl Pts',(195.526098765778,-120.174447443018,21.0914728536893));
#2070=CARTESIAN_POINT('Ctrl Pts',(194.207982258135,-121.885020927948,20.0577448808322));
#2071=CARTESIAN_POINT('Ctrl Pts',(192.81997842859,-122.792856940289,19.6717758631718));
#2072=CARTESIAN_POINT('',(193.552929434413,-117.354630263349,32.4188825881625));
#2073=CARTESIAN_POINT('Ctrl Pts',(193.552929434413,-117.354630263349,32.4188825881625));
#2074=CARTESIAN_POINT('Ctrl Pts',(193.197206180248,-117.239414708662,32.1149130521574));
#2075=CARTESIAN_POINT('Ctrl Pts',(192.495811463406,-117.037857786396,31.494584713887));
#2076=CARTESIAN_POINT('Ctrl Pts',(191.560672143839,-116.821994960393,30.5074792925854));
#2077=CARTESIAN_POINT('Ctrl Pts',(190.900132524913,-116.700376227767,29.4405946747925));
#2078=CARTESIAN_POINT('Ctrl Pts',(190.913451945924,-116.701549361181,27.9283404616776));
#2079=CARTESIAN_POINT('Ctrl Pts',(192.168267026259,-116.939092064275,26.559861920798));
#2080=CARTESIAN_POINT('Ctrl Pts',(193.197206180248,-117.239414708663,25.6342445291716));
#2081=CARTESIAN_POINT('Ctrl Pts',(193.552929434414,-117.354630263349,25.3302749931665));
#2082=CARTESIAN_POINT('',(194.937448429322,-120.707053500176,36.8729187069395));
#2083=CARTESIAN_POINT('Ctrl Pts',(194.937448429322,-120.707053500176,36.8729187069395));
#2084=CARTESIAN_POINT('Ctrl Pts',(195.273640937007,-120.140087091375,36.4474920229444));
#2085=CARTESIAN_POINT('Ctrl Pts',(195.652797889642,-118.702758517082,35.1166189079696));
#2086=CARTESIAN_POINT('Ctrl Pts',(194.712308713723,-117.730142758513,33.4095852691489));
#2087=CARTESIAN_POINT('Ctrl Pts',(193.552929434413,-117.354630263349,32.4188825881624));
#2088=CARTESIAN_POINT('',(192.819978428601,-122.792856940281,38.0773817181542));
#2089=CARTESIAN_POINT('Ctrl Pts',(192.8199784286,-122.792856940281,38.0773817181542));
#2090=CARTESIAN_POINT('Ctrl Pts',(193.74531431496,-122.187632932054,37.8200690397135));
#2091=CARTESIAN_POINT('Ctrl Pts',(194.46703444682,-121.461058785046,37.4262558771328));
#2092=CARTESIAN_POINT('Ctrl Pts',(194.901178775408,-120.768219870508,36.9188152639468));
#2093=CARTESIAN_POINT('Ctrl Pts',(194.937448429322,-120.707053500176,36.8729187069395));
#2094=CARTESIAN_POINT('',(192.364923108084,-123.089541194437,38.197945792346));
#2095=CARTESIAN_POINT('Ctrl Pts',(192.364923108074,-123.089541194443,38.1979457923483));
#2096=CARTESIAN_POINT('Ctrl Pts',(192.517264951031,-122.990521004179,38.15954245524));
#2097=CARTESIAN_POINT('Ctrl Pts',(192.669012641275,-122.891597430364,38.1193615134503));
#2098=CARTESIAN_POINT('Ctrl Pts',(192.819978428601,-122.792856940281,38.0773817181542));
#2099=CARTESIAN_POINT('',(189.682397472732,-126.705454322812,38.8745787906647));
#2100=CARTESIAN_POINT('Ctrl Pts',(189.682397472732,-126.705454322812,38.8745787906647));
#2101=CARTESIAN_POINT('Ctrl Pts',(189.687874594517,-126.696382027215,38.8745787906647));
#2102=CARTESIAN_POINT('Ctrl Pts',(189.693351622431,-126.687310153478,38.8745665667532));
#2103=CARTESIAN_POINT('Ctrl Pts',(189.849467907414,-126.428714062601,38.8738575776527));
#2104=CARTESIAN_POINT('Ctrl Pts',(190.151461392257,-125.928890155961,38.8538394706746));
#2105=CARTESIAN_POINT('Ctrl Pts',(190.618172273342,-125.183603850719,38.7674831778967));
#2106=CARTESIAN_POINT('Ctrl Pts',(191.111912190962,-124.454204387235,38.6272805945303));
#2107=CARTESIAN_POINT('Ctrl Pts',(191.521127854503,-123.921622061231,38.4832610048385));
#2108=CARTESIAN_POINT('Ctrl Pts',(191.827228746216,-123.578177405805,38.3735658828983));
#2109=CARTESIAN_POINT('Ctrl Pts',(191.962165779633,-123.43797753701,38.3260141934266));
#2110=CARTESIAN_POINT('Ctrl Pts',(192.076177061499,-123.327706548285,38.2869829983577));
#2111=CARTESIAN_POINT('Ctrl Pts',(192.165551475258,-123.24622376841,38.2573394362171));
#2112=CARTESIAN_POINT('Ctrl Pts',(192.244185500165,-123.179572177822,38.2324383812324));
#2113=CARTESIAN_POINT('Ctrl Pts',(192.302618822256,-123.133910975113,38.2150504616413));
#2114=CARTESIAN_POINT('Ctrl Pts',(192.333072831811,-123.111497551777,38.2064358174821));
#2115=CARTESIAN_POINT('Ctrl Pts',(192.348755164045,-123.100438569025,38.2021658962123));
#2116=CARTESIAN_POINT('Ctrl Pts',(192.357902751247,-123.094180779769,38.1997442995981));
#2117=CARTESIAN_POINT('Ctrl Pts',(192.362557447239,-123.091078842809,38.1985421437431));
#2118=CARTESIAN_POINT('Ctrl Pts',(192.364923108084,-123.089541194437,38.197945792346));
#2119=CARTESIAN_POINT('',(192.364923108084,-130.321367451188,38.197945792346));
#2120=CARTESIAN_POINT('Ctrl Pts',(192.364923108084,-130.321367451188,38.197945792346));
#2121=CARTESIAN_POINT('Ctrl Pts',(192.362557447239,-130.319829802816,38.1985421437431));
#2122=CARTESIAN_POINT('Ctrl Pts',(192.3579030709,-130.316727763897,38.1997443393581));
#2123=CARTESIAN_POINT('Ctrl Pts',(192.348755254348,-130.310470091727,38.2021658923936));
#2124=CARTESIAN_POINT('Ctrl Pts',(192.333072541141,-130.299411136173,38.2064358025061));
#2125=CARTESIAN_POINT('Ctrl Pts',(192.302621849689,-130.276997717013,38.2150504764847));
#2126=CARTESIAN_POINT('Ctrl Pts',(192.260878173117,-130.244382925229,38.2274702856447));
#2127=CARTESIAN_POINT('Ctrl Pts',(192.212746555498,-130.204677610746,38.242398239094));
#2128=CARTESIAN_POINT('Ctrl Pts',(192.119629797281,-130.124319629999,38.2722207172726));
#2129=CARTESIAN_POINT('Ctrl Pts',(191.989178045674,-130.00099799153,38.3164945465654));
#2130=CARTESIAN_POINT('Ctrl Pts',(191.854238423964,-129.86072480031,38.3640739153896));
#2131=CARTESIAN_POINT('Ctrl Pts',(191.750696659422,-129.746893874281,38.4009809112666));
#2132=CARTESIAN_POINT('Ctrl Pts',(191.599318223447,-129.574748597314,38.4550945047193));
#2133=CARTESIAN_POINT('Ctrl Pts',(191.384647115857,-129.311311454724,38.5314040711757));
#2134=CARTESIAN_POINT('Ctrl Pts',(191.029627166024,-128.835713961855,38.6504616015903));
#2135=CARTESIAN_POINT('Ctrl Pts',(190.618145144334,-128.227048027785,38.7675615094993));
#2136=CARTESIAN_POINT('Ctrl Pts',(190.15141606195,-127.482147102911,38.8537916679301));
#2137=CARTESIAN_POINT('Ctrl Pts',(189.84946674897,-126.982180477972,38.8738619372151));
#2138=CARTESIAN_POINT('Ctrl Pts',(189.693351642397,-126.723598825957,38.8745664625171));
#2139=CARTESIAN_POINT('Ctrl Pts',(189.687874594517,-126.714526618414,38.8745787906647));
#2140=CARTESIAN_POINT('Ctrl Pts',(189.682397472732,-126.705454322812,38.8745787906647));
#2141=CARTESIAN_POINT('',(192.819978428589,-130.618051705336,38.0773817181574));
#2142=CARTESIAN_POINT('Ctrl Pts',(192.819978428589,-130.618051705336,38.0773817181574));
#2143=CARTESIAN_POINT('Ctrl Pts',(192.669012641267,-130.519311215256,38.1193615134524));
#2144=CARTESIAN_POINT('Ctrl Pts',(192.517264951027,-130.420387641444,38.1595424552411));
#2145=CARTESIAN_POINT('Ctrl Pts',(192.364923108074,-130.321367451182,38.1979457923484));
#2146=CARTESIAN_POINT('',(194.939093623394,-132.702005730926,36.8710825975485));
#2147=CARTESIAN_POINT('Ctrl Pts',(194.939093623394,-132.702005730926,36.8710825975484));
#2148=CARTESIAN_POINT('Ctrl Pts',(194.531723448632,-132.01025854226,37.3869887519365));
#2149=CARTESIAN_POINT('Ctrl Pts',(193.835749735113,-131.282425788993,37.7949212198494));
#2150=CARTESIAN_POINT('Ctrl Pts',(192.819978428589,-130.618051705336,38.0773817181575));
#2151=CARTESIAN_POINT('',(193.552929434413,-136.056278382276,32.4188825881625));
#2152=CARTESIAN_POINT('Ctrl Pts',(193.552929434413,-136.056278382276,32.4188825881625));
#2153=CARTESIAN_POINT('Ctrl Pts',(194.325848953954,-135.805936718833,33.0793510421542));
#2154=CARTESIAN_POINT('Ctrl Pts',(195.358866361624,-135.104281703779,34.4729458656455));
#2155=CARTESIAN_POINT('Ctrl Pts',(195.473659530381,-133.822259356635,35.9724533124329));
#2156=CARTESIAN_POINT('Ctrl Pts',(195.088375678302,-132.955498618228,36.682027198704));
#2157=CARTESIAN_POINT('Ctrl Pts',(194.939093623394,-132.702005730926,36.8710825975484));
#2158=CARTESIAN_POINT('',(193.552929434414,-136.056278382276,25.3302749931665));
#2159=CARTESIAN_POINT('Ctrl Pts',(193.552929434414,-136.056278382276,25.3302749931665));
#2160=CARTESIAN_POINT('Ctrl Pts',(193.197206180248,-136.171493936962,25.6342445291716));
#2161=CARTESIAN_POINT('Ctrl Pts',(192.495814149611,-136.373050716733,26.2545741362871));
#2162=CARTESIAN_POINT('Ctrl Pts',(191.560673617156,-136.588913663267,27.2416797825837));
#2163=CARTESIAN_POINT('Ctrl Pts',(190.900135496841,-136.710532322325,28.3085654823381));
#2164=CARTESIAN_POINT('Ctrl Pts',(190.913449522514,-136.709359609861,29.8208186075838));
#2165=CARTESIAN_POINT('Ctrl Pts',(192.168266355165,-136.471816730827,31.1892968824261));
#2166=CARTESIAN_POINT('Ctrl Pts',(193.197206180248,-136.171493936962,32.1149130521574));
#2167=CARTESIAN_POINT('Ctrl Pts',(193.552929434413,-136.056278382276,32.4188825881625));
#2168=CARTESIAN_POINT('',(192.819978428602,-130.618051705344,19.6717758631752));
#2169=CARTESIAN_POINT('Ctrl Pts',(192.819978428602,-130.618051705344,19.6717758631752));
#2170=CARTESIAN_POINT('Ctrl Pts',(193.745314314962,-131.223275713571,19.929088541616));
#2171=CARTESIAN_POINT('Ctrl Pts',(195.060668338535,-132.547475220381,20.6468237829795));
#2172=CARTESIAN_POINT('Ctrl Pts',(195.690916530261,-134.668728985809,22.5633537012682));
#2173=CARTESIAN_POINT('Ctrl Pts',(194.712308713724,-135.680765887112,24.3395723121802));
#2174=CARTESIAN_POINT('Ctrl Pts',(193.552929434414,-136.056278382276,25.3302749931664));
#2175=CARTESIAN_POINT('',(192.364923108084,-130.321367451188,19.5512117889832));
#2176=CARTESIAN_POINT('Ctrl Pts',(192.364923108074,-130.321367451181,19.5512117889806));
#2177=CARTESIAN_POINT('Ctrl Pts',(192.517264951032,-130.420387641446,19.5896151260891));
#2178=CARTESIAN_POINT('Ctrl Pts',(192.669012641276,-130.519311215261,19.6297960678789));
#2179=CARTESIAN_POINT('Ctrl Pts',(192.819978428602,-130.618051705344,19.6717758631752));
#2180=CARTESIAN_POINT('Ctrl Pts',(189.682397472732,-126.705454322812,18.8745787906647));
#2181=CARTESIAN_POINT('Ctrl Pts',(189.687874989743,-126.714527272561,18.8745787906647));
#2182=CARTESIAN_POINT('Ctrl Pts',(189.693352388972,-126.723600132943,18.8745911302297));
#2183=CARTESIAN_POINT('Ctrl Pts',(189.849469895596,-126.982182409045,18.8752952623122));
#2184=CARTESIAN_POINT('Ctrl Pts',(190.151426307047,-127.482147881817,18.8953626974587));
#2185=CARTESIAN_POINT('Ctrl Pts',(190.618241872429,-128.227101681592,18.9816023063846));
#2186=CARTESIAN_POINT('Ctrl Pts',(191.029548131756,-128.835677108456,19.0986938781327));
#2187=CARTESIAN_POINT('Ctrl Pts',(191.384642108473,-129.311313186708,19.2177544189023));
#2188=CARTESIAN_POINT('Ctrl Pts',(191.599307977214,-129.574745159871,19.2940627238067));
#2189=CARTESIAN_POINT('Ctrl Pts',(191.750689055108,-129.746892629639,19.3481765374251));
#2190=CARTESIAN_POINT('Ctrl Pts',(191.854234672795,-129.860723250097,19.3850832054039));
#2191=CARTESIAN_POINT('Ctrl Pts',(191.989164044113,-130.000997829971,19.4326632184978));
#2192=CARTESIAN_POINT('Ctrl Pts',(192.134126647608,-130.138018494647,19.4818548147306));
#2193=CARTESIAN_POINT('Ctrl Pts',(192.244181147652,-130.231337377205,19.5167196208798));
#2194=CARTESIAN_POINT('Ctrl Pts',(192.302619844967,-130.276997492485,19.5341070241596));
#2195=CARTESIAN_POINT('Ctrl Pts',(192.333072708774,-130.299411131952,19.5427217799277));
#2196=CARTESIAN_POINT('Ctrl Pts',(192.348755206516,-130.310470075203,19.5469916834124));
#2197=CARTESIAN_POINT('Ctrl Pts',(192.357902747451,-130.316727869602,19.5494132831204));
#2198=CARTESIAN_POINT('Ctrl Pts',(192.362557448476,-130.319829803618,19.5506154378975));
#2199=CARTESIAN_POINT('Ctrl Pts',(192.364923108084,-130.321367451188,19.5512117889832));
#2200=CARTESIAN_POINT('Ctrl Pts',(193.552929434413,-117.354630263349,32.4188825881624));
#2201=CARTESIAN_POINT('Ctrl Pts',(194.712308713723,-117.730142758513,33.4095852691489));
#2202=CARTESIAN_POINT('Ctrl Pts',(195.690915847065,-118.742178562547,35.185804856337));
#2203=CARTESIAN_POINT('Ctrl Pts',(195.060667953601,-120.863432725047,37.1023343479977));
#2204=CARTESIAN_POINT('Ctrl Pts',(193.74531431496,-122.187632932054,37.8200690397135));
#2205=CARTESIAN_POINT('Ctrl Pts',(192.8199784286,-122.792856940281,38.0773817181542));
#2206=CARTESIAN_POINT('Ctrl Pts',(191.666104858755,-117.725163735398,33.3964492707147));
#2207=CARTESIAN_POINT('Ctrl Pts',(192.484335296252,-118.109909423435,34.0941272664876));
#2208=CARTESIAN_POINT('Ctrl Pts',(193.150180237719,-118.944238866653,35.2766237629708));
#2209=CARTESIAN_POINT('Ctrl Pts',(192.721938739457,-120.367695733184,36.681615106824));
#2210=CARTESIAN_POINT('Ctrl Pts',(191.804901008532,-121.268712108516,37.3429612955107));
#2211=CARTESIAN_POINT('Ctrl Pts',(191.146153036463,-121.695452902723,37.61081732481));
#2212=CARTESIAN_POINT('Ctrl Pts',(189.785256107524,-117.401638178979,34.6335487771232));
#2213=CARTESIAN_POINT('Ctrl Pts',(190.265662963987,-117.710904711118,35.1547131961733));
#2214=CARTESIAN_POINT('Ctrl Pts',(190.62501343966,-118.341343352503,36.0003425349346));
#2215=CARTESIAN_POINT('Ctrl Pts',(190.394637893099,-119.35439561642,37.0246819002214));
#2216=CARTESIAN_POINT('Ctrl Pts',(189.870855441905,-120.016623744525,37.5449220436611));
#2217=CARTESIAN_POINT('Ctrl Pts',(189.476704132483,-120.338542279444,37.762606091747));
#2218=CARTESIAN_POINT('Ctrl Pts',(188.298993228422,-116.450898565986,35.8745787906766));
#2219=CARTESIAN_POINT('Ctrl Pts',(188.571788352965,-116.625401431385,36.3349641541939));
#2220=CARTESIAN_POINT('Ctrl Pts',(188.802048854928,-117.095700422672,37.1603838447107));
#2221=CARTESIAN_POINT('Ctrl Pts',(188.653755232936,-118.081459709951,38.0510063731883));
#2222=CARTESIAN_POINT('Ctrl Pts',(188.344260259139,-118.69682333556,38.3845419063974));
#2223=CARTESIAN_POINT('Ctrl Pts',(188.12653416823,-118.978074492325,38.5041166216729));
#2224=CARTESIAN_POINT('',(188.681148870104,-116.976826668672,36.8745787906179));
#2225=CARTESIAN_POINT('',(188.126534168232,-118.978074492326,38.5041166216722));
#2226=CARTESIAN_POINT('Ctrl Pts',(188.68173203752,-116.978545691285,36.873280744815));
#2227=CARTESIAN_POINT('Ctrl Pts',(188.707129179784,-117.069632120802,37.0053180074493));
#2228=CARTESIAN_POINT('Ctrl Pts',(188.756822631874,-117.396334858632,37.4320037066359));
#2229=CARTESIAN_POINT('Ctrl Pts',(188.653755232936,-118.081459709951,38.0510063731883));
#2230=CARTESIAN_POINT('Ctrl Pts',(188.344260259139,-118.69682333556,38.3845419063974));
#2231=CARTESIAN_POINT('Ctrl Pts',(188.12653416823,-118.978074492325,38.5041166216729));
#2232=CARTESIAN_POINT('Origin',(192.819978428601,-118.978074492313,47.0501145724564));
#2233=CARTESIAN_POINT('',(188.298993228422,-116.450898565986,35.8745787906927));
#2234=CARTESIAN_POINT('Origin',(193.552929434413,-108.237576805372,35.8745787907229));
#2235=CARTESIAN_POINT('Ctrl Pts',(188.298993228422,-116.450898565986,35.8745787906766));
#2236=CARTESIAN_POINT('Ctrl Pts',(188.493118124904,-116.575077290727,36.2021955733604));
#2237=CARTESIAN_POINT('Ctrl Pts',(188.619062616897,-116.753782853591,36.5474685465747));
#2238=CARTESIAN_POINT('Ctrl Pts',(188.68173203752,-116.978545691285,36.873280744815));
#2239=CARTESIAN_POINT('Origin',(186.682397472732,-118.978074492328,35.8745787906625));
#2240=CARTESIAN_POINT('',(186.682397472732,-118.978074492328,38.8745787906625));
#2241=CARTESIAN_POINT('',(187.476660260369,-116.085126752708,35.8745787906625));
#2242=CARTESIAN_POINT('Origin',(186.682397472732,-118.978074492328,35.8745787906625));
#2243=CARTESIAN_POINT('Origin',(186.682397472732,-118.978074492328,35.8745787906625));
#2244=CARTESIAN_POINT('Origin',(186.682397472732,-118.978074492328,35.8745787906625));
#2245=CARTESIAN_POINT('Origin',(148.753176429249,-108.564554598307,35.8745787906625));
#2246=CARTESIAN_POINT('',(145.682397472726,-104.610454322812,35.8745787906625));
#2247=CARTESIAN_POINT('',(134.351135149869,-104.610454322812,38.8745787906625));
#2248=CARTESIAN_POINT('Origin',(134.351135149869,-104.610454322812,35.8745787906625));
#2249=CARTESIAN_POINT('',(148.753176429249,-108.564554598307,38.8745787906625));
#2250=CARTESIAN_POINT('',(149.547439216886,-105.671606858687,35.8745787906625));
#2251=CARTESIAN_POINT('Origin',(164.682397472732,-104.610454322812,28.8745787906646));
#2252=CARTESIAN_POINT('',(130.682397472734,-104.610454322812,38.8745787906646));
#2253=CARTESIAN_POINT('Origin',(130.682397472732,-104.610454322812,28.8745787906646));
#2254=CARTESIAN_POINT('',(186.682397472732,-104.610454322812,38.8745787906625));
#2255=CARTESIAN_POINT('',(145.682397472727,-104.610454322812,21.8745787906649));
#2256=CARTESIAN_POINT('',(145.682397472727,-104.610454322812,23.8745787906645));
#2257=CARTESIAN_POINT('Origin',(134.351135149869,-104.610454322812,21.8745787906646));
#2258=CARTESIAN_POINT('Origin',(130.682397472732,-148.800454322812,28.8745787906646));
#2259=CARTESIAN_POINT('',(130.682397472734,-108.860454322812,38.8745787906646));
#2260=CARTESIAN_POINT('Origin',(130.682397472732,-108.860454322812,28.8745787906646));
#2261=CARTESIAN_POINT('',(130.682397472734,-148.800454322812,38.8745787906646));
#2262=CARTESIAN_POINT('Ctrl Pts',(193.552929434414,-117.354630263349,25.3302749931665));
#2263=CARTESIAN_POINT('Ctrl Pts',(193.197206180248,-117.239414708663,25.6342445291716));
#2264=CARTESIAN_POINT('Ctrl Pts',(192.168267026259,-116.939092064275,26.559861920798));
#2265=CARTESIAN_POINT('Ctrl Pts',(190.913451945924,-116.701549361181,27.9283404616776));
#2266=CARTESIAN_POINT('Ctrl Pts',(190.900132524913,-116.700376227767,29.4405946747925));
#2267=CARTESIAN_POINT('Ctrl Pts',(191.560672143839,-116.821994960393,30.5074792925854));
#2268=CARTESIAN_POINT('Ctrl Pts',(192.495811463406,-117.037857786396,31.494584713887));
#2269=CARTESIAN_POINT('Ctrl Pts',(193.197206180248,-117.239414708662,32.1149130521574));
#2270=CARTESIAN_POINT('Ctrl Pts',(193.552929434413,-117.354630263349,32.4188825881625));
#2271=CARTESIAN_POINT('Ctrl Pts',(191.666104858754,-117.725163735404,24.352708310599));
#2272=CARTESIAN_POINT('Ctrl Pts',(191.426936692429,-117.549287698509,24.7168812673063));
#2273=CARTESIAN_POINT('Ctrl Pts',(190.72047799382,-117.08142638595,25.8541743529509));
#2274=CARTESIAN_POINT('Ctrl Pts',(189.815500810913,-116.694520863417,27.6298291673935));
#2275=CARTESIAN_POINT('Ctrl Pts',(189.805772719012,-116.6930440274,29.619222218006));
#2276=CARTESIAN_POINT('Ctrl Pts',(190.282542190271,-116.890388428211,31.0108277523082));
#2277=CARTESIAN_POINT('Ctrl Pts',(190.944618949602,-117.235567110908,32.2694088458258));
#2278=CARTESIAN_POINT('Ctrl Pts',(191.426936692429,-117.549287698508,33.0322763140226));
#2279=CARTESIAN_POINT('Ctrl Pts',(191.666104858754,-117.725163735404,33.3964492707298));
#2280=CARTESIAN_POINT('Ctrl Pts',(189.785256107522,-117.401638178985,23.1156088041731));
#2281=CARTESIAN_POINT('Ctrl Pts',(189.660476090139,-117.250767590201,23.5970762741774));
#2282=CARTESIAN_POINT('Ctrl Pts',(189.272746496078,-116.846329514772,25.0785668276789));
#2283=CARTESIAN_POINT('Ctrl Pts',(188.717120033736,-116.506354781339,27.3178228796207));
#2284=CARTESIAN_POINT('Ctrl Pts',(188.710930570363,-116.505160135377,29.8058794764743));
#2285=CARTESIAN_POINT('Ctrl Pts',(189.004295722081,-116.678380744734,31.555214057706));
#2286=CARTESIAN_POINT('Ctrl Pts',(189.394693750132,-116.979632072474,33.1588810811979));
#2287=CARTESIAN_POINT('Ctrl Pts',(189.660476090139,-117.250767590201,34.1520813071513));
#2288=CARTESIAN_POINT('Ctrl Pts',(189.785256107522,-117.401638178985,34.6335487771556));
#2289=CARTESIAN_POINT('Ctrl Pts',(188.298993228422,-116.450898565986,21.8745787906056));
#2290=CARTESIAN_POINT('Ctrl Pts',(188.215293639206,-116.397357219984,22.4749186242158));
#2291=CARTESIAN_POINT('Ctrl Pts',(187.973190308856,-116.257795520534,24.3030129726779));
#2292=CARTESIAN_POINT('Ctrl Pts',(187.677939701719,-116.147408029096,27.0057580909149));
#2293=CARTESIAN_POINT('Ctrl Pts',(187.674805720304,-116.146862867097,29.9924601618171));
#2294=CARTESIAN_POINT('Ctrl Pts',(187.83022680711,-116.203379807553,32.0995572819581));
#2295=CARTESIAN_POINT('Ctrl Pts',(188.050259588185,-116.303692532578,34.0490904890287));
#2296=CARTESIAN_POINT('Ctrl Pts',(188.215293639206,-116.397357219984,35.2742389571128));
#2297=CARTESIAN_POINT('Ctrl Pts',(188.298993228422,-116.450898565986,35.8745787907228));
#2298=CARTESIAN_POINT('',(188.298993228422,-116.450898565986,21.8745787906359));
#2299=CARTESIAN_POINT('Origin',(193.552929434414,-108.237576805372,21.8745787906057));
#2300=CARTESIAN_POINT('Ctrl Pts',(188.298993228422,-116.450898565986,21.8745787906056));
#2301=CARTESIAN_POINT('Ctrl Pts',(188.215293639206,-116.397357219984,22.4749186242158));
#2302=CARTESIAN_POINT('Ctrl Pts',(187.973190308856,-116.257795520534,24.3030129726779));
#2303=CARTESIAN_POINT('Ctrl Pts',(187.677939701719,-116.147408029096,27.0057580909149));
#2304=CARTESIAN_POINT('Ctrl Pts',(187.674805720304,-116.146862867097,29.9924601618171));
#2305=CARTESIAN_POINT('Ctrl Pts',(187.83022680711,-116.203379807553,32.0995572819581));
#2306=CARTESIAN_POINT('Ctrl Pts',(188.050259588185,-116.303692532578,34.0490904890287));
#2307=CARTESIAN_POINT('Ctrl Pts',(188.215293639206,-116.397357219984,35.2742389571128));
#2308=CARTESIAN_POINT('Ctrl Pts',(188.298993228422,-116.450898565986,35.8745787907228));
#2309=CARTESIAN_POINT('Ctrl Pts',(192.364923108084,-130.321367451188,19.5512117889832));
#2310=CARTESIAN_POINT('Ctrl Pts',(192.362557448476,-130.319829803618,19.5506154378975));
#2311=CARTESIAN_POINT('Ctrl Pts',(192.357902747451,-130.316727869602,19.5494132831204));
#2312=CARTESIAN_POINT('Ctrl Pts',(192.348755206516,-130.310470075203,19.5469916834124));
#2313=CARTESIAN_POINT('Ctrl Pts',(192.333072708774,-130.299411131952,19.5427217799277));
#2314=CARTESIAN_POINT('Ctrl Pts',(192.302619844967,-130.276997492485,19.5341070241596));
#2315=CARTESIAN_POINT('Ctrl Pts',(192.244181147652,-130.231337377205,19.5167196208798));
#2316=CARTESIAN_POINT('Ctrl Pts',(192.134126647608,-130.138018494647,19.4818548147306));
#2317=CARTESIAN_POINT('Ctrl Pts',(191.989164044113,-130.000997829971,19.4326632184978));
#2318=CARTESIAN_POINT('Ctrl Pts',(191.854234672795,-129.860723250097,19.3850832054039));
#2319=CARTESIAN_POINT('Ctrl Pts',(191.750689055108,-129.746892629639,19.3481765374251));
#2320=CARTESIAN_POINT('Ctrl Pts',(191.599307977214,-129.574745159871,19.2940627238067));
#2321=CARTESIAN_POINT('Ctrl Pts',(191.384642108473,-129.311313186708,19.2177544189023));
#2322=CARTESIAN_POINT('Ctrl Pts',(191.029548131756,-128.835677108456,19.0986938781327));
#2323=CARTESIAN_POINT('Ctrl Pts',(190.618241872429,-128.227101681592,18.9816023063846));
#2324=CARTESIAN_POINT('Ctrl Pts',(190.151426307047,-127.482147881817,18.8953626974587));
#2325=CARTESIAN_POINT('Ctrl Pts',(189.849469895596,-126.982182409045,18.8752952623122));
#2326=CARTESIAN_POINT('Ctrl Pts',(189.693352388972,-126.723600132943,18.8745911302297));
#2327=CARTESIAN_POINT('Ctrl Pts',(189.687874989743,-126.714527272561,18.8745787906647));
#2328=CARTESIAN_POINT('Ctrl Pts',(189.682397472732,-126.705454322812,18.8745787906647));
#2329=CARTESIAN_POINT('Ctrl Pts',(190.830897766507,-131.360106463118,19.9540694722125));
#2330=CARTESIAN_POINT('Ctrl Pts',(190.83062742657,-131.337078360749,19.9448309810991));
#2331=CARTESIAN_POINT('Ctrl Pts',(190.829414058588,-131.311879222608,19.9345662857606));
#2332=CARTESIAN_POINT('Ctrl Pts',(190.826710185974,-131.27146369934,19.9179914126235));
#2333=CARTESIAN_POINT('Ctrl Pts',(190.821465011872,-131.21949445717,19.8964258946005));
#2334=CARTESIAN_POINT('Ctrl Pts',(190.810521763799,-131.138773242347,19.8626253478124));
#2335=CARTESIAN_POINT('Ctrl Pts',(190.788243212314,-131.015303918828,19.8105844160852));
#2336=CARTESIAN_POINT('Ctrl Pts',(190.744454719328,-130.819531412551,19.7286110398552));
#2337=CARTESIAN_POINT('Ctrl Pts',(190.684714399845,-130.590641199453,19.6360243069628));
#2338=CARTESIAN_POINT('Ctrl Pts',(190.628061458716,-130.383631637207,19.5568280902934));
#2339=CARTESIAN_POINT('Ctrl Pts',(190.584209421629,-130.225517769644,19.4989367865503));
#2340=CARTESIAN_POINT('Ctrl Pts',(190.519779910449,-129.993831855098,19.4168232802075));
#2341=CARTESIAN_POINT('Ctrl Pts',(190.427370431176,-129.660943792823,19.309406951562));
#2342=CARTESIAN_POINT('Ctrl Pts',(190.273324388735,-129.090388495875,19.1507889763746));
#2343=CARTESIAN_POINT('Ctrl Pts',(190.093463638615,-128.393757333213,19.0040323046094));
#2344=CARTESIAN_POINT('Ctrl Pts',(189.888571346224,-127.562435841837,18.8992060649733));
#2345=CARTESIAN_POINT('Ctrl Pts',(189.75582240846,-127.010812758911,18.8754044300611));
#2346=CARTESIAN_POINT('Ctrl Pts',(189.687211289912,-126.725477272847,18.8745945089535));
#2347=CARTESIAN_POINT('Ctrl Pts',(189.68480447528,-126.71546586981,18.8745787906647));
#2348=CARTESIAN_POINT('Ctrl Pts',(189.682397472732,-126.705454322812,18.8745787906647));
#2349=CARTESIAN_POINT('Ctrl Pts',(189.299785700088,-132.60231282273,19.8264500455142));
#2350=CARTESIAN_POINT('Ctrl Pts',(189.301499504361,-132.554391314709,19.8174362926682));
#2351=CARTESIAN_POINT('Ctrl Pts',(189.303609942777,-132.503385979318,19.8075175510676));
#2352=CARTESIAN_POINT('Ctrl Pts',(189.307166089575,-132.422899516146,19.7915862851958));
#2353=CARTESIAN_POINT('Ctrl Pts',(189.312133938874,-132.322505665356,19.7710559504806));
#2354=CARTESIAN_POINT('Ctrl Pts',(189.320377193518,-132.172058112818,19.7392144230655));
#2355=CARTESIAN_POINT('Ctrl Pts',(189.333828530339,-131.954076922306,19.6909045098104));
#2356=CARTESIAN_POINT('Ctrl Pts',(189.355767170613,-131.631504475207,19.6160795440201));
#2357=CARTESIAN_POINT('Ctrl Pts',(189.38084806744,-131.286475588821,19.5331911409963));
#2358=CARTESIAN_POINT('Ctrl Pts',(189.402234689772,-130.994398777244,19.4631603872909));
#2359=CARTESIAN_POINT('Ctrl Pts',(189.41792836859,-130.779697867894,19.4122950803212));
#2360=CARTESIAN_POINT('Ctrl Pts',(189.440272162363,-130.471997172982,19.3404142959874));
#2361=CARTESIAN_POINT('Ctrl Pts',(189.470041839888,-130.051259340568,19.2472147682969));
#2362=CARTESIAN_POINT('Ctrl Pts',(189.516966161897,-129.363821555638,19.1104704643088));
#2363=CARTESIAN_POINT('Ctrl Pts',(189.568591070102,-128.565511242799,18.9848875277146));
#2364=CARTESIAN_POINT('Ctrl Pts',(189.625677646461,-127.642653576765,18.8955044739097));
#2365=CARTESIAN_POINT('Ctrl Pts',(189.662170205333,-127.039433079238,18.8752767925391));
#2366=CARTESIAN_POINT('Ctrl Pts',(189.681070291404,-126.727354646755,18.8745923030255));
#2367=CARTESIAN_POINT('Ctrl Pts',(189.681733960818,-126.716404467058,18.8745787906647));
#2368=CARTESIAN_POINT('Ctrl Pts',(189.682397472732,-126.705454322812,18.8745787906647));
#2369=CARTESIAN_POINT('Ctrl Pts',(188.019462328109,-133.846882751289,19.1890141251785));
#2370=CARTESIAN_POINT('Ctrl Pts',(188.01890570232,-133.777806225374,19.188736997321));
#2371=CARTESIAN_POINT('Ctrl Pts',(188.019618886001,-133.704571101171,19.1881783489246));
#2372=CARTESIAN_POINT('Ctrl Pts',(188.021857220461,-133.589299884157,19.1870530172956));
#2373=CARTESIAN_POINT('Ctrl Pts',(188.027290583154,-133.446227445464,19.1850687680292));
#2374=CARTESIAN_POINT('Ctrl Pts',(188.039788307072,-133.233223989366,19.1810654403487));
#2375=CARTESIAN_POINT('Ctrl Pts',(188.067006486069,-132.928063003708,19.1729854117657));
#2376=CARTESIAN_POINT('Ctrl Pts',(188.122822573932,-132.484277683934,19.1567835312611));
#2377=CARTESIAN_POINT('Ctrl Pts',(188.201619897341,-132.022899526217,19.1339239071294));
#2378=CARTESIAN_POINT('Ctrl Pts',(188.278149419213,-131.642926651188,19.1118131951622));
#2379=CARTESIAN_POINT('Ctrl Pts',(188.338280329345,-131.368713951732,19.0946624494544));
#2380=CARTESIAN_POINT('Ctrl Pts',(188.427400980244,-130.980303688861,19.0695154419494));
#2381=CARTESIAN_POINT('Ctrl Pts',(188.557713767996,-130.464352310982,19.034054523788));
#2382=CARTESIAN_POINT('Ctrl Pts',(188.780640753586,-129.64918087346,18.9787263901362));
#2383=CARTESIAN_POINT('Ctrl Pts',(189.049046205083,-128.740751902887,18.9243132479713));
#2384=CARTESIAN_POINT('Ctrl Pts',(189.362680851356,-127.72291030893,18.8842371944111));
#2385=CARTESIAN_POINT('Ctrl Pts',(189.568505985604,-127.068051742204,18.8749117392566));
#2386=CARTESIAN_POINT('Ctrl Pts',(189.674929568604,-126.729232074182,18.8745845249337));
#2387=CARTESIAN_POINT('Ctrl Pts',(189.678663446356,-126.717343064307,18.8745787906647));
#2388=CARTESIAN_POINT('Ctrl Pts',(189.682397472732,-126.705454322813,18.8745787906647));
#2389=CARTESIAN_POINT('',(188.019462328109,-133.846882751323,19.1890141251785));
#2390=CARTESIAN_POINT('Ctrl Pts',(188.019462328109,-133.846882751289,19.1890141251785));
#2391=CARTESIAN_POINT('Ctrl Pts',(188.01890570232,-133.777806225374,19.188736997321));
#2392=CARTESIAN_POINT('Ctrl Pts',(188.019618886001,-133.704571101171,19.1881783489246));
#2393=CARTESIAN_POINT('Ctrl Pts',(188.021857220461,-133.589299884157,19.1870530172956));
#2394=CARTESIAN_POINT('Ctrl Pts',(188.027290583154,-133.446227445464,19.1850687680292));
#2395=CARTESIAN_POINT('Ctrl Pts',(188.039788307072,-133.233223989366,19.1810654403487));
#2396=CARTESIAN_POINT('Ctrl Pts',(188.067006486069,-132.928063003708,19.1729854117657));
#2397=CARTESIAN_POINT('Ctrl Pts',(188.122822573932,-132.484277683934,19.1567835312611));
#2398=CARTESIAN_POINT('Ctrl Pts',(188.201619897341,-132.022899526217,19.1339239071294));
#2399=CARTESIAN_POINT('Ctrl Pts',(188.278149419213,-131.642926651188,19.1118131951622));
#2400=CARTESIAN_POINT('Ctrl Pts',(188.338280329345,-131.368713951732,19.0946624494544));
#2401=CARTESIAN_POINT('Ctrl Pts',(188.427400980244,-130.980303688861,19.0695154419494));
#2402=CARTESIAN_POINT('Ctrl Pts',(188.557713767996,-130.464352310982,19.034054523788));
#2403=CARTESIAN_POINT('Ctrl Pts',(188.780640753586,-129.64918087346,18.9787263901362));
#2404=CARTESIAN_POINT('Ctrl Pts',(189.049046205083,-128.740751902887,18.9243132479713));
#2405=CARTESIAN_POINT('Ctrl Pts',(189.362680851356,-127.72291030893,18.8842371944111));
#2406=CARTESIAN_POINT('Ctrl Pts',(189.568505985604,-127.068051742204,18.8749117392566));
#2407=CARTESIAN_POINT('Ctrl Pts',(189.674929568604,-126.729232074182,18.8745845249337));
#2408=CARTESIAN_POINT('Ctrl Pts',(189.678663446356,-126.717343064307,18.8745787906647));
#2409=CARTESIAN_POINT('Ctrl Pts',(189.682397472732,-126.705454322813,18.8745787906647));
#2410=CARTESIAN_POINT('Origin',(192.364923108084,-133.846882751354,10.4609289623438));
#2411=CARTESIAN_POINT('Ctrl Pts',(189.682397472732,-126.705454322812,18.8745787906647));
#2412=CARTESIAN_POINT('Ctrl Pts',(189.687874989744,-126.696381373062,18.8745787906647));
#2413=CARTESIAN_POINT('Ctrl Pts',(189.693352430852,-126.687308513817,18.8745911202154));
#2414=CARTESIAN_POINT('Ctrl Pts',(189.849467927151,-126.42872622026,18.8752957157614));
#2415=CARTESIAN_POINT('Ctrl Pts',(190.151417356011,-125.92875892778,18.8953662257089));
#2416=CARTESIAN_POINT('Ctrl Pts',(190.618145933664,-125.183858208858,18.9815965740684));
#2417=CARTESIAN_POINT('Ctrl Pts',(191.029625835288,-124.5751917807,19.09869677293));
#2418=CARTESIAN_POINT('Ctrl Pts',(191.384644350487,-124.099594385339,19.2177543710795));
#2419=CARTESIAN_POINT('Ctrl Pts',(191.599312360619,-123.836155690561,19.2940644600212));
#2420=CARTESIAN_POINT('Ctrl Pts',(191.75069159574,-123.66401111879,19.3481778403121));
#2421=CARTESIAN_POINT('Ctrl Pts',(191.854229962261,-123.550178249942,19.385085468887));
#2422=CARTESIAN_POINT('Ctrl Pts',(191.989181483279,-123.409912343642,19.4326624870515));
#2423=CARTESIAN_POINT('Ctrl Pts',(192.119629882113,-123.286588866534,19.4769369148492));
#2424=CARTESIAN_POINT('Ctrl Pts',(192.21274681522,-123.206231073031,19.5067593321746));
#2425=CARTESIAN_POINT('Ctrl Pts',(192.260878268994,-123.166525699469,19.5216873041942));
#2426=CARTESIAN_POINT('Ctrl Pts',(192.302621922841,-123.133910927246,19.5341071064492));
#2427=CARTESIAN_POINT('Ctrl Pts',(192.333072560266,-123.111497499199,19.5427217828255));
#2428=CARTESIAN_POINT('Ctrl Pts',(192.348755265411,-123.100438549593,19.5469916906722));
#2429=CARTESIAN_POINT('Ctrl Pts',(192.357903074859,-123.094180879449,19.549413242861));
#2430=CARTESIAN_POINT('Ctrl Pts',(192.362557448476,-123.091078842007,19.5506154378975));
#2431=CARTESIAN_POINT('Ctrl Pts',(192.364923108085,-123.089541194437,19.5512117889832));
#2432=CARTESIAN_POINT('Ctrl Pts',(189.682397472732,-126.705454322812,18.8745787906647));
#2433=CARTESIAN_POINT('Ctrl Pts',(189.684803923498,-126.695441526106,18.8745794688423));
#2434=CARTESIAN_POINT('Ctrl Pts',(189.687212160437,-126.685432948874,18.874592752359));
#2435=CARTESIAN_POINT('Ctrl Pts',(189.755796657997,-126.400054999463,18.8754709766211));
#2436=CARTESIAN_POINT('Ctrl Pts',(189.888482117011,-125.848404658254,18.8995589429428));
#2437=CARTESIAN_POINT('Ctrl Pts',(190.09325115684,-125.017186665135,19.0048468139174));
#2438=CARTESIAN_POINT('Ctrl Pts',(190.273051066986,-124.320152103761,19.152265270812));
#2439=CARTESIAN_POINT('Ctrl Pts',(190.427078835143,-123.749719054801,19.311056582969));
#2440=CARTESIAN_POINT('Ctrl Pts',(190.519270548707,-123.416485107882,19.4190807280617));
#2441=CARTESIAN_POINT('Ctrl Pts',(190.58381589766,-123.184918181554,19.5010201575527));
#2442=CARTESIAN_POINT('Ctrl Pts',(190.627629942566,-123.026697346298,19.5588630842783));
#2443=CARTESIAN_POINT('Ctrl Pts',(190.684330165766,-122.819634635635,19.6380747740957));
#2444=CARTESIAN_POINT('Ctrl Pts',(190.738062115371,-122.613290637355,19.7214465035978));
#2445=CARTESIAN_POINT('Ctrl Pts',(190.7754213706,-122.450832486529,19.7888455738284));
#2446=CARTESIAN_POINT('Ctrl Pts',(190.794327061157,-122.359584259343,19.8269271553219));
#2447=CARTESIAN_POINT('Ctrl Pts',(190.810302310437,-122.271191161215,19.8639058122283));
#2448=CARTESIAN_POINT('Ctrl Pts',(190.82131822116,-122.190892374588,19.8972438532129));
#2449=CARTESIAN_POINT('Ctrl Pts',(190.826592794168,-122.138399491239,19.9187993807427));
#2450=CARTESIAN_POINT('Ctrl Pts',(190.829357111271,-122.098700062018,19.9349188440668));
#2451=CARTESIAN_POINT('Ctrl Pts',(190.830553567132,-122.07227884161,19.9455435114882));
#2452=CARTESIAN_POINT('Ctrl Pts',(190.830897766507,-122.050802182506,19.9540694722128));
#2453=CARTESIAN_POINT('Ctrl Pts',(189.682397472732,-126.705454322812,18.8745787906647));
#2454=CARTESIAN_POINT('Ctrl Pts',(189.681734139636,-126.694505532706,18.8745794843032));
#2455=CARTESIAN_POINT('Ctrl Pts',(189.681070305994,-126.683552032318,18.8745905563611));
#2456=CARTESIAN_POINT('Ctrl Pts',(189.662163984436,-126.371532751953,18.8753416957209));
#2457=CARTESIAN_POINT('Ctrl Pts',(189.625592175747,-125.768464754458,18.8958538731468));
#2458=CARTESIAN_POINT('Ctrl Pts',(189.568381933452,-124.845803138115,18.9856987762862));
#2459=CARTESIAN_POINT('Ctrl Pts',(189.516560178336,-124.047129180022,19.111939116221));
#2460=CARTESIAN_POINT('Ctrl Pts',(189.469516196896,-123.360174409962,19.2488475098689));
#2461=CARTESIAN_POINT('Ctrl Pts',(189.439629443422,-122.940040659574,19.3426581152363));
#2462=CARTESIAN_POINT('Ctrl Pts',(189.41726298315,-122.632129710342,19.414358577282));
#2463=CARTESIAN_POINT('Ctrl Pts',(189.401610688454,-122.417662752799,19.4651788707605));
#2464=CARTESIAN_POINT('Ctrl Pts',(189.380191744529,-122.125177845963,19.5352238770025));
#2465=CARTESIAN_POINT('Ctrl Pts',(189.357627221894,-121.814823815266,19.6098660723677));
#2466=CARTESIAN_POINT('Ctrl Pts',(189.339558377635,-121.549848626204,19.6711941621484));
#2467=CARTESIAN_POINT('Ctrl Pts',(189.329524009065,-121.395277277924,19.7061687590605));
#2468=CARTESIAN_POINT('Ctrl Pts',(189.319945938594,-121.240364396123,19.7404838950875));
#2469=CARTESIAN_POINT('Ctrl Pts',(189.311886806627,-121.088537718157,19.7718668538912));
#2470=CARTESIAN_POINT('Ctrl Pts',(189.306882289578,-120.989373318509,19.7923863239901));
#2471=CARTESIAN_POINT('Ctrl Pts',(189.303530355642,-120.906640010485,19.8078669039348));
#2472=CARTESIAN_POINT('Ctrl Pts',(189.30123514221,-120.858025120646,19.8181403039154));
#2473=CARTESIAN_POINT('Ctrl Pts',(189.299785700088,-120.808595822893,19.8264500455146));
#2474=CARTESIAN_POINT('Ctrl Pts',(189.682397472732,-126.705454322812,18.8745787906647));
#2475=CARTESIAN_POINT('Ctrl Pts',(189.678663446355,-126.693565581316,18.8745787906647));
#2476=CARTESIAN_POINT('Ctrl Pts',(189.674929547653,-126.681676610686,18.87458452028));
#2477=CARTESIAN_POINT('Ctrl Pts',(189.568506968026,-126.342855384421,18.8749119499771));
#2478=CARTESIAN_POINT('Ctrl Pts',(189.362684058396,-125.688023796911,18.8842388340096));
#2479=CARTESIAN_POINT('Ctrl Pts',(189.049098427622,-124.670267786932,18.9243105841303));
#2480=CARTESIAN_POINT('Ctrl Pts',(188.78061869411,-123.760947499731,18.9787277353655));
#2481=CARTESIAN_POINT('Ctrl Pts',(188.557719977908,-122.946301148653,19.0340545015645));
#2482=CARTESIAN_POINT('Ctrl Pts',(188.42740256881,-122.430450882834,19.0695162487785));
#2483=CARTESIAN_POINT('Ctrl Pts',(188.338283323175,-122.042031820291,19.0946630549136));
#2484=CARTESIAN_POINT('Ctrl Pts',(188.278151308542,-121.767991837367,19.1118142470161));
#2485=CARTESIAN_POINT('Ctrl Pts',(188.20162235081,-121.387589048019,19.1339235672219));
#2486=CARTESIAN_POINT('Ctrl Pts',(188.130717154181,-120.972255175951,19.1544981542573));
#2487=CARTESIAN_POINT('Ctrl Pts',(188.08295377868,-120.609447271738,19.1683568070144));
#2488=CARTESIAN_POINT('Ctrl Pts',(188.059237855116,-120.395373645498,19.1752939234236));
#2489=CARTESIAN_POINT('Ctrl Pts',(188.039775594309,-120.17808519537,19.1810654785891));
#2490=CARTESIAN_POINT('Ctrl Pts',(188.027304860353,-119.96418776055,19.1850687693757));
#2491=CARTESIAN_POINT('Ctrl Pts',(188.021849018787,-119.821892702885,19.1870530206692));
#2492=CARTESIAN_POINT('Ctrl Pts',(188.019654339053,-119.705098799428,19.1881783302158));
#2493=CARTESIAN_POINT('Ctrl Pts',(188.01890570232,-119.63310242025,19.188736997321));
#2494=CARTESIAN_POINT('Ctrl Pts',(188.019462328109,-119.564025894333,19.1890141251784));
#2495=CARTESIAN_POINT('',(188.019462328109,-119.564025894301,19.1890141251785));
#2496=CARTESIAN_POINT('Origin',(192.364923108085,-119.564025894271,10.4609289623438));
#2497=CARTESIAN_POINT('Ctrl Pts',(189.682397472732,-126.705454322812,18.8745787906647));
#2498=CARTESIAN_POINT('Ctrl Pts',(189.678663446355,-126.693565581316,18.8745787906647));
#2499=CARTESIAN_POINT('Ctrl Pts',(189.674929547653,-126.681676610686,18.87458452028));
#2500=CARTESIAN_POINT('Ctrl Pts',(189.568506968026,-126.342855384421,18.8749119499771));
#2501=CARTESIAN_POINT('Ctrl Pts',(189.362684058396,-125.688023796911,18.8842388340096));
#2502=CARTESIAN_POINT('Ctrl Pts',(189.049098427622,-124.670267786932,18.9243105841303));
#2503=CARTESIAN_POINT('Ctrl Pts',(188.78061869411,-123.760947499731,18.9787277353655));
#2504=CARTESIAN_POINT('Ctrl Pts',(188.557719977908,-122.946301148653,19.0340545015645));
#2505=CARTESIAN_POINT('Ctrl Pts',(188.42740256881,-122.430450882834,19.0695162487785));
#2506=CARTESIAN_POINT('Ctrl Pts',(188.338283323175,-122.042031820291,19.0946630549136));
#2507=CARTESIAN_POINT('Ctrl Pts',(188.278151308542,-121.767991837367,19.1118142470161));
#2508=CARTESIAN_POINT('Ctrl Pts',(188.20162235081,-121.387589048019,19.1339235672219));
#2509=CARTESIAN_POINT('Ctrl Pts',(188.130717154181,-120.972255175951,19.1544981542573));
#2510=CARTESIAN_POINT('Ctrl Pts',(188.08295377868,-120.609447271738,19.1683568070144));
#2511=CARTESIAN_POINT('Ctrl Pts',(188.059237855116,-120.395373645498,19.1752939234236));
#2512=CARTESIAN_POINT('Ctrl Pts',(188.039775594309,-120.17808519537,19.1810654785891));
#2513=CARTESIAN_POINT('Ctrl Pts',(188.027304860353,-119.96418776055,19.1850687693757));
#2514=CARTESIAN_POINT('Ctrl Pts',(188.021849018787,-119.821892702885,19.1870530206692));
#2515=CARTESIAN_POINT('Ctrl Pts',(188.019654339053,-119.705098799428,19.1881783302158));
#2516=CARTESIAN_POINT('Ctrl Pts',(188.01890570232,-119.63310242025,19.188736997321));
#2517=CARTESIAN_POINT('Ctrl Pts',(188.019462328109,-119.564025894333,19.1890141251784));
#2518=CARTESIAN_POINT('Ctrl Pts',(193.552929434413,-136.056278382276,32.4188825881625));
#2519=CARTESIAN_POINT('Ctrl Pts',(193.197206180248,-136.171493936962,32.1149130521574));
#2520=CARTESIAN_POINT('Ctrl Pts',(192.168266355165,-136.471816730827,31.1892968824261));
#2521=CARTESIAN_POINT('Ctrl Pts',(190.913449522514,-136.709359609861,29.8208186075838));
#2522=CARTESIAN_POINT('Ctrl Pts',(190.900135496841,-136.710532322325,28.3085654823381));
#2523=CARTESIAN_POINT('Ctrl Pts',(191.560673617156,-136.588913663267,27.2416797825837));
#2524=CARTESIAN_POINT('Ctrl Pts',(192.495814149611,-136.373050716733,26.2545741362871));
#2525=CARTESIAN_POINT('Ctrl Pts',(193.197206180248,-136.171493936962,25.6342445291716));
#2526=CARTESIAN_POINT('Ctrl Pts',(193.552929434414,-136.056278382276,25.3302749931665));
#2527=CARTESIAN_POINT('Ctrl Pts',(191.666104858754,-135.685744910221,33.3964492707299));
#2528=CARTESIAN_POINT('Ctrl Pts',(191.426936692429,-135.861620947116,33.0322763140226));
#2529=CARTESIAN_POINT('Ctrl Pts',(190.720483150397,-136.329503164007,31.8949855375847));
#2530=CARTESIAN_POINT('Ctrl Pts',(189.815506500323,-136.716416169405,30.119329835747));
#2531=CARTESIAN_POINT('Ctrl Pts',(189.805783878864,-136.717897832846,28.1299374021081));
#2532=CARTESIAN_POINT('Ctrl Pts',(190.282549478491,-136.520543112806,26.738330549253));
#2533=CARTESIAN_POINT('Ctrl Pts',(190.944626285373,-136.175360778154,25.4797488651507));
#2534=CARTESIAN_POINT('Ctrl Pts',(191.426936692429,-135.861620947116,24.7168812673063));
#2535=CARTESIAN_POINT('Ctrl Pts',(191.666104858755,-135.685744910221,24.352708310599));
#2536=CARTESIAN_POINT('Ctrl Pts',(189.785256107522,-136.00927046664,34.6335487771556));
#2537=CARTESIAN_POINT('Ctrl Pts',(189.660476090139,-136.160141055424,34.1520813071513));
#2538=CARTESIAN_POINT('Ctrl Pts',(189.272753941678,-136.564599642072,32.6705932530318));
#2539=CARTESIAN_POINT('Ctrl Pts',(188.71712915799,-136.904581704601,30.4313367392492));
#2540=CARTESIAN_POINT('Ctrl Pts',(188.710944327986,-136.905781169508,27.9432813132626));
#2541=CARTESIAN_POINT('Ctrl Pts',(189.004304956128,-136.732550402251,26.1939450493154));
#2542=CARTESIAN_POINT('Ctrl Pts',(189.394702395033,-136.43129550053,24.5902774411564));
#2543=CARTESIAN_POINT('Ctrl Pts',(189.660476090139,-136.160141055424,23.5970762741774));
#2544=CARTESIAN_POINT('Ctrl Pts',(189.785256107522,-136.00927046664,23.1156088041731));
#2545=CARTESIAN_POINT('Ctrl Pts',(188.298993228422,-136.960010079639,35.8745787907228));
#2546=CARTESIAN_POINT('Ctrl Pts',(188.215293639206,-137.013551425641,35.2742389571127));
#2547=CARTESIAN_POINT('Ctrl Pts',(187.973190150951,-137.153113194554,33.4461470218932));
#2548=CARTESIAN_POINT('Ctrl Pts',(187.677939131504,-137.263500767752,30.7434024290799));
#2549=CARTESIAN_POINT('Ctrl Pts',(187.674806419581,-137.264045734133,27.7567025067197));
#2550=CARTESIAN_POINT('Ctrl Pts',(187.830227153773,-137.207528827865,25.6496032497046));
#2551=CARTESIAN_POINT('Ctrl Pts',(188.050260220233,-137.107216046828,23.7000695982688));
#2552=CARTESIAN_POINT('Ctrl Pts',(188.215293639206,-137.013551425641,22.4749186242158));
#2553=CARTESIAN_POINT('Ctrl Pts',(188.298993228422,-136.960010079639,21.8745787906057));
#2554=CARTESIAN_POINT('',(188.298993228422,-136.960010079639,21.8745787906359));
#2555=CARTESIAN_POINT('Origin',(193.552929434414,-145.173331840253,21.8745787906057));
#2556=CARTESIAN_POINT('',(188.298993228422,-136.960010079639,35.8745787906927));
#2557=CARTESIAN_POINT('Origin',(193.552929434413,-145.173331840253,35.8745787907229));
#2558=CARTESIAN_POINT('Ctrl Pts',(188.298993228422,-136.960010079639,35.8745787907228));
#2559=CARTESIAN_POINT('Ctrl Pts',(188.215293639206,-137.013551425641,35.2742389571127));
#2560=CARTESIAN_POINT('Ctrl Pts',(187.973190150951,-137.153113194554,33.4461470218932));
#2561=CARTESIAN_POINT('Ctrl Pts',(187.677939131504,-137.263500767752,30.7434024290799));
#2562=CARTESIAN_POINT('Ctrl Pts',(187.674806419581,-137.264045734133,27.7567025067197));
#2563=CARTESIAN_POINT('Ctrl Pts',(187.830227153773,-137.207528827865,25.6496032497046));
#2564=CARTESIAN_POINT('Ctrl Pts',(188.050260220233,-137.107216046828,23.7000695982688));
#2565=CARTESIAN_POINT('Ctrl Pts',(188.215293639206,-137.013551425641,22.4749186242158));
#2566=CARTESIAN_POINT('Ctrl Pts',(188.298993228422,-136.960010079639,21.8745787906057));
#2567=CARTESIAN_POINT('Ctrl Pts',(189.682397472732,-126.705454322812,38.8745787906647));
#2568=CARTESIAN_POINT('Ctrl Pts',(189.687874594517,-126.714526618414,38.8745787906647));
#2569=CARTESIAN_POINT('Ctrl Pts',(189.693351642397,-126.723598825957,38.8745664625171));
#2570=CARTESIAN_POINT('Ctrl Pts',(189.84946674897,-126.982180477972,38.8738619372151));
#2571=CARTESIAN_POINT('Ctrl Pts',(190.15141606195,-127.482147102911,38.8537916679301));
#2572=CARTESIAN_POINT('Ctrl Pts',(190.618145144334,-128.227048027785,38.7675615094993));
#2573=CARTESIAN_POINT('Ctrl Pts',(191.029627166024,-128.835713961855,38.6504616015903));
#2574=CARTESIAN_POINT('Ctrl Pts',(191.384647115857,-129.311311454724,38.5314040711757));
#2575=CARTESIAN_POINT('Ctrl Pts',(191.599318223447,-129.574748597314,38.4550945047193));
#2576=CARTESIAN_POINT('Ctrl Pts',(191.750696659422,-129.746893874281,38.4009809112666));
#2577=CARTESIAN_POINT('Ctrl Pts',(191.854238423964,-129.86072480031,38.3640739153896));
#2578=CARTESIAN_POINT('Ctrl Pts',(191.989178045674,-130.00099799153,38.3164945465654));
#2579=CARTESIAN_POINT('Ctrl Pts',(192.119629797281,-130.124319629999,38.2722207172726));
#2580=CARTESIAN_POINT('Ctrl Pts',(192.212746555498,-130.204677610746,38.242398239094));
#2581=CARTESIAN_POINT('Ctrl Pts',(192.260878173117,-130.244382925229,38.2274702856447));
#2582=CARTESIAN_POINT('Ctrl Pts',(192.302621849689,-130.276997717013,38.2150504764847));
#2583=CARTESIAN_POINT('Ctrl Pts',(192.333072541141,-130.299411136173,38.2064358025061));
#2584=CARTESIAN_POINT('Ctrl Pts',(192.348755254348,-130.310470091727,38.2021658923936));
#2585=CARTESIAN_POINT('Ctrl Pts',(192.3579030709,-130.316727763897,38.1997443393581));
#2586=CARTESIAN_POINT('Ctrl Pts',(192.362557447239,-130.319829802816,38.1985421437431));
#2587=CARTESIAN_POINT('Ctrl Pts',(192.364923108084,-130.321367451188,38.197945792346));
#2588=CARTESIAN_POINT('Ctrl Pts',(189.682397472732,-126.705454322812,38.8745787906647));
#2589=CARTESIAN_POINT('Ctrl Pts',(189.684803749283,-126.715466406452,38.874578108924));
#2590=CARTESIAN_POINT('Ctrl Pts',(189.687211815737,-126.725474244219,38.8745648352748));
#2591=CARTESIAN_POINT('Ctrl Pts',(189.755796075074,-127.010851796421,38.8736865722435));
#2592=CARTESIAN_POINT('Ctrl Pts',(189.888481407946,-127.56250066523,38.8495991937252));
#2593=CARTESIAN_POINT('Ctrl Pts',(190.093250721986,-128.393720211597,38.7443109974264));
#2594=CARTESIAN_POINT('Ctrl Pts',(190.273052830664,-129.090752303682,38.5968936371666));
#2595=CARTESIAN_POINT('Ctrl Pts',(190.427081677375,-129.661188621373,38.4381011284773));
#2596=CARTESIAN_POINT('Ctrl Pts',(190.519276959471,-129.994415007491,38.3300799170035));
#2597=CARTESIAN_POINT('Ctrl Pts',(190.583820779243,-130.225990653673,38.2481370616415));
#2598=CARTESIAN_POINT('Ctrl Pts',(190.627639003306,-130.384200256617,38.1902984918946));
#2599=CARTESIAN_POINT('Ctrl Pts',(190.684332825917,-130.591206477322,38.1111100189984));
#2600=CARTESIAN_POINT('Ctrl Pts',(190.738058854109,-130.797655203363,38.0276961623662));
#2601=CARTESIAN_POINT('Ctrl Pts',(190.77542218614,-130.960064243126,37.9603167938211));
#2602=CARTESIAN_POINT('Ctrl Pts',(190.794326211385,-131.051333359811,37.9222268312229));
#2603=CARTESIAN_POINT('Ctrl Pts',(190.810302742556,-131.139711832947,37.8852540375286));
#2604=CARTESIAN_POINT('Ctrl Pts',(190.821317968885,-131.220019033889,37.8519126210978));
#2605=CARTESIAN_POINT('Ctrl Pts',(190.826592905338,-131.272507779582,37.8303587520855));
#2606=CARTESIAN_POINT('Ctrl Pts',(190.829357034709,-131.312209432473,37.8142383969944));
#2607=CARTESIAN_POINT('Ctrl Pts',(190.830553607505,-131.338629325852,37.8036142615128));
#2608=CARTESIAN_POINT('Ctrl Pts',(190.830897766507,-131.36010646312,37.7950881091161));
#2609=CARTESIAN_POINT('Ctrl Pts',(189.682397472732,-126.705454322812,38.8745787906647));
#2610=CARTESIAN_POINT('Ctrl Pts',(189.681734166377,-126.716402320645,38.8745780935325));
#2611=CARTESIAN_POINT('Ctrl Pts',(189.681070397836,-126.727355080774,38.8745670310692));
#2612=CARTESIAN_POINT('Ctrl Pts',(189.662164020813,-127.039371869553,38.8738158363068));
#2613=CARTESIAN_POINT('Ctrl Pts',(189.625592372208,-127.642433877792,38.8533041391341));
#2614=CARTESIAN_POINT('Ctrl Pts',(189.568381674907,-128.565090352809,38.7634588391947));
#2615=CARTESIAN_POINT('Ctrl Pts',(189.516559904017,-129.363792339249,38.6372194228759));
#2616=CARTESIAN_POINT('Ctrl Pts',(189.469515345531,-130.050762700739,38.5003098096565));
#2617=CARTESIAN_POINT('Ctrl Pts',(189.439629719685,-130.470968946197,38.4065017998752));
#2618=CARTESIAN_POINT('Ctrl Pts',(189.417262355764,-130.778860708951,38.3347980814757));
#2619=CARTESIAN_POINT('Ctrl Pts',(189.401611276433,-130.993397726224,38.283981726569));
#2620=CARTESIAN_POINT('Ctrl Pts',(189.380200867837,-131.285760130284,38.213960680892));
#2621=CARTESIAN_POINT('Ctrl Pts',(189.357622588553,-131.596047394828,38.1392768768048));
#2622=CARTESIAN_POINT('Ctrl Pts',(189.339559843886,-131.861067558807,38.077968124195));
#2623=CARTESIAN_POINT('Ctrl Pts',(189.329522878511,-132.015620748372,38.0429852999313));
#2624=CARTESIAN_POINT('Ctrl Pts',(189.319946623141,-132.170548323669,38.0086759121667));
#2625=CARTESIAN_POINT('Ctrl Pts',(189.311886461322,-132.322367938139,37.9772896419451));
#2626=CARTESIAN_POINT('Ctrl Pts',(189.306882456487,-132.421536457089,37.9567717978541));
#2627=CARTESIAN_POINT('Ctrl Pts',(189.303530249665,-132.504267731136,37.9412903437813));
#2628=CARTESIAN_POINT('Ctrl Pts',(189.3012352006,-132.552883954382,37.9310174652598));
#2629=CARTESIAN_POINT('Ctrl Pts',(189.299785700088,-132.602312822733,37.9227075358142));
#2630=CARTESIAN_POINT('Ctrl Pts',(189.682397472732,-126.705454322812,38.8745787906647));
#2631=CARTESIAN_POINT('Ctrl Pts',(189.678663695977,-126.717342212886,38.8745787906647));
#2632=CARTESIAN_POINT('Ctrl Pts',(189.674930080871,-126.72923035602,38.8745730617011));
#2633=CARTESIAN_POINT('Ctrl Pts',(189.568507659918,-127.068049327251,38.8742456646456));
#2634=CARTESIAN_POINT('Ctrl Pts',(189.362684722066,-127.722874133839,38.8649188924515));
#2635=CARTESIAN_POINT('Ctrl Pts',(189.049098671353,-128.740626296014,38.8248472305914));
#2636=CARTESIAN_POINT('Ctrl Pts',(188.780618570249,-129.649972671014,38.7704302145637));
#2637=CARTESIAN_POINT('Ctrl Pts',(188.557719578144,-130.464637701173,38.7151034798416));
#2638=CARTESIAN_POINT('Ctrl Pts',(188.427402501449,-130.980554607557,38.6796419754296));
#2639=CARTESIAN_POINT('Ctrl Pts',(188.338283306275,-131.368962301469,38.6544950702368));
#2640=CARTESIAN_POINT('Ctrl Pts',(188.278151335483,-131.643063292557,38.6373441721528));
#2641=CARTESIAN_POINT('Ctrl Pts',(188.201623006746,-132.023281415853,38.6152337595816));
#2642=CARTESIAN_POINT('Ctrl Pts',(188.13071718399,-132.438652416549,38.5946594506749));
#2643=CARTESIAN_POINT('Ctrl Pts',(188.082953800084,-132.801457245609,38.580800769639));
#2644=CARTESIAN_POINT('Ctrl Pts',(188.059237856287,-133.015533139051,38.5738636618596));
#2645=CARTESIAN_POINT('Ctrl Pts',(188.039775593341,-133.232822010557,38.5680921034852));
#2646=CARTESIAN_POINT('Ctrl Pts',(188.027304863429,-133.44672059617,38.5640888138129));
#2647=CARTESIAN_POINT('Ctrl Pts',(188.021849019271,-133.589015735308,38.5621045614664));
#2648=CARTESIAN_POINT('Ctrl Pts',(188.01965433927,-133.705809771393,38.5609792515264));
#2649=CARTESIAN_POINT('Ctrl Pts',(188.018905702029,-133.777806189303,38.5604205841524));
#2650=CARTESIAN_POINT('Ctrl Pts',(188.019462328109,-133.846882751293,38.5601434561502));
#2651=CARTESIAN_POINT('',(188.019462328109,-133.846882751325,38.5601434561502));
#2652=CARTESIAN_POINT('Origin',(192.364923108084,-133.846882751355,47.2882286189852));
#2653=CARTESIAN_POINT('Ctrl Pts',(189.682397472732,-126.705454322812,38.8745787906647));
#2654=CARTESIAN_POINT('Ctrl Pts',(189.678663695977,-126.717342212886,38.8745787906647));
#2655=CARTESIAN_POINT('Ctrl Pts',(189.674930080871,-126.72923035602,38.8745730617011));
#2656=CARTESIAN_POINT('Ctrl Pts',(189.568507659918,-127.068049327251,38.8742456646456));
#2657=CARTESIAN_POINT('Ctrl Pts',(189.362684722066,-127.722874133839,38.8649188924515));
#2658=CARTESIAN_POINT('Ctrl Pts',(189.049098671353,-128.740626296014,38.8248472305914));
#2659=CARTESIAN_POINT('Ctrl Pts',(188.780618570249,-129.649972671014,38.7704302145637));
#2660=CARTESIAN_POINT('Ctrl Pts',(188.557719578144,-130.464637701173,38.7151034798416));
#2661=CARTESIAN_POINT('Ctrl Pts',(188.427402501449,-130.980554607557,38.6796419754296));
#2662=CARTESIAN_POINT('Ctrl Pts',(188.338283306275,-131.368962301469,38.6544950702368));
#2663=CARTESIAN_POINT('Ctrl Pts',(188.278151335483,-131.643063292557,38.6373441721528));
#2664=CARTESIAN_POINT('Ctrl Pts',(188.201623006746,-132.023281415853,38.6152337595816));
#2665=CARTESIAN_POINT('Ctrl Pts',(188.13071718399,-132.438652416549,38.5946594506749));
#2666=CARTESIAN_POINT('Ctrl Pts',(188.082953800084,-132.801457245609,38.580800769639));
#2667=CARTESIAN_POINT('Ctrl Pts',(188.059237856287,-133.015533139051,38.5738636618596));
#2668=CARTESIAN_POINT('Ctrl Pts',(188.039775593341,-133.232822010557,38.5680921034852));
#2669=CARTESIAN_POINT('Ctrl Pts',(188.027304863429,-133.44672059617,38.5640888138129));
#2670=CARTESIAN_POINT('Ctrl Pts',(188.021849019271,-133.589015735308,38.5621045614664));
#2671=CARTESIAN_POINT('Ctrl Pts',(188.01965433927,-133.705809771393,38.5609792515264));
#2672=CARTESIAN_POINT('Ctrl Pts',(188.018905702029,-133.777806189303,38.5604205841524));
#2673=CARTESIAN_POINT('Ctrl Pts',(188.019462328109,-133.846882751293,38.5601434561502));
#2674=CARTESIAN_POINT('Ctrl Pts',(192.364923108084,-123.089541194437,38.197945792346));
#2675=CARTESIAN_POINT('Ctrl Pts',(192.362557447239,-123.091078842809,38.1985421437431));
#2676=CARTESIAN_POINT('Ctrl Pts',(192.357902751247,-123.094180779769,38.1997442995981));
#2677=CARTESIAN_POINT('Ctrl Pts',(192.348755164045,-123.100438569025,38.2021658962123));
#2678=CARTESIAN_POINT('Ctrl Pts',(192.333072831811,-123.111497551777,38.2064358174821));
#2679=CARTESIAN_POINT('Ctrl Pts',(192.302618822256,-123.133910975113,38.2150504616413));
#2680=CARTESIAN_POINT('Ctrl Pts',(192.244185500165,-123.179572177822,38.2324383812324));
#2681=CARTESIAN_POINT('Ctrl Pts',(192.165551475258,-123.24622376841,38.2573394362171));
#2682=CARTESIAN_POINT('Ctrl Pts',(192.076177061499,-123.327706548285,38.2869829983577));
#2683=CARTESIAN_POINT('Ctrl Pts',(191.962165779633,-123.43797753701,38.3260141934266));
#2684=CARTESIAN_POINT('Ctrl Pts',(191.827228746216,-123.578177405805,38.3735658828983));
#2685=CARTESIAN_POINT('Ctrl Pts',(191.521127854503,-123.921622061231,38.4832610048385));
#2686=CARTESIAN_POINT('Ctrl Pts',(191.111912190962,-124.454204387235,38.6272805945303));
#2687=CARTESIAN_POINT('Ctrl Pts',(190.618172273342,-125.183603850719,38.7674831778967));
#2688=CARTESIAN_POINT('Ctrl Pts',(190.151461392257,-125.928890155961,38.8538394706746));
#2689=CARTESIAN_POINT('Ctrl Pts',(189.849467907414,-126.428714062601,38.8738575776527));
#2690=CARTESIAN_POINT('Ctrl Pts',(189.693351622431,-126.687310153478,38.8745665667532));
#2691=CARTESIAN_POINT('Ctrl Pts',(189.687874594517,-126.696382027215,38.8745787906647));
#2692=CARTESIAN_POINT('Ctrl Pts',(189.682397472732,-126.705454322812,38.8745787906647));
#2693=CARTESIAN_POINT('Ctrl Pts',(190.830897766507,-122.050802182505,37.7950881091159));
#2694=CARTESIAN_POINT('Ctrl Pts',(190.830627426428,-122.073830296905,37.804326605056));
#2695=CARTESIAN_POINT('Ctrl Pts',(190.82941404968,-122.099029297818,37.8145912184465));
#2696=CARTESIAN_POINT('Ctrl Pts',(190.82671016849,-122.139445389633,37.8311662711089));
#2697=CARTESIAN_POINT('Ctrl Pts',(190.82146494621,-122.191411966846,37.8527306356408));
#2698=CARTESIAN_POINT('Ctrl Pts',(190.81052157338,-122.272148630992,37.8865363286018));
#2699=CARTESIAN_POINT('Ctrl Pts',(190.788242244922,-122.395537614917,37.9385448911831));
#2700=CARTESIAN_POINT('Ctrl Pts',(190.756962973143,-122.535702750481,37.9972091719827));
#2701=CARTESIAN_POINT('Ctrl Pts',(190.720564641241,-122.68242848496,38.0574282648184));
#2702=CARTESIAN_POINT('Ctrl Pts',(190.673429431853,-122.861895970644,38.1292751384093));
#2703=CARTESIAN_POINT('Ctrl Pts',(190.616762336208,-123.068595419224,38.2083269046896));
#2704=CARTESIAN_POINT('Ctrl Pts',(190.486642552559,-123.535269374317,38.3761428157602));
#2705=CARTESIAN_POINT('Ctrl Pts',(190.309298710233,-124.180088527653,38.568734242054));
#2706=CARTESIAN_POINT('Ctrl Pts',(190.093417356372,-125.017511127209,38.7450505386725));
#2707=CARTESIAN_POINT('Ctrl Pts',(189.888579660325,-125.848216429427,38.8498970254645));
#2708=CARTESIAN_POINT('Ctrl Pts',(189.755823249298,-126.400112734817,38.8737618410397));
#2709=CARTESIAN_POINT('Ctrl Pts',(189.687210910421,-126.685432450446,38.8745628689059));
#2710=CARTESIAN_POINT('Ctrl Pts',(189.684804295004,-126.695443495724,38.8745787906647));
#2711=CARTESIAN_POINT('Ctrl Pts',(189.682397472732,-126.705454322812,38.8745787906647));
#2712=CARTESIAN_POINT('Ctrl Pts',(189.299785700088,-120.808595822891,37.922707535814));
#2713=CARTESIAN_POINT('Ctrl Pts',(189.301499505256,-120.856517355949,37.9317212933693));
#2714=CARTESIAN_POINT('Ctrl Pts',(189.303609925502,-120.907522385031,37.9416399537508));
#2715=CARTESIAN_POINT('Ctrl Pts',(189.307166104802,-120.988010066349,37.9575713969292));
#2716=CARTESIAN_POINT('Ctrl Pts',(189.31213371848,-121.088398106275,37.978100590009));
#2717=CARTESIAN_POINT('Ctrl Pts',(189.320377924297,-121.238878914353,38.009947206404));
#2718=CARTESIAN_POINT('Ctrl Pts',(189.333822799014,-121.456685690407,38.0582250957649));
#2719=CARTESIAN_POINT('Ctrl Pts',(189.349514149358,-121.687800691045,38.1117821409857));
#2720=CARTESIAN_POINT('Ctrl Pts',(189.365772679507,-121.916333186277,38.1660821968009));
#2721=CARTESIAN_POINT('Ctrl Pts',(189.385200807982,-122.1833854651,38.2302719869593));
#2722=CARTESIAN_POINT('Ctrl Pts',(189.406571838452,-122.474881439905,38.3001640287296));
#2723=CARTESIAN_POINT('Ctrl Pts',(189.452069063999,-123.099125870488,38.4471928828147));
#2724=CARTESIAN_POINT('Ctrl Pts',(189.506521209276,-123.884266202208,38.6132580332546));
#2725=CARTESIAN_POINT('Ctrl Pts',(189.568593656992,-124.846358590119,38.7642050168813));
#2726=CARTESIAN_POINT('Ctrl Pts',(189.625653257647,-125.767560095637,38.85359319241));
#2727=CARTESIAN_POINT('Ctrl Pts',(189.662173608508,-126.371527269665,38.8738900578566));
#2728=CARTESIAN_POINT('Ctrl Pts',(189.681070304782,-126.683554374057,38.8745650605562));
#2729=CARTESIAN_POINT('Ctrl Pts',(189.681733995492,-126.694504964233,38.8745787906647));
#2730=CARTESIAN_POINT('Ctrl Pts',(189.682397472732,-126.705454322812,38.8745787906647));
#2731=CARTESIAN_POINT('Ctrl Pts',(188.019462328109,-119.56402589433,38.5601434561502));
#2732=CARTESIAN_POINT('Ctrl Pts',(188.018905702029,-119.633102456335,38.5604205841524));
#2733=CARTESIAN_POINT('Ctrl Pts',(188.019618895899,-119.70633713144,38.5609792330497));
#2734=CARTESIAN_POINT('Ctrl Pts',(188.021857205248,-119.821610111163,38.562104563241));
#2735=CARTESIAN_POINT('Ctrl Pts',(188.027290720213,-119.964674093604,38.5640888207723));
#2736=CARTESIAN_POINT('Ctrl Pts',(188.039787686869,-120.177725728872,38.5680920965874));
#2737=CARTESIAN_POINT('Ctrl Pts',(188.067010197151,-120.482633260398,38.5761723651033));
#2738=CARTESIAN_POINT('Ctrl Pts',(188.106862375806,-120.80064601955,38.5877440318314));
#2739=CARTESIAN_POINT('Ctrl Pts',(188.154367066638,-121.10961901619,38.6015195695321));
#2740=CARTESIAN_POINT('Ctrl Pts',(188.216910982872,-121.464821437888,38.6196575954759));
#2741=CARTESIAN_POINT('Ctrl Pts',(188.293457134576,-121.843988916608,38.6417551452892));
#2742=CARTESIAN_POINT('Ctrl Pts',(188.47277272465,-122.635300356928,38.6927311137202));
#2743=CARTESIAN_POINT('Ctrl Pts',(188.727129830337,-123.575158672441,38.7596578642242));
#2744=CARTESIAN_POINT('Ctrl Pts',(189.049015395802,-124.671608415352,38.8248108294347));
#2745=CARTESIAN_POINT('Ctrl Pts',(189.362708585761,-125.686935372786,38.8649411066679));
#2746=CARTESIAN_POINT('Ctrl Pts',(189.568503069909,-126.342938465956,38.8742436387313));
#2747=CARTESIAN_POINT('Ctrl Pts',(189.674930187125,-126.681676365283,38.8745731101402));
#2748=CARTESIAN_POINT('Ctrl Pts',(189.678663695979,-126.693566432742,38.8745787906647));
#2749=CARTESIAN_POINT('Ctrl Pts',(189.682397472732,-126.705454322812,38.8745787906647));
#2750=CARTESIAN_POINT('',(188.019462328109,-119.564025894299,38.5601434561502));
#2751=CARTESIAN_POINT('Ctrl Pts',(188.019462328109,-119.56402589433,38.5601434561502));
#2752=CARTESIAN_POINT('Ctrl Pts',(188.018905702029,-119.633102456335,38.5604205841524));
#2753=CARTESIAN_POINT('Ctrl Pts',(188.019618895899,-119.70633713144,38.5609792330497));
#2754=CARTESIAN_POINT('Ctrl Pts',(188.021857205248,-119.821610111163,38.562104563241));
#2755=CARTESIAN_POINT('Ctrl Pts',(188.027290720213,-119.964674093604,38.5640888207723));
#2756=CARTESIAN_POINT('Ctrl Pts',(188.039787686869,-120.177725728872,38.5680920965874));
#2757=CARTESIAN_POINT('Ctrl Pts',(188.067010197151,-120.482633260398,38.5761723651033));
#2758=CARTESIAN_POINT('Ctrl Pts',(188.106862375806,-120.80064601955,38.5877440318314));
#2759=CARTESIAN_POINT('Ctrl Pts',(188.154367066638,-121.10961901619,38.6015195695321));
#2760=CARTESIAN_POINT('Ctrl Pts',(188.216910982872,-121.464821437888,38.6196575954759));
#2761=CARTESIAN_POINT('Ctrl Pts',(188.293457134576,-121.843988916608,38.6417551452892));
#2762=CARTESIAN_POINT('Ctrl Pts',(188.47277272465,-122.635300356928,38.6927311137202));
#2763=CARTESIAN_POINT('Ctrl Pts',(188.727129830337,-123.575158672441,38.7596578642242));
#2764=CARTESIAN_POINT('Ctrl Pts',(189.049015395802,-124.671608415352,38.8248108294347));
#2765=CARTESIAN_POINT('Ctrl Pts',(189.362708585761,-125.686935372786,38.8649411066679));
#2766=CARTESIAN_POINT('Ctrl Pts',(189.568503069909,-126.342938465956,38.8742436387313));
#2767=CARTESIAN_POINT('Ctrl Pts',(189.674930187125,-126.681676365283,38.8745731101402));
#2768=CARTESIAN_POINT('Ctrl Pts',(189.678663695979,-126.693566432742,38.8745787906647));
#2769=CARTESIAN_POINT('Ctrl Pts',(189.682397472732,-126.705454322812,38.8745787906647));
#2770=CARTESIAN_POINT('Origin',(192.364923108084,-119.56402589427,47.2882286189852));
#2771=CARTESIAN_POINT('Ctrl Pts',(192.364923108074,-130.321367451182,38.1979457923484));
#2772=CARTESIAN_POINT('Ctrl Pts',(192.517264951027,-130.420387641444,38.1595424552411));
#2773=CARTESIAN_POINT('Ctrl Pts',(192.669012641267,-130.519311215256,38.1193615134524));
#2774=CARTESIAN_POINT('Ctrl Pts',(192.819978428589,-130.618051705336,38.0773817181574));
#2775=CARTESIAN_POINT('Ctrl Pts',(190.830897766499,-131.360106463132,37.7950881091122));
#2776=CARTESIAN_POINT('Ctrl Pts',(190.937038356317,-131.479654680619,37.7356263745066));
#2777=CARTESIAN_POINT('Ctrl Pts',(191.042421269124,-131.598431061255,37.674994384207));
#2778=CARTESIAN_POINT('Ctrl Pts',(191.146153036455,-131.715455742897,37.6108173248133));
#2779=CARTESIAN_POINT('Ctrl Pts',(189.299785700081,-132.602312822765,37.9227075358099));
#2780=CARTESIAN_POINT('Ctrl Pts',(189.360196581936,-132.759677304451,37.8708799577496));
#2781=CARTESIAN_POINT('Ctrl Pts',(189.419549840086,-132.916615913155,37.8182877395792));
#2782=CARTESIAN_POINT('Ctrl Pts',(189.476704132478,-133.072366366177,37.7626060917497));
#2783=CARTESIAN_POINT('Ctrl Pts',(188.019462328107,-133.846882751342,38.5601434561513));
#2784=CARTESIAN_POINT('Ctrl Pts',(188.055307467625,-134.042447627109,38.5422971994956));
#2785=CARTESIAN_POINT('Ctrl Pts',(188.091012806505,-134.237821685389,38.5236248794879));
#2786=CARTESIAN_POINT('Ctrl Pts',(188.126534168228,-134.432834153297,38.5041166216744));
#2787=CARTESIAN_POINT('',(188.126534168228,-134.432834153297,38.5041166216743));
#2788=CARTESIAN_POINT('Origin',(192.819978428589,-134.432834153297,47.0501145724629));
#2789=CARTESIAN_POINT('Ctrl Pts',(188.019462328107,-133.846882751342,38.5601434561513));
#2790=CARTESIAN_POINT('Ctrl Pts',(188.055307467625,-134.042447627109,38.5422971994956));
#2791=CARTESIAN_POINT('Ctrl Pts',(188.091012806505,-134.237821685389,38.5236248794879));
#2792=CARTESIAN_POINT('Ctrl Pts',(188.126534168228,-134.432834153297,38.5041166216744));
#2793=CARTESIAN_POINT('Ctrl Pts',(192.819978428589,-130.618051705336,38.0773817181575));
#2794=CARTESIAN_POINT('Ctrl Pts',(194.207982258134,-131.525887717677,37.6914127004971));
#2795=CARTESIAN_POINT('Ctrl Pts',(195.5261150532,-133.23643048535,36.6576634860243));
#2796=CARTESIAN_POINT('Ctrl Pts',(195.358866361624,-135.104281703779,34.4729458656455));
#2797=CARTESIAN_POINT('Ctrl Pts',(194.325848953954,-135.805936718833,33.0793510421542));
#2798=CARTESIAN_POINT('Ctrl Pts',(193.552929434413,-136.056278382276,32.4188825881625));
#2799=CARTESIAN_POINT('Ctrl Pts',(191.146153036454,-131.715455742897,37.6108173248134));
#2800=CARTESIAN_POINT('Ctrl Pts',(192.134274994562,-132.355566934208,37.2090332808646));
#2801=CARTESIAN_POINT('Ctrl Pts',(193.038450676561,-133.488217371067,36.3157985119771));
#2802=CARTESIAN_POINT('Ctrl Pts',(192.925406595759,-134.806510266976,34.8110131319073));
#2803=CARTESIAN_POINT('Ctrl Pts',(192.211591817087,-135.429247784868,33.8615679345639));
#2804=CARTESIAN_POINT('Ctrl Pts',(191.666104858755,-135.685744910226,33.3964492707148));
#2805=CARTESIAN_POINT('Ctrl Pts',(189.476704132478,-133.072366366176,37.7626060917497));
#2806=CARTESIAN_POINT('Ctrl Pts',(190.067931096613,-133.555244168556,37.436080019621));
#2807=CARTESIAN_POINT('Ctrl Pts',(190.565158673986,-134.371822105924,36.7483850555964));
#2808=CARTESIAN_POINT('Ctrl Pts',(190.505226754436,-135.320725435498,35.6721503458248));
#2809=CARTESIAN_POINT('Ctrl Pts',(190.105527345166,-135.803092778553,34.980991723157));
#2810=CARTESIAN_POINT('Ctrl Pts',(189.785256107524,-136.009270466646,34.6335487771233));
#2811=CARTESIAN_POINT('Ctrl Pts',(188.126534168228,-134.432834153297,38.5041166216744));
#2812=CARTESIAN_POINT('Ctrl Pts',(188.453123304591,-134.854710888443,38.3247545487616));
#2813=CARTESIAN_POINT('Ctrl Pts',(188.763272197548,-135.649610174597,37.8443652079184));
#2814=CARTESIAN_POINT('Ctrl Pts',(188.723919564236,-136.517611623161,36.8291140784482));
#2815=CARTESIAN_POINT('Ctrl Pts',(188.480856644784,-136.843674836039,36.1815023663552));
#2816=CARTESIAN_POINT('Ctrl Pts',(188.298993228422,-136.960010079639,35.8745787906767));
#2817=CARTESIAN_POINT('',(188.68114886966,-136.434081978544,36.87457878947));
#2818=CARTESIAN_POINT('Ctrl Pts',(188.126534168228,-134.432834153297,38.5041166216744));
#2819=CARTESIAN_POINT('Ctrl Pts',(188.453123304591,-134.854710888443,38.3247545487616));
#2820=CARTESIAN_POINT('Ctrl Pts',(188.754937813769,-135.628249480212,37.8572743274439));
#2821=CARTESIAN_POINT('Ctrl Pts',(188.736429615297,-136.236163326193,37.157983396941));
#2822=CARTESIAN_POINT('Ctrl Pts',(188.681409163579,-136.433136383204,36.8738728027946));
#2823=CARTESIAN_POINT('Ctrl Pts',(188.681409163579,-136.433136383204,36.8738728027946));
#2824=CARTESIAN_POINT('Ctrl Pts',(188.677446658734,-136.447322139016,36.8534115093904));
#2825=CARTESIAN_POINT('Ctrl Pts',(188.610552649424,-136.669690683847,36.5270616635346));
#2826=CARTESIAN_POINT('Ctrl Pts',(188.480856644784,-136.843674836039,36.1815023663552));
#2827=CARTESIAN_POINT('Ctrl Pts',(188.298993228422,-136.960010079639,35.8745787906767));
#2828=CARTESIAN_POINT('Ctrl Pts',(193.552929434414,-136.056278382276,25.3302749931664));
#2829=CARTESIAN_POINT('Ctrl Pts',(194.712308713724,-135.680765887112,24.3395723121802));
#2830=CARTESIAN_POINT('Ctrl Pts',(195.690916530261,-134.668728985809,22.5633537012682));
#2831=CARTESIAN_POINT('Ctrl Pts',(195.060668338535,-132.547475220381,20.6468237829795));
#2832=CARTESIAN_POINT('Ctrl Pts',(193.745314314962,-131.223275713571,19.929088541616));
#2833=CARTESIAN_POINT('Ctrl Pts',(192.819978428602,-130.618051705344,19.6717758631752));
#2834=CARTESIAN_POINT('Ctrl Pts',(191.666104858756,-135.685744910226,24.3527083106141));
#2835=CARTESIAN_POINT('Ctrl Pts',(192.484335296252,-135.300999222189,23.6550303148413));
#2836=CARTESIAN_POINT('Ctrl Pts',(193.150180204528,-134.466668292353,22.4725360425573));
#2837=CARTESIAN_POINT('Ctrl Pts',(192.721938649693,-133.043211938054,21.0675439386254));
#2838=CARTESIAN_POINT('Ctrl Pts',(191.804901008533,-132.142196537109,20.4061962858188));
#2839=CARTESIAN_POINT('Ctrl Pts',(191.146153036464,-131.715455742902,20.1383402565194));
#2840=CARTESIAN_POINT('Ctrl Pts',(189.785256107524,-136.009270466645,23.1156088042054));
#2841=CARTESIAN_POINT('Ctrl Pts',(190.265662963987,-135.700003934506,22.5944443851555));
#2842=CARTESIAN_POINT('Ctrl Pts',(190.625013126266,-135.069564088642,21.7488171375313));
#2843=CARTESIAN_POINT('Ctrl Pts',(190.394637613659,-134.056512225895,20.7244770681687));
#2844=CARTESIAN_POINT('Ctrl Pts',(189.870855441905,-133.3942849011,20.2042355376681));
#2845=CARTESIAN_POINT('Ctrl Pts',(189.476704132484,-133.072366366181,19.9865514895822));
#2846=CARTESIAN_POINT('Ctrl Pts',(188.298993228422,-136.960010079639,21.8745787906518));
#2847=CARTESIAN_POINT('Ctrl Pts',(188.571788352965,-136.785507214239,21.4141934271347));
#2848=CARTESIAN_POINT('Ctrl Pts',(188.80204901568,-136.315207713046,20.5887741902991));
#2849=CARTESIAN_POINT('Ctrl Pts',(188.653755323509,-135.329448610288,19.698151463565));
#2850=CARTESIAN_POINT('Ctrl Pts',(188.344260259139,-134.714085310065,19.3646156749314));
#2851=CARTESIAN_POINT('Ctrl Pts',(188.126534168231,-134.4328341533,19.2450409596559));
#2852=CARTESIAN_POINT('',(188.126534168232,-134.432834153299,19.2450409596565));
#2853=CARTESIAN_POINT('Origin',(192.819978428602,-134.432834153312,10.699043008873));
#2854=CARTESIAN_POINT('Ctrl Pts',(188.298993228422,-136.960010079639,21.8745787906518));
#2855=CARTESIAN_POINT('Ctrl Pts',(188.571788352965,-136.785507214239,21.4141934271347));
#2856=CARTESIAN_POINT('Ctrl Pts',(188.80204901568,-136.315207713046,20.5887741902991));
#2857=CARTESIAN_POINT('Ctrl Pts',(188.653755323509,-135.329448610288,19.698151463565));
#2858=CARTESIAN_POINT('Ctrl Pts',(188.344260259139,-134.714085310065,19.3646156749314));
#2859=CARTESIAN_POINT('Ctrl Pts',(188.126534168231,-134.4328341533,19.2450409596559));
#2860=CARTESIAN_POINT('Ctrl Pts',(192.819978428602,-130.618051705344,19.6717758631752));
#2861=CARTESIAN_POINT('Ctrl Pts',(192.669012641276,-130.519311215261,19.6297960678789));
#2862=CARTESIAN_POINT('Ctrl Pts',(192.517264951032,-130.420387641446,19.5896151260891));
#2863=CARTESIAN_POINT('Ctrl Pts',(192.364923108074,-130.321367451181,19.5512117889806));
#2864=CARTESIAN_POINT('Ctrl Pts',(191.146153036464,-131.715455742906,20.138340256521));
#2865=CARTESIAN_POINT('Ctrl Pts',(191.04242126913,-131.59843106126,20.0741631971253));
#2866=CARTESIAN_POINT('Ctrl Pts',(190.937038356321,-131.479654680621,20.013531206824));
#2867=CARTESIAN_POINT('Ctrl Pts',(190.830897766499,-131.360106463131,19.9540694722166));
#2868=CARTESIAN_POINT('Ctrl Pts',(189.476704132484,-133.072366366189,19.9865514895838));
#2869=CARTESIAN_POINT('Ctrl Pts',(189.419549840089,-132.916615913163,19.9308698417525));
#2870=CARTESIAN_POINT('Ctrl Pts',(189.360196581938,-132.759677304455,19.8782776235806));
#2871=CARTESIAN_POINT('Ctrl Pts',(189.299785700082,-132.602312822764,19.8264500455187));
#2872=CARTESIAN_POINT('Ctrl Pts',(188.126534168231,-134.432834153312,19.2450409596559));
#2873=CARTESIAN_POINT('Ctrl Pts',(188.091012806507,-134.237821685398,19.2255327018418));
#2874=CARTESIAN_POINT('Ctrl Pts',(188.055307467626,-134.042447627113,19.2068603818335));
#2875=CARTESIAN_POINT('Ctrl Pts',(188.019462328107,-133.846882751341,19.1890141251773));
#2876=CARTESIAN_POINT('Ctrl Pts',(188.126534168231,-134.432834153312,19.2450409596559));
#2877=CARTESIAN_POINT('Ctrl Pts',(188.091012806507,-134.237821685398,19.2255327018418));
#2878=CARTESIAN_POINT('Ctrl Pts',(188.055307467626,-134.042447627113,19.2068603818335));
#2879=CARTESIAN_POINT('Ctrl Pts',(188.019462328107,-133.846882751341,19.1890141251773));
#2880=CARTESIAN_POINT('Ctrl Pts',(192.364923108075,-123.089541194443,19.5512117889807));
#2881=CARTESIAN_POINT('Ctrl Pts',(192.517264951028,-122.990521004182,19.5896151260881));
#2882=CARTESIAN_POINT('Ctrl Pts',(192.669012641268,-122.891597430369,19.6297960678769));
#2883=CARTESIAN_POINT('Ctrl Pts',(192.819978428591,-122.792856940289,19.6717758631719));
#2884=CARTESIAN_POINT('Ctrl Pts',(190.830897766499,-122.050802182494,19.9540694722168));
#2885=CARTESIAN_POINT('Ctrl Pts',(190.937038356318,-121.931253965007,20.0135312068225));
#2886=CARTESIAN_POINT('Ctrl Pts',(191.042421269125,-121.812477584371,20.0741631971222));
#2887=CARTESIAN_POINT('Ctrl Pts',(191.146153036456,-121.695452902728,20.138340256516));
#2888=CARTESIAN_POINT('Ctrl Pts',(189.299785700082,-120.80859582286,19.8264500455189));
#2889=CARTESIAN_POINT('Ctrl Pts',(189.360196581936,-120.651231341174,19.8782776235793));
#2890=CARTESIAN_POINT('Ctrl Pts',(189.419549840086,-120.49429273247,19.9308698417498));
#2891=CARTESIAN_POINT('Ctrl Pts',(189.476704132479,-120.338542279448,19.9865514895795));
#2892=CARTESIAN_POINT('Ctrl Pts',(188.019462328107,-119.564025894284,19.1890141251773));
#2893=CARTESIAN_POINT('Ctrl Pts',(188.055307467625,-119.368461018517,19.206860381833));
#2894=CARTESIAN_POINT('Ctrl Pts',(188.091012806505,-119.173086960237,19.2255327018408));
#2895=CARTESIAN_POINT('Ctrl Pts',(188.126534168228,-118.978074492328,19.2450409596544));
#2896=CARTESIAN_POINT('',(188.126534168228,-118.978074492328,19.2450409596544));
#2897=CARTESIAN_POINT('Origin',(192.819978428591,-118.978074492328,10.6990430088665));
#2898=CARTESIAN_POINT('Ctrl Pts',(188.019462328107,-119.564025894284,19.1890141251773));
#2899=CARTESIAN_POINT('Ctrl Pts',(188.055307467625,-119.368461018517,19.206860381833));
#2900=CARTESIAN_POINT('Ctrl Pts',(188.091012806505,-119.173086960237,19.2255327018408));
#2901=CARTESIAN_POINT('Ctrl Pts',(188.126534168228,-118.978074492328,19.2450409596544));
#2902=CARTESIAN_POINT('Ctrl Pts',(192.81997842859,-122.792856940289,19.6717758631718));
#2903=CARTESIAN_POINT('Ctrl Pts',(194.207982258135,-121.885020927948,20.0577448808322));
#2904=CARTESIAN_POINT('Ctrl Pts',(195.526098765778,-120.174447443018,21.0914728536893));
#2905=CARTESIAN_POINT('Ctrl Pts',(195.358856900058,-118.306610013735,23.2761986575624));
#2906=CARTESIAN_POINT('Ctrl Pts',(194.325848953955,-117.604971926792,24.6698065391747));
#2907=CARTESIAN_POINT('Ctrl Pts',(193.552929434414,-117.354630263349,25.3302749931665));
#2908=CARTESIAN_POINT('Ctrl Pts',(191.146153036455,-121.695452902728,20.1383402565159));
#2909=CARTESIAN_POINT('Ctrl Pts',(192.134274994563,-121.055341711417,20.5401243004646));
#2910=CARTESIAN_POINT('Ctrl Pts',(193.038451597741,-119.922634731434,21.4333258665463));
#2911=CARTESIAN_POINT('Ctrl Pts',(192.925409182787,-118.604361319081,22.938121798162));
#2912=CARTESIAN_POINT('Ctrl Pts',(192.211591817087,-117.981660860757,23.887589646765));
#2913=CARTESIAN_POINT('Ctrl Pts',(191.666104858756,-117.725163735399,24.3527083106141));
#2914=CARTESIAN_POINT('Ctrl Pts',(189.476704132479,-120.338542279448,19.9865514895794));
#2915=CARTESIAN_POINT('Ctrl Pts',(190.067931096613,-119.855664477069,20.313077561708));
#2916=CARTESIAN_POINT('Ctrl Pts',(190.565166854451,-119.039034339624,21.0007447264644));
#2917=CARTESIAN_POINT('Ctrl Pts',(190.505234349984,-118.090148739511,22.0769878055675));
#2918=CARTESIAN_POINT('Ctrl Pts',(190.105527345167,-117.607815867073,22.7681658581717));
#2919=CARTESIAN_POINT('Ctrl Pts',(189.785256107524,-117.401638178979,23.1156088042054));
#2920=CARTESIAN_POINT('Ctrl Pts',(188.126534168228,-118.978074492328,19.2450409596543));
#2921=CARTESIAN_POINT('Ctrl Pts',(188.453123304592,-118.556197757182,19.4244030325671));
#2922=CARTESIAN_POINT('Ctrl Pts',(188.763268365213,-117.761284196538,19.9047825023066));
#2923=CARTESIAN_POINT('Ctrl Pts',(188.723917337985,-116.893289155871,20.9200374346947));
#2924=CARTESIAN_POINT('Ctrl Pts',(188.480856644784,-116.567233809586,21.5676552149733));
#2925=CARTESIAN_POINT('Ctrl Pts',(188.298993228422,-116.450898565986,21.8745787906518));
#2926=CARTESIAN_POINT('Ctrl Pts',(188.126534168228,-118.978074492328,19.2450409596543));
#2927=CARTESIAN_POINT('Ctrl Pts',(188.453123304592,-118.556197757182,19.4244030325671));
#2928=CARTESIAN_POINT('Ctrl Pts',(188.639210340965,-118.079249620795,19.7126307144108));
#2929=CARTESIAN_POINT('Ctrl Pts',(188.703526319941,-117.665271641498,20.0889873411909));
#2930=CARTESIAN_POINT('Ctrl Pts',(188.746403639258,-117.389286321966,20.3398917590443));
#2931=CARTESIAN_POINT('Ctrl Pts',(188.735160488622,-117.141287738919,20.6299645968695));
#2932=CARTESIAN_POINT('Ctrl Pts',(188.668773740003,-116.935774610823,20.9369054608517));
#2933=CARTESIAN_POINT('Ctrl Pts',(188.602386991386,-116.730261482731,21.2438463248304));
#2934=CARTESIAN_POINT('Ctrl Pts',(188.480856644787,-116.567233809589,21.5676552149658));
#2935=CARTESIAN_POINT('Ctrl Pts',(188.298993228428,-116.45089856599,21.8745787906412));
#2936=CARTESIAN_POINT('Ctrl Pts',(192.819978428601,-122.792856940281,38.0773817181542));
#2937=CARTESIAN_POINT('Ctrl Pts',(192.669012641275,-122.891597430364,38.1193615134503));
#2938=CARTESIAN_POINT('Ctrl Pts',(192.517264951031,-122.990521004179,38.15954245524));
#2939=CARTESIAN_POINT('Ctrl Pts',(192.364923108074,-123.089541194443,38.1979457923483));
#2940=CARTESIAN_POINT('Ctrl Pts',(191.146153036463,-121.695452902719,37.6108173248083));
#2941=CARTESIAN_POINT('Ctrl Pts',(191.04242126913,-121.812477584364,37.6749943842038));
#2942=CARTESIAN_POINT('Ctrl Pts',(190.93703835632,-121.931253965003,37.7356263745049));
#2943=CARTESIAN_POINT('Ctrl Pts',(190.830897766499,-122.050802182493,37.7950881091121));
#2944=CARTESIAN_POINT('Ctrl Pts',(189.476704132483,-120.338542279436,37.7626060917453));
#2945=CARTESIAN_POINT('Ctrl Pts',(189.419549840089,-120.494292732462,37.8182877395764));
#2946=CARTESIAN_POINT('Ctrl Pts',(189.360196581938,-120.651231341169,37.8708799577481));
#2947=CARTESIAN_POINT('Ctrl Pts',(189.299785700081,-120.808595822859,37.9227075358099));
#2948=CARTESIAN_POINT('Ctrl Pts',(188.126534168231,-118.978074492313,38.5041166216728));
#2949=CARTESIAN_POINT('Ctrl Pts',(188.091012806507,-119.173086960226,38.5236248794869));
#2950=CARTESIAN_POINT('Ctrl Pts',(188.055307467626,-119.36846101851,38.542297199495));
#2951=CARTESIAN_POINT('Ctrl Pts',(188.019462328107,-119.564025894282,38.5601434561513));
#2952=CARTESIAN_POINT('Ctrl Pts',(188.126534168231,-118.978074492313,38.5041166216728));
#2953=CARTESIAN_POINT('Ctrl Pts',(188.091012806507,-119.173086960226,38.5236248794869));
#2954=CARTESIAN_POINT('Ctrl Pts',(188.055307467626,-119.36846101851,38.542297199495));
#2955=CARTESIAN_POINT('Ctrl Pts',(188.019462328107,-119.564025894282,38.5601434561513));
#2956=CARTESIAN_POINT('Ctrl Pts',(188.563689053688,-119.564025894268,19.5377557362987));
#2957=CARTESIAN_POINT('Ctrl Pts',(188.388495243841,-120.273211728373,19.3967135470384));
#2958=CARTESIAN_POINT('Ctrl Pts',(188.381270361746,-121.629655834481,19.1904923496091));
#2959=CARTESIAN_POINT('Ctrl Pts',(188.865608234965,-124.084808668843,18.9448874448989));
#2960=CARTESIAN_POINT('Ctrl Pts',(189.354252012418,-125.659934763853,18.8748313065119));
#2961=CARTESIAN_POINT('Ctrl Pts',(189.679940847149,-126.697634475225,18.8745796164454));
#2962=CARTESIAN_POINT('Ctrl Pts',(189.681169403963,-126.701544238802,18.8745787906647));
#2963=CARTESIAN_POINT('Ctrl Pts',(189.682397472732,-126.705454322812,18.8745787906647));
#2964=CARTESIAN_POINT('Ctrl Pts',(188.03570648183,-119.564025894268,19.1126960958295));
#2965=CARTESIAN_POINT('Ctrl Pts',(187.886652126918,-120.366669251259,19.0589840066098));
#2966=CARTESIAN_POINT('Ctrl Pts',(187.978354174708,-121.792613543269,18.9834672411994));
#2967=CARTESIAN_POINT('Ctrl Pts',(188.655899301568,-124.218856064558,18.898596339536));
#2968=CARTESIAN_POINT('Ctrl Pts',(189.271094879478,-125.714309404259,18.8748157800195));
#2969=CARTESIAN_POINT('Ctrl Pts',(189.679319608471,-126.698041336217,18.874578666775));
#2970=CARTESIAN_POINT('Ctrl Pts',(189.680858678402,-126.701747656304,18.8745787906647));
#2971=CARTESIAN_POINT('Ctrl Pts',(189.682397472732,-126.705454322812,18.8745787906647));
#2972=CARTESIAN_POINT('Ctrl Pts',(187.36021846248,-119.564025894268,18.8745787906661));
#2973=CARTESIAN_POINT('Ctrl Pts',(187.284958041886,-120.48643265307,18.8753553674081));
#2974=CARTESIAN_POINT('Ctrl Pts',(187.535546454869,-121.974279621072,18.8752678580799));
#2975=CARTESIAN_POINT('Ctrl Pts',(188.445313020747,-124.355018565546,18.8754368070988));
#2976=CARTESIAN_POINT('Ctrl Pts',(189.187950906982,-125.768662002046,18.8747259010386));
#2977=CARTESIAN_POINT('Ctrl Pts',(189.678698333739,-126.698448256658,18.8745784064831));
#2978=CARTESIAN_POINT('Ctrl Pts',(189.68054795284,-126.701951073806,18.8745787906647));
#2979=CARTESIAN_POINT('Ctrl Pts',(189.682397472732,-126.705454322812,18.8745787906647));
#2980=CARTESIAN_POINT('Ctrl Pts',(186.682397472732,-119.564025894268,18.874578790666));
#2981=CARTESIAN_POINT('Ctrl Pts',(186.682397472732,-120.606669583407,18.874578790666));
#2982=CARTESIAN_POINT('Ctrl Pts',(187.092701188167,-122.156054544252,18.8745787906516));
#2983=CARTESIAN_POINT('Ctrl Pts',(188.234901684844,-124.491202584057,18.8745787906568));
#2984=CARTESIAN_POINT('Ctrl Pts',(189.104831628878,-125.823017612,18.8745787906275));
#2985=CARTESIAN_POINT('Ctrl Pts',(189.678076994522,-126.698855169265,18.8745787906662));
#2986=CARTESIAN_POINT('Ctrl Pts',(189.680237227279,-126.702154491308,18.8745787906647));
#2987=CARTESIAN_POINT('Ctrl Pts',(189.682397472732,-126.705454322812,18.8745787906647));
#2988=CARTESIAN_POINT('',(186.682397472732,-119.564025894268,18.874578790666));
#2989=CARTESIAN_POINT('Ctrl Pts',(189.682397472732,-126.705454322812,18.8745787906647));
#2990=CARTESIAN_POINT('Ctrl Pts',(189.680237227279,-126.702154491308,18.8745787906647));
#2991=CARTESIAN_POINT('Ctrl Pts',(189.678076994522,-126.698855169265,18.8745787906662));
#2992=CARTESIAN_POINT('Ctrl Pts',(189.104831628878,-125.823017612,18.8745787906275));
#2993=CARTESIAN_POINT('Ctrl Pts',(188.234901684844,-124.491202584057,18.8745787906568));
#2994=CARTESIAN_POINT('Ctrl Pts',(187.092701188167,-122.156054544252,18.8745787906516));
#2995=CARTESIAN_POINT('Ctrl Pts',(186.682397472732,-120.606669583407,18.874578790666));
#2996=CARTESIAN_POINT('Ctrl Pts',(186.682397472732,-119.564025894268,18.874578790666));
#2997=CARTESIAN_POINT('Origin',(186.682397472732,-119.564025894268,21.874578790666));
#2998=CARTESIAN_POINT('Ctrl Pts',(189.682397472732,-126.705454322812,18.8745787906647));
#2999=CARTESIAN_POINT('Ctrl Pts',(189.681169403961,-126.709364406821,18.8745787906647));
#3000=CARTESIAN_POINT('Ctrl Pts',(189.679940825527,-126.713274124,18.8745798333622));
#3001=CARTESIAN_POINT('Ctrl Pts',(189.354261194804,-127.750993091817,18.8747488060419));
#3002=CARTESIAN_POINT('Ctrl Pts',(188.865857296244,-129.326322004634,18.9449313657841));
#3003=CARTESIAN_POINT('Ctrl Pts',(188.380434814466,-131.780744850247,19.1904274661685));
#3004=CARTESIAN_POINT('Ctrl Pts',(188.388495240092,-133.137696916552,19.3967135445082));
#3005=CARTESIAN_POINT('Ctrl Pts',(188.563689049741,-133.846882751357,19.5377557331211));
#3006=CARTESIAN_POINT('Ctrl Pts',(189.682397472732,-126.705454322812,18.8745787906647));
#3007=CARTESIAN_POINT('Ctrl Pts',(189.680865165892,-126.709154982018,18.8745853120845));
#3008=CARTESIAN_POINT('Ctrl Pts',(189.679312703245,-126.712873666873,18.8745722122873));
#3009=CARTESIAN_POINT('Ctrl Pts',(189.271803650005,-127.695861465657,18.8755844788306));
#3010=CARTESIAN_POINT('Ctrl Pts',(188.656914120928,-129.191851429994,18.8979488777949));
#3011=CARTESIAN_POINT('Ctrl Pts',(187.978444243368,-131.617146598322,18.98319087916));
#3012=CARTESIAN_POINT('Ctrl Pts',(187.88848269478,-133.042796847339,19.058685834736));
#3013=CARTESIAN_POINT('Ctrl Pts',(188.03570647848,-133.846882751357,19.1126960946029));
#3014=CARTESIAN_POINT('Ctrl Pts',(189.682397472732,-126.705454322812,18.8745787906647));
#3015=CARTESIAN_POINT('Ctrl Pts',(189.680535671759,-126.708957909954,18.8745787906647));
#3016=CARTESIAN_POINT('Ctrl Pts',(189.678710937079,-126.712460038372,18.8745787906662));
#3017=CARTESIAN_POINT('Ctrl Pts',(189.18683767492,-127.642223895853,18.8745787906305));
#3018=CARTESIAN_POINT('Ctrl Pts',(188.444405771163,-129.056297763047,18.8745787906567));
#3019=CARTESIAN_POINT('Ctrl Pts',(187.534643333987,-131.43590782241,18.8745787906532));
#3020=CARTESIAN_POINT('Ctrl Pts',(187.281911300327,-132.924800672029,18.8745787906661));
#3021=CARTESIAN_POINT('Ctrl Pts',(187.360218460791,-133.846882751357,18.8745787906661));
#3022=CARTESIAN_POINT('Ctrl Pts',(189.682397472732,-126.705454322812,18.8745787906647));
#3023=CARTESIAN_POINT('Ctrl Pts',(189.680237227279,-126.708754154317,18.8745787906647));
#3024=CARTESIAN_POINT('Ctrl Pts',(189.678076956954,-126.712053430783,18.8745787906662));
#3025=CARTESIAN_POINT('Ctrl Pts',(189.104845385595,-127.58791026918,18.8745787906305));
#3026=CARTESIAN_POINT('Ctrl Pts',(188.234784458863,-128.91997348039,18.8745787906567));
#3027=CARTESIAN_POINT('Ctrl Pts',(187.092835253678,-131.254033278657,18.8745787906532));
#3028=CARTESIAN_POINT('Ctrl Pts',(186.682397472732,-132.804239062218,18.8745787906661));
#3029=CARTESIAN_POINT('Ctrl Pts',(186.682397472732,-133.846882751357,18.8745787906661));
#3030=CARTESIAN_POINT('',(186.682397472732,-133.846882751357,18.874578790666));
#3031=CARTESIAN_POINT('Origin',(186.682397472732,-133.846882751357,21.874578790666));
#3032=CARTESIAN_POINT('Ctrl Pts',(186.682397472732,-133.846882751357,18.8745787906661));
#3033=CARTESIAN_POINT('Ctrl Pts',(186.682397472732,-132.804239062218,18.8745787906661));
#3034=CARTESIAN_POINT('Ctrl Pts',(187.092835253678,-131.254033278657,18.8745787906532));
#3035=CARTESIAN_POINT('Ctrl Pts',(188.234784458863,-128.91997348039,18.8745787906567));
#3036=CARTESIAN_POINT('Ctrl Pts',(189.104845385595,-127.58791026918,18.8745787906305));
#3037=CARTESIAN_POINT('Ctrl Pts',(189.678076956954,-126.712053430783,18.8745787906662));
#3038=CARTESIAN_POINT('Ctrl Pts',(189.680237227279,-126.708754154317,18.8745787906647));
#3039=CARTESIAN_POINT('Ctrl Pts',(189.682397472732,-126.705454322812,18.8745787906647));
#3040=CARTESIAN_POINT('Origin',(186.682397472732,-143.276704322812,21.874578790666));
#3041=CARTESIAN_POINT('',(186.682397472732,-134.432834153297,18.874578790666));
#3042=CARTESIAN_POINT('Origin',(186.682397472732,-134.432834153297,21.874578790666));
#3043=CARTESIAN_POINT('Origin',(186.682397472732,-134.432834153297,21.874578790666));
#3044=CARTESIAN_POINT('',(186.682397472732,-141.616644238055,18.874578790666));
#3045=CARTESIAN_POINT('Origin',(186.682397472732,-134.432834153297,21.8745787906661));
#3046=CARTESIAN_POINT('Origin',(186.682397472732,-134.432834153297,21.8745787906661));
#3047=CARTESIAN_POINT('Origin',(186.682397472732,-134.432834153297,21.8745787906661));
#3048=CARTESIAN_POINT('Origin',(186.682397472732,-134.432834153297,23.8745787906654));
#3049=CARTESIAN_POINT('Origin',(186.682397472732,-134.432834153297,35.8745787906625));
#3050=CARTESIAN_POINT('Origin',(186.682397472732,-134.432834153297,35.8745787906625));
#3051=CARTESIAN_POINT('',(186.682397472732,-134.432834153297,38.8745787906625));
#3052=CARTESIAN_POINT('Origin',(186.682397472732,-134.432834153297,35.8745787906625));
#3053=CARTESIAN_POINT('Origin',(186.682397472732,-134.432834153297,35.8745787906625));
#3054=CARTESIAN_POINT('Origin',(186.682397472732,-143.276704322812,35.8745787906625));
#3055=CARTESIAN_POINT('',(186.682397472732,-133.846882751357,38.8745787906625));
#3056=CARTESIAN_POINT('Origin',(186.682397472732,-133.846882751357,35.8745787906625));
#3057=CARTESIAN_POINT('',(186.682397472732,-143.276704322812,38.8745787906625));
#3058=CARTESIAN_POINT('Ctrl Pts',(188.563692706676,-133.846882751357,38.2113989041372));
#3059=CARTESIAN_POINT('Ctrl Pts',(188.388498713265,-133.137697564729,38.3524416925482));
#3060=CARTESIAN_POINT('Ctrl Pts',(188.381281912657,-131.781263581021,38.5586618740195));
#3061=CARTESIAN_POINT('Ctrl Pts',(188.865616188855,-129.326107993769,38.8042679350208));
#3062=CARTESIAN_POINT('Ctrl Pts',(189.354254311487,-127.750976191455,38.874325764464));
#3063=CARTESIAN_POINT('Ctrl Pts',(189.679940847304,-126.713274167684,38.8745779662112));
#3064=CARTESIAN_POINT('Ctrl Pts',(189.681169406521,-126.709364407782,38.8745787906647));
#3065=CARTESIAN_POINT('Ctrl Pts',(189.682397472732,-126.705454322812,38.8745787906647));
#3066=CARTESIAN_POINT('Ctrl Pts',(188.035709581622,-133.846882751357,38.6364603502621));
#3067=CARTESIAN_POINT('Ctrl Pts',(187.886654891038,-133.044239945234,38.6901726998532));
#3068=CARTESIAN_POINT('Ctrl Pts',(187.978361722233,-131.618307879514,38.7656868341235));
#3069=CARTESIAN_POINT('Ctrl Pts',(188.655904209968,-129.192062091972,38.8505584532053));
#3070=CARTESIAN_POINT('Ctrl Pts',(189.271096315592,-127.696601911225,38.8743411406443));
#3071=CARTESIAN_POINT('Ctrl Pts',(189.67931960904,-126.712867304509,38.8745789162788));
#3072=CARTESIAN_POINT('Ctrl Pts',(189.680858680347,-126.709160989943,38.8745787906647));
#3073=CARTESIAN_POINT('Ctrl Pts',(189.682397472732,-126.705454322812,38.8745787906647));
#3074=CARTESIAN_POINT('Ctrl Pts',(187.360220025709,-133.846882751357,38.8745787906625));
#3075=CARTESIAN_POINT('Ctrl Pts',(187.284959428912,-132.924476270688,38.8738022070214));
#3076=CARTESIAN_POINT('Ctrl Pts',(187.535548361353,-131.436641992959,38.8738873587481));
#3077=CARTESIAN_POINT('Ctrl Pts',(188.445314013381,-129.055899668896,38.873718667911));
#3078=CARTESIAN_POINT('Ctrl Pts',(189.187951219268,-127.642249290884,38.8744311786907));
#3079=CARTESIAN_POINT('Ctrl Pts',(189.678698335405,-126.712460382884,38.8745791761569));
#3080=CARTESIAN_POINT('Ctrl Pts',(189.680547954172,-126.708957572105,38.8745787906647));
#3081=CARTESIAN_POINT('Ctrl Pts',(189.682397472732,-126.705454322812,38.8745787906647));
#3082=CARTESIAN_POINT('Ctrl Pts',(186.682397472732,-133.846882751357,38.8745787906625));
#3083=CARTESIAN_POINT('Ctrl Pts',(186.682397472732,-132.804239062197,38.8745787906625));
#3084=CARTESIAN_POINT('Ctrl Pts',(187.092697915274,-131.25486711844,38.8745787906845));
#3085=CARTESIAN_POINT('Ctrl Pts',(188.234899157785,-128.919715646359,38.8745787906767));
#3086=CARTESIAN_POINT('Ctrl Pts',(189.104830912482,-127.587893635179,38.8745787907211));
#3087=CARTESIAN_POINT('Ctrl Pts',(189.678076997036,-126.712053469155,38.8745787906623));
#3088=CARTESIAN_POINT('Ctrl Pts',(189.680237227998,-126.708754154266,38.8745787906647));
#3089=CARTESIAN_POINT('Ctrl Pts',(189.682397472732,-126.705454322812,38.8745787906647));
#3090=CARTESIAN_POINT('Ctrl Pts',(189.682397472732,-126.705454322812,38.8745787906647));
#3091=CARTESIAN_POINT('Ctrl Pts',(189.680237227998,-126.708754154266,38.8745787906647));
#3092=CARTESIAN_POINT('Ctrl Pts',(189.678076997036,-126.712053469155,38.8745787906623));
#3093=CARTESIAN_POINT('Ctrl Pts',(189.104830912482,-127.587893635179,38.8745787907211));
#3094=CARTESIAN_POINT('Ctrl Pts',(188.234899157785,-128.919715646359,38.8745787906767));
#3095=CARTESIAN_POINT('Ctrl Pts',(187.092697915274,-131.25486711844,38.8745787906845));
#3096=CARTESIAN_POINT('Ctrl Pts',(186.682397472732,-132.804239062197,38.8745787906625));
#3097=CARTESIAN_POINT('Ctrl Pts',(186.682397472732,-133.846882751357,38.8745787906625));
#3098=CARTESIAN_POINT('Origin',(196.206990531441,-131.817844006634,21.8745787906663));
#3099=CARTESIAN_POINT('Origin',(134.351135149869,-148.800454322812,21.8745787906646));
#3100=CARTESIAN_POINT('Origin',(165.139016483714,-140.347599084968,35.8745787906625));
#3101=CARTESIAN_POINT('',(134.351135149869,-148.800454322812,38.8745787906625));
#3102=CARTESIAN_POINT('',(165.139016483714,-140.347599084968,38.8745787906625));
#3103=CARTESIAN_POINT('Origin',(134.351135149869,-148.800454322812,35.8745787906625));
#3104=CARTESIAN_POINT('Origin',(186.682397472732,-132.229204322812,35.8745787906625));
#3105=CARTESIAN_POINT('',(186.682397472732,-119.564025894267,38.8745787906625));
#3106=CARTESIAN_POINT('',(186.682397472732,-132.229204322812,38.8745787906625));
#3107=CARTESIAN_POINT('Origin',(186.682397472732,-119.564025894267,35.8745787906625));
#3108=CARTESIAN_POINT('Origin',(186.682397472732,-118.978074492328,21.874578790666));
#3109=CARTESIAN_POINT('',(186.682397472732,-118.978074492328,18.874578790666));
#3110=CARTESIAN_POINT('Origin',(186.682397472732,-118.978074492328,21.874578790666));
#3111=CARTESIAN_POINT('',(187.476660260369,-116.085126752708,21.8745787906661));
#3112=CARTESIAN_POINT('Origin',(186.682397472732,-118.978074492328,21.874578790666));
#3113=CARTESIAN_POINT('Origin',(186.682397472732,-118.978074492328,21.874578790666));
#3114=CARTESIAN_POINT('Origin',(186.682397472732,-132.229204322812,21.874578790666));
#3115=CARTESIAN_POINT('',(186.682397472732,-141.616644238055,18.874578790666));
#3116=CARTESIAN_POINT('Origin',(186.682397472732,-118.978074492328,21.874578790666));
#3117=CARTESIAN_POINT('Origin',(179.821150476976,-117.094309676642,21.8745787906659));
#3118=CARTESIAN_POINT('',(180.615413264613,-114.201361937021,21.8745787906659));
#3119=CARTESIAN_POINT('Origin',(186.682397472732,-118.978074492328,23.8745787906647));
#3120=CARTESIAN_POINT('',(187.476660260369,-116.085126752708,23.8745787906647));
#3121=CARTESIAN_POINT('Ctrl Pts',(189.682397472732,-126.705454322812,38.8745787906647));
#3122=CARTESIAN_POINT('Ctrl Pts',(189.681169406521,-126.701544237843,38.8745787906647));
#3123=CARTESIAN_POINT('Ctrl Pts',(189.679940824881,-126.697634525668,38.8745777495724));
#3124=CARTESIAN_POINT('Ctrl Pts',(189.354263802362,-125.659912739877,38.8744081589205));
#3125=CARTESIAN_POINT('Ctrl Pts',(188.865863834746,-124.084579764217,38.804224330599));
#3126=CARTESIAN_POINT('Ctrl Pts',(188.380442967672,-121.63015614256,38.5587273960608));
#3127=CARTESIAN_POINT('Ctrl Pts',(188.38849871331,-120.27321108089,38.352441692518));
#3128=CARTESIAN_POINT('Ctrl Pts',(188.563692706724,-119.564025894267,38.2113989040983));
#3129=CARTESIAN_POINT('Ctrl Pts',(189.682397472732,-126.705454322812,38.8745787906647));
#3130=CARTESIAN_POINT('Ctrl Pts',(189.680865167744,-126.701753663081,38.8745722692151));
#3131=CARTESIAN_POINT('Ctrl Pts',(189.679312701223,-126.698034983697,38.8745853706827));
#3132=CARTESIAN_POINT('Ctrl Pts',(189.271806064902,-125.715044497008,38.8735724817433));
#3133=CARTESIAN_POINT('Ctrl Pts',(188.65692018067,-124.219050640693,38.8512070379465));
#3134=CARTESIAN_POINT('Ctrl Pts',(187.97845165014,-121.793754688711,38.7659649131948));
#3135=CARTESIAN_POINT('Ctrl Pts',(187.888485461367,-120.368111254731,38.6904708761209));
#3136=CARTESIAN_POINT('Ctrl Pts',(188.035709581663,-119.564025894267,38.6364603502471));
#3137=CARTESIAN_POINT('Ctrl Pts',(189.682397472732,-126.705454322812,38.8745787906647));
#3138=CARTESIAN_POINT('Ctrl Pts',(189.680535673146,-126.701950735324,38.8745787906647));
#3139=CARTESIAN_POINT('Ctrl Pts',(189.678710941548,-126.698448615102,38.8745787906623));
#3140=CARTESIAN_POINT('Ctrl Pts',(189.186836944215,-125.768681420142,38.8745787907166));
#3141=CARTESIAN_POINT('Ctrl Pts',(188.444404041925,-124.354602729361,38.8745787906768));
#3142=CARTESIAN_POINT('Ctrl Pts',(187.534642059259,-121.974991839352,38.8745787906821));
#3143=CARTESIAN_POINT('Ctrl Pts',(187.281912684471,-120.486107695277,38.8745787906625));
#3144=CARTESIAN_POINT('Ctrl Pts',(187.360220025729,-119.564025894267,38.8745787906625));
#3145=CARTESIAN_POINT('Ctrl Pts',(189.682397472732,-126.705454322812,38.8745787906647));
#3146=CARTESIAN_POINT('Ctrl Pts',(189.680237227998,-126.702154491359,38.8745787906647));
#3147=CARTESIAN_POINT('Ctrl Pts',(189.678076960007,-126.698855223635,38.8745787906623));
#3148=CARTESIAN_POINT('Ctrl Pts',(189.104844465523,-125.822995172203,38.8745787907166));
#3149=CARTESIAN_POINT('Ctrl Pts',(188.234782245855,-124.490927326695,38.8745787906768));
#3150=CARTESIAN_POINT('Ctrl Pts',(187.092832958891,-122.15686680304,38.8745787906821));
#3151=CARTESIAN_POINT('Ctrl Pts',(186.682397472732,-120.606669583428,38.8745787906625));
#3152=CARTESIAN_POINT('Ctrl Pts',(186.682397472732,-119.564025894267,38.8745787906625));
#3153=CARTESIAN_POINT('Ctrl Pts',(186.682397472732,-119.564025894267,38.8745787906625));
#3154=CARTESIAN_POINT('Ctrl Pts',(186.682397472732,-120.606669583428,38.8745787906625));
#3155=CARTESIAN_POINT('Ctrl Pts',(187.092832958891,-122.15686680304,38.8745787906821));
#3156=CARTESIAN_POINT('Ctrl Pts',(188.234782245855,-124.490927326695,38.8745787906768));
#3157=CARTESIAN_POINT('Ctrl Pts',(189.104844465523,-125.822995172203,38.8745787907166));
#3158=CARTESIAN_POINT('Ctrl Pts',(189.678076960007,-126.698855223635,38.8745787906623));
#3159=CARTESIAN_POINT('Ctrl Pts',(189.680237227998,-126.702154491359,38.8745787906647));
#3160=CARTESIAN_POINT('Ctrl Pts',(189.682397472732,-126.705454322812,38.8745787906647));
#3161=CARTESIAN_POINT('Origin',(145.682397472727,-104.610454322812,18.8745787906649));
#3162=CARTESIAN_POINT('Origin',(175.27256741648,-148.800454322812,28.8745787906636));
#3163=CARTESIAN_POINT('',(130.682397472734,-148.800454322812,38.8745787906646));
#3164=CARTESIAN_POINT('',(208.682397472732,-148.800454322812,38.8745787906625));
#3165=CARTESIAN_POINT('Origin',(130.682397472732,-148.800454322812,28.8745787906646));
#3166=CARTESIAN_POINT('Origin',(208.682397472732,-148.800454322812,18.8745787906667));
#3167=CARTESIAN_POINT('Origin',(141.862737360229,-148.800454322812,38.8745787906625));
#3168=CARTESIAN_POINT('',(186.682397472732,-108.860454322812,38.8745787906625));
#3169=CARTESIAN_POINT('',(130.682397472734,-148.800454322812,38.8745787906646));
#3170=CARTESIAN_POINT('Origin',(164.682397472732,-108.860454322812,28.8745787906646));
#3171=CARTESIAN_POINT('Origin',(130.682397472728,-148.800454322812,28.8745787906646));
#3172=CARTESIAN_POINT('',(134.182397472724,-148.800454322812,28.8745787906646));
#3173=CARTESIAN_POINT('Origin',(130.682397472732,-148.800454322812,28.8745787906646));
#3174=UNCERTAINTY_MEASURE_WITH_UNIT(LENGTH_MEASURE(0.01),#3178,
'DISTANCE_ACCURACY_VALUE',
'Maximum model space distance between geometric entities at asserted c
onnectivities');
#3175=UNCERTAINTY_MEASURE_WITH_UNIT(LENGTH_MEASURE(0.01),#3178,
'DISTANCE_ACCURACY_VALUE',
'Maximum model space distance between geometric entities at asserted c
onnectivities');
#3176=(
GEOMETRIC_REPRESENTATION_CONTEXT(3)
GLOBAL_UNCERTAINTY_ASSIGNED_CONTEXT((#3174))
GLOBAL_UNIT_ASSIGNED_CONTEXT((#3178,#3180,#3181))
REPRESENTATION_CONTEXT('','3D')
);
#3177=(
GEOMETRIC_REPRESENTATION_CONTEXT(3)
GLOBAL_UNCERTAINTY_ASSIGNED_CONTEXT((#3175))
GLOBAL_UNIT_ASSIGNED_CONTEXT((#3178,#3180,#3181))
REPRESENTATION_CONTEXT('','3D')
);
#3178=(
LENGTH_UNIT()
NAMED_UNIT(*)
SI_UNIT(.MILLI.,.METRE.)
);
#3179=(
LENGTH_UNIT()
NAMED_UNIT(*)
SI_UNIT(.CENTI.,.METRE.)
);
#3180=(
NAMED_UNIT(*)
PLANE_ANGLE_UNIT()
SI_UNIT($,.RADIAN.)
);
#3181=(
NAMED_UNIT(*)
SI_UNIT($,.STERADIAN.)
SOLID_ANGLE_UNIT()
);
#3182=SHAPE_DEFINITION_REPRESENTATION(#3183,#3184);
#3183=PRODUCT_DEFINITION_SHAPE('',$,#3186);
#3184=SHAPE_REPRESENTATION('',(#1297),#3176);
#3185=PRODUCT_DEFINITION_CONTEXT('part definition',#3190,'design');
#3186=PRODUCT_DEFINITION('body_d_L_Screws','body_d_L_Screws',#3187,#3185);
#3187=PRODUCT_DEFINITION_FORMATION('',$,#3192);
#3188=PRODUCT_RELATED_PRODUCT_CATEGORY('body_d_L_Screws',
'body_d_L_Screws',(#3192));
#3189=APPLICATION_PROTOCOL_DEFINITION('international standard',
'automotive_design',2009,#3190);
#3190=APPLICATION_CONTEXT(
'Core Data for Automotive Mechanical Design Process');
#3191=PRODUCT_CONTEXT('part definition',#3190,'mechanical');
#3192=PRODUCT('body_d_L_Screws','body_d_L_Screws',$,(#3191));
#3193=PRESENTATION_STYLE_ASSIGNMENT((#3199));
#3194=PRESENTATION_STYLE_ASSIGNMENT((#3200));
#3195=PRESENTATION_STYLE_ASSIGNMENT((#3201));
#3196=PRESENTATION_STYLE_ASSIGNMENT((#3202));
#3197=PRESENTATION_STYLE_ASSIGNMENT((#3203));
#3198=PRESENTATION_STYLE_ASSIGNMENT((#3204));
#3199=SURFACE_STYLE_USAGE(.BOTH.,#3217);
#3200=SURFACE_STYLE_USAGE(.BOTH.,#3218);
#3201=SURFACE_STYLE_USAGE(.BOTH.,#3219);
#3202=SURFACE_STYLE_USAGE(.BOTH.,#3220);
#3203=SURFACE_STYLE_USAGE(.BOTH.,#3221);
#3204=SURFACE_STYLE_USAGE(.BOTH.,#3222);
#3205=SURFACE_STYLE_RENDERING_WITH_PROPERTIES($,#3241,(#3211));
#3206=SURFACE_STYLE_RENDERING_WITH_PROPERTIES($,#3242,(#3212));
#3207=SURFACE_STYLE_RENDERING_WITH_PROPERTIES($,#3243,(#3213));
#3208=SURFACE_STYLE_RENDERING_WITH_PROPERTIES($,#3244,(#3214));
#3209=SURFACE_STYLE_RENDERING_WITH_PROPERTIES($,#3245,(#3215));
#3210=SURFACE_STYLE_RENDERING_WITH_PROPERTIES($,#3246,(#3216));
#3211=SURFACE_STYLE_TRANSPARENT(0.);
#3212=SURFACE_STYLE_TRANSPARENT(0.);
#3213=SURFACE_STYLE_TRANSPARENT(0.);
#3214=SURFACE_STYLE_TRANSPARENT(0.);
#3215=SURFACE_STYLE_TRANSPARENT(0.);
#3216=SURFACE_STYLE_TRANSPARENT(0.);
#3217=SURFACE_SIDE_STYLE('',(#3223,#3205));
#3218=SURFACE_SIDE_STYLE('',(#3224,#3206));
#3219=SURFACE_SIDE_STYLE('',(#3225,#3207));
#3220=SURFACE_SIDE_STYLE('',(#3226,#3208));
#3221=SURFACE_SIDE_STYLE('',(#3227,#3209));
#3222=SURFACE_SIDE_STYLE('',(#3228,#3210));
#3223=SURFACE_STYLE_FILL_AREA(#3229);
#3224=SURFACE_STYLE_FILL_AREA(#3230);
#3225=SURFACE_STYLE_FILL_AREA(#3231);
#3226=SURFACE_STYLE_FILL_AREA(#3232);
#3227=SURFACE_STYLE_FILL_AREA(#3233);
#3228=SURFACE_STYLE_FILL_AREA(#3234);
#3229=FILL_AREA_STYLE('',(#3235));
#3230=FILL_AREA_STYLE('',(#3236));
#3231=FILL_AREA_STYLE('',(#3237));
#3232=FILL_AREA_STYLE('',(#3238));
#3233=FILL_AREA_STYLE('',(#3239));
#3234=FILL_AREA_STYLE('',(#3240));
#3235=FILL_AREA_STYLE_COLOUR('',#3241);
#3236=FILL_AREA_STYLE_COLOUR('',#3242);
#3237=FILL_AREA_STYLE_COLOUR('',#3243);
#3238=FILL_AREA_STYLE_COLOUR('',#3244);
#3239=FILL_AREA_STYLE_COLOUR('',#3245);
#3240=FILL_AREA_STYLE_COLOUR('',#3246);
#3241=COLOUR_RGB('',0.749019607843137,0.749019607843137,0.749019607843137);
#3242=COLOUR_RGB('',0.419607843137255,0.419607843137255,0.419607843137255);
#3243=COLOUR_RGB('',0.701960784313725,0.552941176470588,0.00392156862745098);
#3244=COLOUR_RGB('',0.949019607843137,0.949019607843137,1.);
#3245=COLOUR_RGB('',0.996078431372549,0.835294117647059,0.);
#3246=COLOUR_RGB('',0.,0.,0.);
ENDSEC;
END-ISO-10303-21;
